age,diabetes_duration_years,hba1c,loss_of_sensory_perception,peripheral_arterial_disease,foot_deformity,history_of_ulcer,callus_present,dry_cracked_skin,foot_ulcer_risk_category
41,5,12.5,0,0,0,0,0,0,0
57,7,12.0,0,0,1,1,0,0,1
48,38,13.7,0,0,0,1,1,0,1
81,37,6.0,1,0,0,0,0,0,0
40,19,13.2,0,0,0,0,1,0,0
76,32,11.4,1,0,1,0,0,1,0
59,3,7.1,0,0,0,0,0,1,0
37,39,11.6,1,1,0,0,1,1,1
47,35,10.1,0,0,0,1,0,0,0
37,27,8.7,1,1,0,0,0,1,1
65,38,7.7,1,0,0,0,1,0,0
37,8,9.7,0,0,0,0,1,1,0
51,19,7.7,0,0,1,1,0,0,1
73,30,6.2,0,0,0,0,0,0,0
36,10,13.1,0,0,0,1,1,1,1
39,30,10.8,1,0,0,0,1,1,0
43,9,8.8,0,0,1,0,1,1,0
63,22,9.5,1,0,1,0,1,1,1
69,31,13.3,0,0,1,1,0,0,1
74,10,8.4,0,0,1,0,0,1,0
70,36,8.9,0,0,0,1,0,0,1
69,10,12.4,1,0,0,0,1,1,0
64,27,7.3,0,0,0,0,0,0,0
49,15,11.4,0,0,1,0,1,1,0
63,19,9.4,0,0,0,0,0,1,0
59,11,10.0,0,0,0,0,0,1,0
45,32,12.6,0,0,1,1,0,1,1
71,20,14.4,1,0,1,0,0,1,1
38,15,13.0,0,1,0,0,1,1,1
77,4,6.9,0,0,0,0,1,1,0
46,17,7.5,0,1,1,0,0,0,1
66,1,9.2,0,0,0,1,0,1,1
39,19,12.0,1,0,1,0,0,1,1
76,5,10.1,1,1,0,0,1,0,1
76,18,13.6,1,1,1,0,1,1,2
71,17,5.9,1,0,0,1,0,0,1
71,4,7.8,0,0,1,0,0,1,0
59,19,7.5,1,0,0,0,1,0,0
38,31,12.2,0,0,0,0,1,0,0
58,3,9.7,1,1,0,0,1,1,2
70,3,5.6,0,0,0,0,0,0,0
36,29,12.5,0,1,0,1,1,0,1
69,8,8.8,0,0,0,1,0,1,0
70,5,7.8,0,0,0,0,0,1,0
42,31,7.1,0,0,1,0,0,0,0
43,27,14.0,0,0,0,0,1,0,0
62,33,14.0,1,0,1,0,1,0,1
74,18,6.2,1,0,0,0,0,0,1
78,24,7.6,0,1,0,0,1,1,0
44,26,11.3,0,1,0,0,1,1,0
39,31,11.5,1,0,1,0,0,1,1
71,14,9.3,0,0,0,1,1,0,1
81,25,10.6,0,0,1,0,0,1,0
65,32,11.8,1,0,0,0,0,0,0
63,39,14.1,0,0,1,0,1,0,0
37,14,12.0,0,0,1,1,1,1,1
60,27,6.5,1,0,1,1,0,0,2
65,22,12.0,1,1,1,0,1,0,1
36,38,6.1,0,0,0,1,1,0,1
49,7,10.0,1,1,0,0,1,1,1
47,33,10.2,0,0,0,0,0,0,0
62,33,12.5,0,0,0,0,1,1,0
78,24,5.6,0,1,0,1,0,0,2
48,26,13.4,0,0,0,0,0,0,0
46,31,11.5,0,0,1,0,0,1,0
49,27,5.8,0,0,0,0,0,1,0
55,13,6.9,1,1,0,0,0,0,2
63,31,5.9,0,1,0,0,0,1,0
79,32,12.4,0,0,1,0,0,0,0
69,23,7.0,0,1,0,0,0,0,0
81,37,5.9,1,1,0,0,0,0,1
54,16,6.7,0,0,0,0,1,1,0
52,39,10.5,1,0,0,0,0,1,1
72,8,10.0,0,1,0,0,0,0,0
49,18,7.7,0,0,0,0,0,1,0
46,27,14.0,1,0,1,1,1,1,2
68,9,13.2,1,0,1,0,1,0,1
39,28,8.3,0,0,1,0,0,0,0
51,22,9.8,0,1,0,0,1,0,0
47,11,10.2,1,0,0,0,1,0,1
47,22,12.3,0,0,0,0,0,1,0
70,14,9.4,1,0,0,0,1,1,0
50,23,10.4,0,0,1,0,1,1,0
74,2,9.2,0,0,0,0,1,0,0
37,15,12.4,0,0,1,0,1,0,0
36,5,10.5,0,0,0,0,0,1,0
59,29,13.0,1,0,0,0,1,1,0
37,33,6.0,1,0,1,0,0,1,1
45,30,13.6,0,1,1,0,1,0,0
45,17,12.9,0,0,0,0,0,0,0
44,1,12.9,0,0,0,1,0,1,1
62,14,6.8,1,1,0,0,1,0,1
45,17,7.9,0,0,0,1,0,0,1
41,9,14.3,0,0,0,0,1,1,0
63,35,14.1,0,0,0,0,0,0,0
35,31,7.5,0,0,0,0,1,0,0
49,12,9.4,1,0,0,1,0,0,0
41,2,6.9,0,0,0,0,1,1,0
38,15,7.9,0,1,0,0,1,0,1
37,34,7.2,0,1,0,0,1,1,1
54,37,6.2,0,0,0,0,0,0,0
37,30,10.7,0,0,0,0,0,1,0
63,14,7.7,0,0,0,0,0,1,0
54,4,14.4,1,0,0,0,1,1,1
44,8,10.1,1,0,0,0,1,1,0
69,23,8.7,1,0,0,0,0,0,1
60,7,13.7,1,1,0,0,0,0,2
64,17,11.1,0,1,1,0,0,1,1
60,22,6.6,0,0,1,0,1,1,0
71,38,10.0,1,0,1,0,0,1,1
54,26,9.5,0,0,1,0,0,0,0
76,8,12.4,1,0,1,0,0,0,1
43,22,11.7,1,0,1,0,1,1,1
45,22,8.8,1,0,1,0,1,0,1
67,5,9.7,1,0,0,0,0,0,0
64,9,10.2,0,0,0,1,0,0,1
64,20,9.3,0,0,0,0,0,0,0
79,22,6.5,0,0,0,0,0,0,0
57,34,13.6,1,0,0,0,1,1,0
70,35,11.6,0,1,0,0,0,1,0
58,36,9.7,0,0,1,0,0,1,0
65,19,10.6,1,0,1,0,1,1,1
57,28,7.4,0,0,1,1,1,1,1
76,7,10.3,0,1,0,0,0,0,0
70,38,12.2,0,0,1,0,0,1,0
74,3,10.3,1,0,1,0,0,1,2
68,32,9.8,1,0,0,0,0,0,0
55,31,9.7,1,1,0,0,1,1,1
60,25,12.4,0,1,0,0,1,1,0
41,33,12.3,1,0,0,0,0,0,1
59,5,12.3,0,0,0,0,0,1,0
37,29,7.7,0,1,0,0,0,1,0
77,31,11.1,0,0,0,0,0,1,0
52,26,12.5,0,0,1,0,1,0,0
40,21,10.6,0,1,0,0,0,1,0
80,34,12.5,1,0,0,0,1,1,1
47,37,13.2,0,1,1,0,0,0,1
36,1,7.1,1,1,0,0,1,1,1
74,4,8.3,1,0,0,0,1,1,0
81,22,10.9,0,0,1,0,0,0,0
47,16,8.1,1,0,0,0,0,1,1
35,32,14.0,1,0,0,0,1,1,1
36,34,7.2,0,0,1,1,0,1,1
38,21,8.7,0,0,0,1,1,0,0
47,27,14.4,1,0,0,0,0,1,0
64,37,7.2,0,0,1,0,1,1,0
78,3,9.5,0,1,1,0,0,0,1
46,34,8.3,0,0,1,1,0,1,1
67,7,12.8,0,0,1,0,0,0,0
72,29,8.2,1,1,0,0,0,0,1
77,3,7.0,1,0,0,0,1,0,0
68,38,13.9,0,1,0,0,1,0,0
37,2,8.4,1,0,1,0,1,1,1
77,12,12.2,0,1,1,0,0,0,1
43,15,8.1,0,1,1,0,1,1,1
41,16,7.1,0,1,0,0,0,1,0
38,3,12.7,1,0,0,0,0,1,1
62,27,6.0,1,0,1,0,0,1,1
76,23,8.5,0,0,0,0,0,1,0
66,33,12.5,0,1,0,1,1,1,1
35,27,10.1,0,0,1,1,1,1,1
47,24,11.7,1,0,1,0,0,0,1
70,38,6.1,1,0,0,0,0,1,0
60,27,12.2,0,0,0,0,0,1,0
47,31,7.0,0,0,0,0,1,1,0
56,15,12.8,0,0,1,0,0,1,0
58,35,10.6,1,0,0,0,1,1,0
45,36,12.2,1,0,0,0,1,1,0
59,24,7.4,1,0,1,0,0,0,1
49,17,9.1,1,0,0,0,1,1,1
79,34,12.7,0,0,0,1,1,1,0
70,1,13.7,1,1,0,0,0,1,1
72,20,7.5,1,0,0,0,0,1,0
68,6,12.6,0,0,0,0,0,0,0
68,5,6.5,1,0,0,0,1,0,1
66,29,9.3,1,0,1,0,1,0,1
72,6,13.9,1,0,0,0,1,0,1
59,33,14.0,1,0,0,0,1,1,1
37,38,8.2,0,0,0,0,1,0,0
77,29,7.2,1,0,0,0,1,0,1
81,10,6.8,0,0,0,0,1,1,0
63,32,9.8,0,0,0,1,1,1,1
55,25,6.3,0,0,0,0,1,0,0
43,28,8.7,0,0,0,1,1,1,1
55,29,5.7,0,0,0,0,1,1,0
55,35,7.8,0,1,1,0,1,1,0
41,32,13.6,0,0,0,0,1,1,0
81,36,9.5,0,0,0,1,0,1,1
66,7,6.2,1,0,0,0,0,0,1
56,10,11.3,1,0,0,1,0,0,1
76,34,14.1,0,0,0,0,0,0,0
45,33,9.7,1,0,1,0,0,1,1
68,26,11.1,0,1,0,0,1,0,0
48,13,13.8,0,0,0,0,1,1,0
75,30,9.3,0,1,1,0,0,1,1
56,32,11.5,1,0,0,0,0,0,0
59,33,9.5,0,1,0,0,1,0,0
50,6,14.2,0,1,0,0,1,1,1
67,36,10.0,1,1,0,0,1,1,1
36,2,13.5,0,0,0,1,1,1,1
73,7,10.1,0,0,0,0,0,1,0
78,30,11.5,0,0,0,0,0,0,0
40,26,9.0,0,0,1,0,1,1,0
68,25,13.8,0,0,1,0,1,1,0
80,33,11.3,1,1,0,0,0,1,1
76,6,5.7,0,1,0,0,0,0,0
71,8,5.6,0,1,0,0,1,1,0
56,9,11.6,1,1,0,0,0,1,1
50,11,6.5,0,0,0,1,0,0,1
41,24,11.9,1,0,1,0,0,1,1
81,6,8.4,1,0,1,1,0,0,2
47,16,10.4,1,0,0,0,1,0,0
51,17,7.1,0,1,0,1,1,1,2
37,24,7.7,1,1,1,0,0,1,1
46,7,9.4,0,0,0,1,0,0,1
40,27,11.5,1,1,1,0,0,1,1
46,10,6.9,0,0,0,0,1,1,0
45,9,8.0,0,0,0,0,0,0,0
75,10,7.4,1,1,0,0,0,0,0
53,30,13.3,1,0,0,0,1,1,0
65,9,11.3,1,0,0,0,0,1,0
36,26,9.7,0,0,1,0,0,0,0
79,34,14.0,0,0,0,0,1,1,0
66,35,12.1,1,0,0,0,0,0,0
52,27,13.9,0,0,0,0,0,0,0
38,20,10.9,0,1,0,0,1,1,0
56,24,6.7,0,1,0,0,1,0,0
48,27,11.6,0,0,0,1,1,0,0
48,19,7.3,1,0,0,1,1,0,2
71,18,8.6,0,0,1,0,0,0,0
63,12,10.1,0,1,1,0,1,1,1
68,18,6.9,0,0,1,0,0,1,0
40,8,5.7,0,0,1,0,1,1,0
77,36,8.4,0,0,1,0,0,0,0
46,38,12.9,1,0,1,0,1,0,1
58,16,5.6,1,1,0,0,0,1,1
79,13,6.5,1,0,0,0,1,0,1
63,26,12.8,1,1,0,1,0,0,2
44,26,8.3,1,0,1,0,0,0,0
80,21,13.9,1,0,0,0,1,0,1
70,21,8.9,0,0,0,0,0,1,0
68,8,12.7,0,1,1,0,1,0,1
66,33,7.8,1,1,1,0,1,1,2
66,6,6.1,1,0,1,0,0,1,1
49,2,13.4,0,0,1,0,0,1,0
43,8,13.8,1,0,0,0,1,0,0
70,6,11.9,0,1,0,0,1,0,0
56,6,12.4,1,0,0,0,1,0,1
47,22,5.6,1,0,1,0,1,1,1
75,25,12.3,1,0,0,0,0,0,0
78,31,9.7,0,0,1,0,0,0,0
48,35,9.6,1,0,0,0,0,0,0
60,5,10.4,1,0,1,0,0,1,0
78,22,7.9,1,0,0,0,0,0,0
59,25,11.8,0,0,0,0,1,1,0
56,18,8.2,0,0,0,0,0,0,0
64,9,10.5,0,0,0,0,0,1,0
47,25,6.7,0,1,1,0,1,1,1
66,29,11.6,0,0,0,0,0,1,0
71,33,7.2,0,1,1,0,0,1,1
53,8,7.0,0,0,0,0,0,0,0
69,13,5.7,1,0,1,0,1,1,1
63,8,6.6,0,0,0,0,1,0,0
41,27,7.6,0,0,0,0,0,1,0
69,3,7.5,0,0,0,0,1,1,0
73,33,8.4,1,0,0,1,0,1,1
40,31,6.0,0,0,1,0,0,1,0
48,28,13.9,0,0,0,0,0,1,0
62,21,6.6,1,0,0,0,0,1,0
35,29,11.8,1,0,0,1,0,0,1
80,29,10.3,0,1,0,0,1,0,1
55,9,10.5,0,0,1,0,0,0,0
61,22,6.4,0,1,0,0,0,1,1
56,8,7.7,0,0,0,0,1,1,0
45,17,12.5,0,0,0,0,0,1,0
43,23,9.7,0,0,1,0,1,1,0
44,39,9.6,0,1,1,0,1,0,2
77,30,10.4,0,0,0,0,0,1,0
80,15,9.4,1,0,0,0,0,0,0
73,14,12.8,0,0,1,0,0,0,0
65,25,12.2,1,1,0,0,1,1,1
66,16,8.4,1,0,0,0,0,1,0
65,18,12.8,1,0,0,0,0,0,0
42,32,10.2,0,0,0,0,1,1,0
74,38,11.1,0,0,1,0,0,1,0
39,15,13.3,0,0,0,0,1,0,0
65,37,9.8,1,0,0,0,1,1,1
41,33,12.3,0,0,0,0,0,1,0
79,13,11.2,0,0,0,0,0,1,0
81,7,9.3,0,0,0,1,1,1,0
48,19,12.6,0,0,0,0,0,0,0
59,21,6.4,1,0,1,0,1,1,1
55,37,10.7,0,0,0,0,0,1,0
81,9,5.9,1,0,0,0,1,1,0
63,4,6.9,0,0,0,1,1,1,1
80,31,10.9,0,1,0,0,0,0,0
79,7,8.3,0,1,0,1,1,1,1
65,13,7.9,1,0,0,0,0,0,0
38,36,14.1,1,0,1,1,0,0,2
75,8,8.8,1,0,0,0,1,1,1
80,26,10.6,0,0,0,0,1,1,0
63,27,10.3,1,1,0,0,0,1,1
35,26,6.1,0,0,0,0,1,0,0
66,14,11.6,0,1,0,0,0,1,1
35,20,10.1,1,0,1,1,0,0,2
38,28,8.9,0,1,0,0,0,0,0
54,8,6.1,0,0,1,0,1,1,0
74,5,8.1,0,0,0,0,0,1,0
71,13,13.5,1,0,0,0,0,1,1
48,2,7.1,0,0,0,1,1,1,1
48,14,7.5,0,1,0,0,0,1,0
36,3,7.3,0,1,0,0,0,1,0
55,16,13.5,1,1,0,0,1,0,1
63,9,11.8,0,0,0,0,0,0,0
46,39,13.4,1,1,0,0,0,1,1
52,2,13.7,1,1,0,0,1,1,1
72,11,13.9,0,0,0,1,1,0,1
75,24,9.9,0,0,1,0,1,0,0
66,29,9.8,0,0,1,0,0,1,0
75,14,13.0,1,0,0,1,1,1,2
56,22,8.5,0,1,1,0,1,0,1
70,34,5.7,0,0,0,0,1,1,0
76,36,8.5,1,0,0,0,0,1,0
46,33,11.9,0,0,0,1,1,0,1
55,39,6.6,0,0,1,0,1,1,0
42,18,12.6,1,0,0,0,1,0,1
62,22,12.8,1,0,0,0,1,1,0
56,25,6.4,0,0,0,1,0,1,0
50,37,6.4,1,0,1,0,1,0,1
46,5,7.3,0,0,1,0,1,0,0
51,32,8.7,0,1,1,0,0,0,1
55,36,10.3,1,1,0,0,0,0,2
41,9,9.9,0,0,0,0,1,0,0
54,14,13.2,0,1,0,0,1,1,0
70,32,6.8,0,0,0,1,0,0,1
75,9,11.8,1,0,0,0,1,0,0
78,23,10.4,0,1,0,0,0,1,1
47,9,12.1,0,0,1,0,0,1,0
75,21,8.6,0,1,0,0,1,1,1
63,32,9.7,1,0,0,0,1,0,1
77,10,5.8,0,0,0,0,1,1,0
71,29,6.5,0,0,0,0,0,0,0
42,34,8.9,0,0,0,0,0,1,0
54,22,9.8,0,0,1,0,1,1,0
78,5,6.3,1,0,1,0,1,0,2
44,11,12.9,1,0,0,0,0,1,0
49,28,14.0,0,0,0,0,0,1,0
46,24,10.9,0,1,1,0,1,1,1
80,34,6.0,0,0,0,1,0,1,0
79,10,12.1,0,0,1,0,0,0,1
50,26,7.5,0,0,1,0,1,1,0
76,7,12.1,1,0,1,0,0,1,1
42,7,9.4,0,1,0,0,0,0,0
54,15,6.0,1,0,0,0,0,1,0
48,3,8.0,0,0,0,0,0,0,0
71,26,9.3,0,0,0,0,1,1,0
60,7,12.1,1,0,1,0,1,1,0
72,2,6.7,0,1,1,0,0,1,1
75,10,8.1,1,0,0,0,1,1,1
79,30,6.3,0,0,0,0,0,1,0
63,3,11.0,1,0,0,0,1,1,1
47,38,9.8,0,0,0,0,0,1,0
68,29,13.9,0,1,0,0,0,1,0
56,25,12.2,0,1,0,1,1,1,1
79,4,12.5,1,1,0,0,0,1,1
60,5,7.0,1,0,0,0,0,1,0
68,6,7.9,1,0,1,0,0,1,1
81,19,10.1,1,0,0,0,0,1,0
58,18,5.6,0,0,0,0,0,0,0
55,38,13.3,0,1,1,0,0,0,1
65,36,12.5,1,0,0,1,1,1,2
46,12,6.0,1,0,1,0,1,1,0
76,24,13.1,1,0,0,0,0,1,0
58,30,5.5,0,1,0,0,0,1,1
55,14,6.5,1,1,0,0,0,0,1
38,39,6.0,0,0,0,0,0,1,0
59,2,9.8,0,0,1,0,0,1,0
42,34,12.6,0,1,0,0,1,1,0
70,20,7.1,0,0,0,0,0,1,0
68,36,12.4,1,0,0,0,0,1,0
80,23,7.2,0,0,0,0,0,0,0
61,35,14.4,0,1,0,0,1,1,0
62,34,13.2,0,0,0,0,1,1,0
63,21,12.1,1,0,0,1,1,0,1
63,38,10.8,0,0,0,1,0,0,1
44,8,7.7,0,0,0,0,0,0,0
78,30,6.6,0,0,0,0,0,1,0
66,20,9.6,0,0,0,1,0,1,1
42,20,9.1,1,1,1,0,1,0,2
51,23,11.6,0,0,1,0,0,0,0
46,20,7.0,0,0,0,0,1,1,0
60,23,10.6,1,0,0,0,0,0,0
37,4,11.7,0,0,0,0,1,0,0
76,10,8.2,1,0,1,0,1,0,1
45,5,12.5,1,0,1,1,1,1,2
48,32,9.4,0,0,1,0,0,0,0
41,18,7.0,0,1,0,0,0,0,0
60,25,7.3,1,0,0,0,1,1,0
71,17,8.0,1,0,0,0,0,0,0
67,5,6.9,1,0,0,0,0,1,1
78,35,10.6,1,0,0,0,1,0,0
66,21,14.0,0,0,0,1,0,1,1
72,36,13.6,0,0,1,0,1,0,0
54,19,8.4,0,0,1,1,1,1,1
44,23,13.3,1,0,0,0,0,1,0
49,5,14.1,1,0,1,0,1,1,1
49,33,8.1,0,0,1,0,1,1,0
40,4,13.6,0,0,0,0,1,1,0
59,33,14.5,1,1,0,0,0,0,1
35,35,12.7,0,0,1,1,0,1,1
40,26,9.0,0,1,0,0,0,1,0
47,37,11.0,0,0,1,1,0,0,1
45,22,8.8,0,0,0,0,0,0,0
58,11,14.5,0,1,0,0,0,1,1
54,26,6.1,0,1,0,0,0,1,0
60,13,13.5,0,0,0,0,1,0,0
59,14,6.2,1,0,1,0,0,1,1
46,7,5.9,1,0,0,0,0,1,0
80,16,14.0,1,1,0,0,0,0,1
43,20,13.3,1,1,1,0,0,1,1
79,27,8.8,1,0,1,0,1,0,1
70,34,14.1,0,0,1,1,1,1,1
43,22,13.3,0,0,0,1,1,0,0
67,38,13.6,0,0,1,0,0,0,0
74,37,10.9,0,0,0,0,1,1,0
68,3,14.1,0,0,0,0,1,1,0
58,27,12.8,1,0,0,0,0,1,0
79,7,14.0,1,0,0,0,1,1,0
79,35,8.0,0,0,0,0,1,1,0
67,23,10.3,1,0,0,1,0,1,2
67,2,13.3,0,0,0,0,1,1,0
63,24,10.7,0,0,0,0,1,1,0
72,2,12.7,0,0,0,0,0,1,0
47,36,14.3,1,0,0,0,0,1,0
52,17,12.7,1,1,1,1,0,1,2
69,11,8.3,0,0,0,0,0,1,0
81,7,6.6,1,0,0,0,0,0,0
36,2,8.0,0,1,0,1,1,1,2
59,15,11.5,0,0,0,0,1,0,0
40,31,5.6,0,0,0,0,1,0,0
59,6,7.2,1,0,0,0,0,1,1
54,37,8.4,0,0,1,0,0,1,0
48,29,13.4,0,0,1,0,0,0,0
38,4,6.0,0,1,1,0,0,1,1
42,37,5.9,0,0,0,0,0,1,0
68,12,10.5,0,0,1,0,0,0,0
62,27,7.1,1,0,0,0,1,0,0
36,25,7.7,0,0,1,0,0,0,0
51,12,7.2,1,0,1,0,1,1,1
38,17,10.7,1,0,0,0,1,1,0
68,12,6.0,0,0,0,0,0,0,0
61,31,14.0,0,0,0,0,1,1,0
53,9,6.6,0,0,1,0,0,1,0
62,19,14.1,0,0,0,0,1,1,0
72,29,12.5,0,0,0,0,1,1,0
68,25,13.0,0,1,1,0,0,1,1
66,15,7.1,1,0,1,0,1,0,1
75,9,11.5,0,1,1,0,0,0,1
65,13,12.9,0,1,0,0,1,0,0
40,3,10.5,0,0,0,0,0,1,0
40,10,10.5,1,0,1,0,0,1,1
62,18,6.9,1,0,0,0,0,1,0
42,10,9.2,0,0,0,0,1,1,0
35,36,6.9,0,0,1,0,1,0,0
50,28,14.3,0,0,1,1,1,1,1
76,3,11.7,1,0,0,0,1,1,1
53,20,5.9,0,0,0,0,0,0,0
52,18,9.8,1,0,1,0,1,0,1
64,37,11.2,1,0,0,0,0,0,1
50,20,6.4,0,1,0,0,0,0,0
67,10,11.5,1,0,1,0,0,1,1
62,34,7.1,1,1,0,1,0,1,2
81,22,9.2,1,0,0,0,0,1,1
50,21,11.1,1,0,0,0,0,1,0
45,33,8.8,0,0,0,0,0,0,0
40,16,8.9,0,0,0,0,1,1,0
48,35,13.1,0,0,1,0,0,1,1
70,36,8.3,0,0,0,0,1,0,0
56,1,11.4,0,0,0,0,0,0,0
74,12,13.1,1,0,0,0,1,0,0
57,13,6.9,0,0,0,0,0,1,0
65,8,5.9,0,0,1,0,1,0,0
62,31,12.9,1,0,0,0,0,1,0
53,5,10.5,1,0,1,0,1,0,1
56,36,12.9,1,0,0,0,0,0,0
35,25,7.4,0,1,0,0,0,0,0
37,13,13.0,0,0,0,0,1,0,0
42,35,6.4,0,0,1,0,0,0,0
47,32,13.4,1,0,0,0,0,1,0
35,8,12.9,1,0,0,1,1,1,1
63,22,10.6,0,0,0,0,0,1,0
47,6,11.0,1,1,1,0,0,1,2
76,11,8.6,1,0,1,0,1,1,1
63,7,7.3,0,0,0,0,1,1,0
64,15,9.6,1,0,0,0,1,1,0
50,4,11.4,0,0,0,0,1,1,0
75,34,14.5,0,1,1,0,0,1,1
68,22,12.9,1,1,1,0,1,0,2
74,30,9.4,1,0,0,0,0,0,1
37,19,12.2,1,0,1,0,1,0,1
63,37,6.5,0,0,0,0,0,1,0
64,38,9.2,0,0,0,0,0,0,0
68,30,9.3,0,0,1,0,0,1,0
38,32,14.5,1,0,0,0,1,0,1
42,19,9.0,0,0,1,0,0,0,0
81,25,6.2,0,0,0,1,1,1,1
52,37,6.1,0,0,0,0,1,1,0
56,23,11.8,0,0,0,0,0,0,0
44,12,8.1,0,0,1,0,1,0,1
48,9,13.3,1,1,0,0,0,1,2
80,37,9.8,0,1,0,0,1,1,0
65,17,8.5,1,0,0,0,0,1,0
69,35,12.3,0,0,0,0,1,1,0
80,30,9.3,0,0,0,0,0,1,0
36,4,12.1,0,1,0,0,1,1,0
36,4,11.9,1,0,0,0,1,0,0
69,24,12.0,1,0,0,1,0,0,1
68,3,13.2,1,0,0,0,1,1,0
63,9,13.1,1,0,0,0,0,1,0
40,11,11.5,0,1,0,0,1,1,1
38,32,14.1,0,1,0,0,0,1,0
35,29,5.7,0,0,1,0,0,0,0
69,34,13.9,0,1,0,0,1,1,1
81,34,6.8,0,0,1,0,1,0,0
60,21,7.4,0,0,1,0,0,0,0
63,25,12.9,0,0,1,0,0,0,0
45,21,9.1,0,0,1,0,0,1,0
38,20,9.3,0,0,0,0,0,1,0
56,24,7.9,1,0,0,0,0,0,0
67,5,7.5,0,1,0,0,0,1,0
68,2,6.5,0,0,1,0,1,1,0
65,9,7.3,1,0,0,0,1,1,1
44,8,10.6,1,0,1,0,1,1,1
69,32,11.9,1,0,0,0,0,1,0
62,7,12.1,0,0,1,1,1,1,1
57,38,8.8,1,0,1,0,0,1,1
46,20,13.8,0,1,0,0,0,1,0
63,15,8.5,0,0,1,0,0,0,0
36,39,6.5,1,0,0,0,1,1,1
47,28,14.0,0,0,1,1,0,0,1
70,31,10.4,0,0,1,0,0,1,1
81,22,14.2,1,0,1,0,0,1,0
60,24,9.0,1,0,0,1,0,1,2
51,34,12.3,1,1,0,0,1,1,1
77,9,6.5,1,0,1,0,0,0,2
67,2,13.2,1,0,1,0,1,0,1
56,25,7.0,0,0,0,0,1,1,0
36,12,6.1,0,0,0,0,0,1,0
44,4,6.4,0,1,0,0,1,0,0
73,13,10.5,0,0,0,0,0,0,0
60,29,8.1,1,1,1,0,1,0,2
64,32,14.1,0,0,0,1,0,1,1
56,27,13.2,1,1,0,1,0,1,2
45,30,12.7,1,0,1,0,0,0,1
56,39,12.8,0,1,0,0,1,0,0
58,1,13.5,0,0,0,1,0,1,0
63,11,13.3,0,0,0,0,1,0,0
44,23,13.9,0,0,0,0,0,0,0
68,17,13.9,0,0,0,0,0,0,0
80,15,8.2,1,0,1,0,0,1,1
59,27,7.5,0,0,0,0,1,1,0
55,10,11.3,0,0,0,0,1,1,0
73,16,6.6,0,0,1,0,1,0,0
47,37,7.4,0,0,1,0,0,1,0
36,28,12.5,1,0,0,0,0,1,0
40,2,11.3,1,0,0,0,1,0,0
35,39,11.4,0,1,1,0,1,1,1
62,35,14.1,1,1,0,0,0,1,2
56,15,11.5,0,0,0,0,1,1,0
45,11,9.4,0,0,0,0,0,1,0
73,33,8.0,0,0,1,0,1,0,0
39,16,8.5,0,0,1,0,0,1,0
52,11,8.0,0,0,0,0,0,0,0
54,20,5.8,1,1,0,0,0,0,1
46,19,7.9,0,1,1,1,1,1,2
55,39,13.0,1,0,0,0,0,1,0
61,23,12.1,0,1,1,0,1,0,1
75,10,11.1,1,1,0,1,0,1,2
68,8,13.6,1,0,0,0,1,1,0
52,2,7.9,0,0,0,0,1,1,0
68,7,10.7,0,0,0,0,1,1,0
36,26,5.8,1,0,0,0,1,0,0
48,19,13.5,0,0,0,0,1,1,0
73,6,9.5,0,0,0,0,1,1,0
35,33,7.1,1,1,0,0,1,1,1
62,11,7.7,1,1,0,0,0,1,1
75,36,13.1,1,1,0,0,0,0,1
61,12,6.5,1,1,0,0,1,1,1
64,28,13.8,0,0,0,0,0,0,0
56,9,8.9,0,0,1,0,1,1,0
46,23,7.8,1,0,1,1,0,0,2
35,6,8.5,0,0,0,1,0,0,0
67,19,9.2,0,0,0,1,1,0,1
75,20,10.4,1,0,0,0,0,1,1
35,18,10.8,0,0,0,0,0,1,0
39,27,9.5,1,1,1,0,0,1,2
39,33,9.5,0,1,1,0,0,1,1
41,29,8.1,0,0,0,0,1,1,0
54,9,9.0,1,0,0,0,1,1,1
60,27,9.7,1,0,0,0,1,0,0
40,39,10.9,0,0,0,0,1,1,0
60,11,6.7,1,1,0,0,1,0,1
37,8,12.4,0,0,1,0,0,1,0
73,14,11.6,0,0,0,0,0,1,0
48,13,8.2,0,0,1,0,0,0,0
48,7,9.6,0,0,1,0,1,1,1
54,15,14.0,0,1,0,0,0,1,0
78,38,5.7,1,0,0,0,0,1,0
43,18,12.8,1,1,1,1,0,0,2
40,36,10.1,1,0,0,0,0,1,1
36,31,11.1,1,0,0,0,0,1,0
72,4,11.7,1,0,1,0,1,1,0
75,13,9.6,0,1,0,0,0,1,0
77,39,7.2,0,0,0,1,0,1,0
67,30,13.7,0,1,0,0,0,0,0
78,19,12.2,0,0,1,0,0,1,0
39,4,10.5,0,0,1,0,1,0,0
47,1,9.5,1,0,0,1,0,1,1
49,32,10.0,1,0,0,0,0,0,0
79,12,12.9,0,1,0,0,1,1,1
68,12,5.6,1,0,1,0,0,1,1
43,20,13.3,0,0,1,0,0,0,0
60,11,5.9,0,0,0,0,0,1,0
64,30,11.0,0,0,1,0,0,0,0
56,31,8.5,0,0,1,1,0,1,1
59,28,11.6,0,0,0,0,0,0,0
74,29,6.3,1,1,1,0,0,0,1
38,22,10.5,1,1,0,0,0,1,1
81,29,13.2,0,0,1,0,0,1,0
62,1,10.0,0,0,0,0,0,0,0
71,21,6.3,1,0,0,1,0,1,2
44,31,5.8,1,0,1,0,0,1,1
43,27,11.1,0,0,0,0,1,0,0
70,35,6.1,0,0,1,0,0,0,0
35,8,6.1,1,1,0,0,1,1,1
64,8,9.3,1,1,0,0,0,1,1
45,6,7.4,1,0,0,0,0,1,1
59,15,7.3,0,0,0,1,1,1,1
45,21,9.8,1,0,0,0,0,0,0
75,37,8.0,0,0,0,0,0,1,0
39,6,7.5,1,0,0,0,1,1,0
61,29,10.1,0,0,0,0,1,1,0
57,25,8.1,1,0,0,0,0,1,0
53,23,6.2,0,0,0,0,1,1,0
37,38,11.6,1,0,0,0,1,0,0
42,27,10.8,1,1,0,1,0,1,2
70,23,7.4,1,0,0,0,1,1,0
49,19,10.7,1,1,0,1,1,0,2
47,28,14.1,0,0,1,0,0,0,0
64,34,14.1,1,0,0,1,1,1,2
75,7,10.3,0,1,1,0,0,0,1
44,13,6.4,1,0,1,1,0,1,2
68,4,9.6,1,1,1,1,1,1,2
64,11,5.7,0,0,0,0,1,1,0
59,21,9.2,1,1,0,1,1,0,2
40,21,13.7,0,0,1,0,0,1,0
71,26,9.7,0,0,0,0,1,1,0
51,31,10.5,0,0,0,0,0,1,0
70,4,6.9,0,0,1,0,1,1,0
74,3,5.6,0,0,0,0,1,1,0
66,39,14.4,0,0,0,0,1,1,0
56,21,8.5,0,0,1,0,0,1,0
67,38,8.0,1,0,1,0,1,1,0
56,18,10.6,0,0,0,0,0,1,0
70,33,12.2,0,1,0,0,1,0,0
52,35,7.8,0,0,0,0,0,1,0
62,32,10.2,1,0,1,0,0,0,0
47,11,8.5,1,0,1,0,0,0,1
52,39,9.8,0,0,0,0,1,1,0
57,31,7.0,1,0,0,0,0,0,0
69,30,10.1,0,1,0,1,0,1,1
52,38,5.9,0,0,1,0,1,1,0
44,20,13.1,0,0,0,0,0,0,0
36,26,11.1,1,1,0,0,0,0,1
48,11,14.0,0,1,0,0,1,1,0
66,2,10.9,1,1,1,0,0,1,2
64,39,7.1,1,1,1,0,1,1,1
53,17,9.9,0,0,0,0,0,1,0
39,24,11.5,0,0,0,0,0,1,0
66,30,8.9,0,0,0,0,0,0,0
44,37,10.5,1,0,0,0,0,1,0
39,6,7.0,1,0,0,0,1,1,0
48,23,12.5,1,1,1,0,1,1,2
73,35,13.7,1,0,0,0,0,1,1
76,26,8.3,0,0,1,0,0,1,0
77,25,12.6,1,0,1,0,1,1,1
53,36,6.3,0,0,0,0,1,1,0
45,21,7.7,0,0,0,0,1,1,0
69,23,9.7,0,1,1,0,0,0,0
73,1,9.0,0,1,0,0,1,1,0
80,10,11.1,0,0,0,0,0,1,0
72,25,10.6,0,0,0,0,0,1,0
56,22,6.3,0,0,0,0,1,0,0
79,8,6.7,0,0,0,0,0,0,0
80,33,6.0,0,1,0,0,0,0,1
64,12,14.1,0,0,0,0,0,0,0
64,39,11.3,1,0,0,0,0,1,1
81,12,13.2,1,1,1,0,0,1,2
45,12,10.4,0,1,0,0,0,1,1
56,11,7.2,0,0,0,0,1,1,0
44,8,11.1,1,1,0,0,1,1,1
77,8,10.0,0,0,0,0,1,1,0
53,37,9.2,0,1,0,0,0,1,1
49,16,8.8,1,1,1,0,0,0,1
69,36,11.4,0,0,0,0,1,1,0
69,18,11.1,1,1,0,1,0,0,2
35,21,6.9,0,0,0,0,1,1,0
81,4,12.8,1,1,0,0,0,0,1
79,7,11.2,0,0,0,0,1,0,0
81,34,10.3,1,0,0,0,1,1,0
52,34,12.2,1,0,0,0,0,0,0
60,36,6.9,0,0,1,0,0,1,0
52,37,13.8,1,0,1,0,1,1,1
75,30,7.9,1,0,0,0,0,0,0
52,26,7.9,0,0,1,0,0,0,0
77,12,12.8,1,0,0,0,1,0,0
52,11,8.5,0,1,0,1,1,1,2
66,29,13.0,0,0,0,0,0,0,0
72,3,8.5,0,0,0,0,0,1,0
61,11,10.5,1,0,1,0,0,0,1
63,9,7.6,1,0,0,0,0,0,0
75,26,12.1,1,1,0,1,1,0,2
54,8,7.0,0,0,1,0,0,1,0
69,21,13.6,1,0,0,0,0,1,0
57,8,8.8,0,0,0,0,0,1,0
46,6,9.7,0,0,0,0,0,0,0
69,18,5.7,0,0,0,0,1,1,0
70,6,14.3,1,0,1,0,1,1,1
76,21,12.8,1,0,0,0,1,0,1
62,23,9.5,0,0,0,0,1,1,0
71,36,13.8,1,0,1,0,0,0,0
54,18,13.9,0,1,0,1,0,1,2
69,27,10.3,0,0,0,0,1,1,0
41,3,7.6,0,0,0,0,1,1,0
68,12,9.9,0,0,0,1,1,1,1
40,20,8.4,0,0,0,0,1,1,0
53,19,9.5,1,1,0,0,0,1,1
76,23,13.7,0,1,0,0,1,1,0
42,5,8.0,0,0,0,0,1,1,0
64,19,13.1,1,0,1,0,0,1,0
36,12,13.9,0,0,0,0,0,0,0
50,28,12.7,0,0,1,0,0,0,0
80,37,10.2,0,0,0,0,1,0,0
58,34,10.6,0,1,0,0,0,0,1
59,16,12.9,0,1,0,0,0,1,1
47,4,5.9,0,0,1,0,0,0,0
43,6,12.1,0,0,0,0,0,0,0
64,7,10.3,0,0,0,0,1,0,0
43,34,9.1,1,1,0,0,0,1,1
74,4,12.4,0,0,0,0,1,1,0
41,15,7.9,0,0,1,0,0,1,1
50,13,13.6,1,0,0,0,1,1,1
72,9,11.7,1,0,0,0,1,1,1
66,37,11.0,0,0,0,0,1,1,0
63,17,10.2,1,0,1,0,1,0,1
77,38,7.4,1,1,1,0,0,0,2
74,14,11.1,0,0,0,0,1,1,0
49,37,12.0,1,0,0,0,0,0,0
45,31,5.6,0,1,0,0,1,1,0
43,2,8.8,0,1,0,0,0,0,0
50,19,13.0,1,0,0,0,0,0,0
59,19,11.2,1,0,0,0,1,1,0
66,13,11.0,0,0,0,0,1,1,0
79,21,7.6,0,0,0,0,0,0,0
44,31,11.2,0,1,0,0,1,1,0
44,28,12.6,0,0,1,0,0,1,0
64,1,9.1,0,1,0,0,0,1,1
54,35,7.1,1,0,1,0,1,0,1
75,10,6.2,0,0,0,1,0,1,0
68,8,10.1,0,0,0,0,0,1,0
35,13,11.7,0,0,1,0,1,0,0
66,19,7.0,0,0,0,0,1,1,0
74,3,9.3,0,0,0,1,0,1,0
65,3,10.6,0,0,0,0,0,0,0
45,27,6.9,1,0,0,1,1,0,2
75,18,7.9,0,0,0,0,1,0,0
53,35,11.0,0,0,0,0,1,1,0
41,34,12.0,0,0,0,0,1,1,0
63,30,11.2,0,1,0,0,0,0,0
76,8,11.9,0,0,0,0,0,1,0
72,21,10.7,1,0,0,0,1,1,1
70,19,13.0,1,0,1,0,1,0,0
67,30,12.9,0,0,0,0,0,0,0
70,27,12.7,1,0,0,0,1,0,1
60,20,10.7,1,0,1,0,0,1,1
63,14,14.4,0,0,0,0,0,1,0
63,12,5.9,0,0,0,0,0,0,0
69,23,7.3,0,1,0,0,1,1,0
37,12,12.8,0,1,1,0,0,1,1
80,39,12.9,0,0,0,0,1,1,0
39,30,12.9,1,1,0,0,1,1,1
67,27,13.4,0,0,0,0,0,0,0
45,24,9.3,0,1,0,0,0,0,0
40,3,13.9,0,0,0,0,0,1,0
36,30,7.4,0,0,0,0,0,1,0
47,35,13.9,1,0,0,0,0,1,0
35,33,10.5,1,0,0,0,1,0,1
61,37,7.0,1,0,0,0,0,1,0
74,16,12.1,1,0,0,0,1,1,0
76,18,8.2,0,1,1,0,1,1,1
49,18,7.5,1,0,1,0,1,1,1
69,14,7.0,0,0,0,0,0,1,0
64,32,5.8,0,0,1,0,1,0,1
40,12,12.4,0,0,0,0,0,0,0
68,2,9.9,0,0,0,0,1,1,0
55,26,14.3,0,0,0,0,0,0,0
66,23,9.5,1,0,1,0,0,1,1
54,35,13.1,1,0,1,1,0,0,2
69,33,14.2,0,0,0,0,0,1,0
43,25,5.7,0,0,0,0,1,1,0
71,4,6.4,0,0,1,0,1,1,0
40,21,8.6,0,0,0,0,0,1,0
44,4,13.3,1,1,1,0,0,0,2
43,31,13.0,0,0,0,0,1,0,0
67,15,8.8,1,0,0,0,1,1,0
50,4,7.3,0,0,1,0,1,1,0
66,4,12.7,0,1,0,0,1,0,0
72,3,10.9,1,0,0,0,0,1,0
54,5,5.8,0,0,0,0,0,1,0
54,19,12.7,0,0,1,0,0,1,0
37,38,14.1,1,0,0,1,1,0,0
48,32,5.9,0,0,0,0,0,0,0
55,9,8.1,0,0,0,0,1,1,0
42,3,12.9,1,0,0,0,0,1,1
80,34,10.8,0,0,1,0,1,1,0
58,25,14.4,1,0,1,0,0,1,1
81,10,13.7,0,0,1,1,0,0,2
55,32,7.1,1,0,0,1,0,0,2
76,5,11.6,0,0,1,0,1,0,0
66,29,11.4,0,0,0,0,0,1,0
51,7,6.5,1,0,0,0,0,1,0
74,15,6.3,0,0,1,0,0,1,0
38,2,10.6,1,1,1,0,0,0,2
76,10,9.1,0,1,0,0,0,1,1
57,11,10.4,0,0,1,0,1,0,0
70,21,7.6,0,0,1,0,0,1,0
56,12,10.5,1,0,1,0,0,1,1
59,4,9.0,1,1,1,0,0,0,1
38,28,13.5,0,1,0,0,0,1,0
44,29,8.3,1,1,1,1,1,0,2
58,13,13.3,0,0,0,1,0,1,1
69,18,9.0,1,0,0,0,1,0,0
48,27,10.7,0,0,0,0,1,1,0
54,3,8.1,0,0,1,0,0,1,0
80,35,12.8,0,0,1,0,1,0,0
48,39,13.1,0,0,1,0,1,1,0
73,22,12.8,1,0,0,0,0,1,0
43,17,11.3,1,0,0,0,0,1,0
68,28,8.2,1,0,0,0,0,1,1
54,38,11.2,0,0,1,0,0,1,0
37,16,14.1,1,1,1,0,1,1,1
46,5,11.3,0,0,0,1,0,0,1
73,22,14.1,1,1,1,1,1,0,2
46,17,8.2,0,0,0,0,0,1,0
76,11,13.1,0,0,0,0,1,1,0
56,22,12.0,1,0,0,0,0,1,0
69,36,12.9,0,0,0,0,1,1,0
74,3,11.9,1,0,1,0,1,1,0
65,27,9.8,0,0,0,0,1,0,0
41,13,11.7,1,1,0,0,1,1,1
43,13,13.9,0,1,0,0,0,1,0
71,30,9.3,0,0,0,0,0,0,0
56,18,14.1,0,0,0,0,0,1,0
43,33,5.9,1,0,0,0,1,0,0
50,17,5.6,0,0,0,0,0,1,0
55,10,9.9,0,0,0,0,0,1,0
43,24,13.1,1,0,0,1,1,0,2
46,29,7.7,0,0,0,1,0,1,0
61,8,11.7,1,0,0,0,0,0,0
81,36,10.4,0,0,0,1,1,0,1
43,14,8.1,0,1,1,0,1,0,1
61,29,8.1,0,1,1,0,0,0,1
62,7,6.2,1,0,1,1,1,1,2
69,25,10.3,0,0,0,0,0,1,0
77,30,9.6,1,0,0,1,0,0,2
72,28,8.1,1,1,0,1,0,1,2
66,10,14.2,1,1,0,1,1,1,2
75,34,12.9,1,0,0,0,1,0,1
37,16,10.2,1,0,0,0,0,1,0
43,10,10.2,0,0,0,0,1,1,0
37,29,7.2,0,0,1,0,0,1,0
70,15,11.3,0,1,1,0,1,1,1
47,28,14.1,1,0,1,1,0,0,2
68,24,13.6,1,0,0,0,1,1,0
64,20,6.3,1,0,1,0,0,0,1
50,29,6.0,0,0,1,0,1,1,0
67,2,14.2,0,0,0,0,0,1,0
69,32,7.3,1,0,0,0,0,0,1
50,30,10.5,0,0,0,0,1,1,0
72,9,6.2,1,0,0,0,1,1,1
74,19,13.1,0,0,0,0,1,1,0
39,6,6.6,0,1,0,0,0,1,0
42,8,11.3,1,0,0,0,0,1,0
67,34,6.0,0,0,0,0,1,1,0
64,1,6.9,1,0,0,0,0,1,0
36,13,10.1,0,0,0,0,1,1,0
72,6,5.9,0,1,0,1,0,0,1
72,35,7.3,1,0,0,0,1,1,0
54,29,6.7,1,1,0,0,0,0,1
43,2,5.9,1,1,1,0,1,0,2
35,10,14.2,1,0,0,0,1,1,0
36,31,9.6,1,1,0,1,1,0,2
53,8,13.2,1,1,0,0,1,0,1
50,39,8.7,0,1,0,0,1,0,0
75,28,5.9,0,0,0,0,1,0,0
39,31,11.8,0,1,1,0,1,0,1
66,13,5.8,1,0,0,1,1,1,2
54,7,10.5,0,1,0,0,1,1,0
77,1,6.8,0,0,0,0,0,1,0
48,26,11.5,0,0,1,0,1,0,0
47,16,13.5,0,0,0,0,1,0,0
61,12,14.1,1,0,0,1,0,1,1
69,16,10.2,1,1,0,0,1,0,1
68,34,10.3,1,1,1,0,0,0,2
50,27,5.8,1,0,1,0,0,1,1
62,25,12.4,0,0,0,0,0,1,0
77,19,14.1,1,0,0,0,1,0,0
69,7,9.4,0,0,0,0,0,1,0
49,12,12.6,1,0,0,0,0,0,0
37,24,12.7,0,1,0,0,0,0,0
61,39,12.6,0,1,0,0,0,0,0
61,5,12.3,0,0,0,0,1,0,0
38,1,7.4,1,0,0,1,0,1,1
55,7,12.3,0,0,0,0,1,1,0
56,26,6.8,0,0,0,0,0,1,0
39,24,11.9,0,1,1,1,0,1,2
75,17,5.5,0,0,1,1,0,0,1
73,4,13.8,1,0,0,0,1,1,1
57,16,12.9,0,0,0,0,0,1,0
57,36,11.6,0,0,0,0,1,1,0
47,5,6.4,0,0,0,0,1,1,0
61,5,12.9,0,0,0,1,0,0,1
49,17,13.4,0,1,1,0,0,1,1
46,21,11.7,0,0,0,0,0,0,0
44,30,14.3,1,0,1,0,1,0,1
72,33,6.3,1,1,0,0,0,1,1
62,23,11.9,0,0,0,0,0,1,0
77,29,10.2,1,1,0,0,1,0,1
69,39,6.8,0,0,0,0,1,1,0
72,38,11.4,0,0,1,0,1,1,0
54,7,12.7,1,0,0,0,0,1,0
46,37,7.0,0,1,0,0,0,0,1
37,7,12.6,1,0,0,0,0,0,0
36,15,6.3,0,1,0,0,0,1,0
62,29,10.8,0,0,1,0,0,1,0
56,10,12.7,0,0,1,0,1,0,0
69,20,6.8,1,0,1,1,1,0,2
79,9,10.6,0,0,1,1,1,1,2
43,6,9.3,1,1,0,0,0,1,0
57,20,11.0,1,1,0,0,0,1,1
51,21,9.3,0,0,0,0,0,1,0
48,7,7.8,1,0,0,0,1,0,0
66,38,7.8,1,1,1,0,1,1,2
74,34,13.3,0,1,0,0,0,1,1
70,3,6.9,0,0,0,0,0,0,0
67,17,6.6,1,0,1,1,0,1,2
44,2,6.4,0,1,0,0,1,0,1
47,12,6.2,0,0,0,0,0,0,0
68,13,5.6,1,0,0,0,0,0,0
39,38,6.9,1,0,1,0,0,0,0
40,36,7.2,0,0,0,0,0,1,0
67,12,7.9,0,0,1,0,1,0,0
39,27,6.6,1,0,0,0,0,0,0
58,26,6.3,1,0,0,0,0,1,0
81,5,10.4,1,0,0,0,0,1,1
42,32,12.0,0,0,0,1,0,0,0
52,36,11.2,1,0,1,0,1,1,1
59,38,10.5,0,0,0,0,0,1,0
52,16,9.5,0,0,1,1,1,1,1
70,10,11.2,1,0,0,1,1,0,2
60,37,13.6,0,1,0,0,0,0,1
54,15,11.1,1,0,0,0,1,0,0
54,11,6.0,0,0,0,0,0,0,0
73,9,10.6,0,0,1,1,0,0,1
74,18,10.2,0,0,0,0,0,0,0
58,33,9.6,0,1,0,0,0,1,1
54,9,10.6,0,0,0,0,0,0,0
79,15,11.6,0,0,0,0,0,1,0
38,36,5.8,1,0,0,0,1,0,0
56,36,9.8,0,0,0,0,0,1,0
59,1,12.9,0,0,0,0,1,1,0
55,28,10.3,1,0,0,0,1,1,1
52,33,6.1,0,0,0,0,0,0,0
79,1,12.5,0,0,0,1,0,1,1
80,6,14.0,0,0,0,1,0,0,1
43,11,13.2,1,0,0,1,0,0,1
78,27,8.8,0,1,0,1,1,1,1
43,5,10.3,0,0,0,0,0,1,0
67,10,10.8,1,0,0,1,0,1,1
75,28,11.9,1,0,1,0,1,1,1
41,16,11.5,1,0,0,0,1,0,0
67,26,7.3,1,0,0,0,0,0,0
36,28,13.1,0,0,1,0,0,1,0
42,14,13.1,0,0,0,0,0,1,0
67,13,9.1,0,1,0,0,0,1,1
69,1,6.7,1,0,1,0,0,0,0
63,35,11.0,0,0,0,0,1,0,0
66,15,8.7,1,0,0,0,1,1,1
35,29,12.2,0,0,0,0,1,1,0
65,31,8.3,0,0,0,0,1,0,0
69,12,7.9,0,0,0,0,0,1,0
74,5,13.3,1,0,0,0,0,1,0
78,32,11.0,0,0,0,0,0,1,0
73,10,6.3,1,0,0,1,1,1,1
54,5,11.7,0,0,1,0,1,1,0
67,27,12.3,0,0,0,0,0,1,0
57,39,7.6,0,1,1,0,0,0,0
37,21,14.2,1,0,0,0,1,0,0
46,16,8.9,1,0,0,0,1,1,1
42,29,14.0,1,1,0,0,1,1,1
75,15,8.1,1,0,0,0,0,1,1
81,38,11.0,0,0,1,0,0,0,0
45,7,10.2,1,0,0,0,0,1,0
60,18,14.4,1,0,1,0,1,1,0
57,19,9.2,1,0,1,0,1,1,1
72,17,7.1,0,1,0,0,0,0,1
39,14,13.0,0,0,1,0,1,0,0
66,10,5.9,1,0,0,0,0,0,0
39,25,13.5,1,0,0,0,0,1,0
49,9,6.5,1,0,0,0,0,1,0
77,16,10.6,0,0,1,1,1,1,1
57,24,11.9,0,0,0,0,0,1,0
62,21,8.5,0,0,0,0,1,0,0
53,34,13.1,0,1,0,0,0,1,1
51,39,10.8,1,0,1,0,1,1,1
49,7,9.1,0,0,1,0,1,1,0
47,7,8.4,0,0,0,0,1,1,0
57,28,6.5,1,1,0,0,0,1,1
52,35,11.3,1,0,0,0,1,0,1
57,10,8.8,0,0,0,0,1,1,0
50,38,8.4,0,1,1,0,0,1,1
54,32,14.0,0,1,1,0,0,1,1
59,34,8.0,1,0,0,0,1,1,1
66,24,13.4,1,0,0,0,1,0,0
55,2,14.3,0,1,0,0,0,0,0
35,4,12.9,0,0,1,1,0,1,2
62,1,5.7,1,0,1,0,0,0,2
61,22,13.3,0,0,0,0,0,1,0
61,11,7.4,0,0,0,0,1,1,0
79,11,8.7,1,0,0,0,0,0,1
70,14,14.4,0,0,0,0,0,0,0
46,27,9.1,1,0,0,0,0,0,0
49,33,11.4,0,0,0,0,1,1,0
54,28,8.3,1,0,1,0,1,1,1
78,23,8.8,1,0,0,0,0,0,1
53,9,10.9,0,1,0,0,1,1,0
60,18,14.0,0,0,1,0,1,0,0
81,24,8.0,0,0,0,1,0,0,0
55,27,7.7,1,0,0,0,0,1,0
71,35,5.7,0,0,1,0,0,1,0
77,4,7.3,0,0,0,0,0,1,0
44,22,7.9,0,0,1,0,0,1,0
62,11,6.1,0,1,0,0,1,0,0
60,7,10.6,0,0,0,0,1,1,0
47,37,6.6,1,0,1,0,1,1,0
59,34,10.1,1,1,0,1,0,1,2
65,12,7.2,0,0,0,0,0,1,0
54,4,13.9,1,1,0,0,0,1,1
49,2,8.3,0,0,0,0,0,0,0
52,1,6.3,1,1,0,0,0,1,1
74,18,13.0,1,0,0,0,0,1,1
57,23,9.1,1,0,0,0,0,1,0
37,34,12.9,1,0,0,0,0,0,0
45,4,8.3,1,1,1,0,0,1,2
61,19,10.0,1,0,1,0,1,1,1
71,9,9.5,1,0,0,0,1,0,1
46,23,10.5,0,0,1,0,1,0,0
67,13,9.1,0,1,0,1,0,0,1
62,1,10.0,0,0,1,0,0,1,0
40,12,11.6,0,0,1,0,0,1,0
40,10,9.2,1,0,0,1,0,0,1
78,27,11.7,1,1,0,0,0,0,1
55,19,11.9,1,0,1,0,0,1,1
59,32,12.2,1,0,1,0,1,0,1
81,22,9.7,0,0,0,0,1,0,0
70,25,5.5,1,0,0,0,0,1,1
52,11,12.3,0,0,0,0,0,0,0
78,11,13.7,1,1,1,0,0,1,2
73,26,11.4,1,0,0,1,0,1,1
39,16,10.2,1,0,0,0,0,1,0
57,29,10.5,1,0,0,0,0,0,0
57,30,11.3,0,1,1,0,1,1,1
57,11,14.5,0,1,0,0,1,1,0
69,1,6.1,1,0,1,0,0,1,1
63,6,5.7,0,0,0,0,0,0,0
39,13,14.2,1,1,0,0,1,1,1
51,27,9.5,0,1,0,0,0,1,0
72,35,11.0,0,0,0,0,1,1,0
36,33,12.3,0,1,1,0,0,1,1
53,14,12.2,1,0,1,0,1,0,1
81,22,11.3,0,1,0,0,0,0,0
37,21,9.7,1,1,1,1,1,0,2
64,2,10.7,0,0,0,0,0,1,0
67,5,12.1,0,1,1,0,0,0,1
57,15,13.2,1,0,0,0,1,0,0
60,20,6.6,0,0,1,0,1,1,0
64,26,8.0,0,0,0,0,1,0,0
53,24,9.1,1,1,0,1,0,1,2
73,35,11.5,1,0,0,0,1,1,0
60,24,9.1,0,1,1,0,0,1,1
66,26,7.6,1,0,1,1,0,1,2
76,22,5.8,1,0,0,0,1,0,1
62,27,13.1,1,0,1,0,0,1,1
43,19,9.3,1,1,1,0,0,0,2
65,37,8.5,1,0,0,0,0,1,1
49,36,10.3,1,1,1,0,0,1,1
66,29,6.6,1,0,0,0,0,0,0
47,39,9.1,0,1,1,1,1,1,2
56,12,12.3,0,0,0,0,0,1,0
74,16,12.1,0,0,0,0,1,1,0
45,31,12.4,0,1,1,1,0,1,2
67,15,9.7,0,0,0,0,0,1,0
58,33,8.8,0,1,0,0,1,0,0
74,15,13.0,0,0,0,0,1,0,0
78,32,7.1,0,0,0,1,0,0,0
40,22,12.0,0,1,0,1,1,1,2
50,6,13.5,0,1,0,0,1,0,0
64,30,8.1,0,0,0,0,1,1,0
64,17,7.3,1,0,0,0,1,1,0
48,2,10.1,1,1,1,0,1,1,2
41,16,7.4,1,0,1,0,1,1,1
37,12,13.3,1,0,0,0,0,1,1
65,12,7.7,0,0,1,0,1,1,0
44,39,8.3,1,0,0,0,0,1,0
67,17,13.5,1,0,0,0,1,1,1
72,6,7.4,0,0,0,0,0,0,0
71,26,13.5,1,1,0,0,1,1,1
49,1,7.4,0,1,0,0,0,0,0
38,16,13.7,0,0,1,0,1,1,0
71,16,8.4,0,0,1,0,0,0,0
76,16,7.7,1,0,1,0,1,1,1
38,39,9.8,0,0,0,0,0,1,0
44,29,8.8,0,1,1,0,0,0,1
56,26,7.3,0,0,0,1,0,1,1
65,30,8.5,1,0,1,0,0,1,1
70,33,11.9,0,0,1,0,0,0,0
46,20,13.0,1,0,0,0,0,1,1
43,37,12.9,0,0,0,0,0,0,0
62,13,12.3,0,0,0,0,1,1,0
68,8,5.5,0,0,0,1,0,0,1
39,32,9.3,0,1,1,0,1,0,1
64,18,7.0,1,0,1,0,0,1,1
50,11,6.2,1,0,0,0,1,0,0
53,38,12.1,0,0,0,0,1,1,0
48,14,12.6,0,0,0,0,1,1,0
81,33,12.8,0,0,0,0,0,0,0
58,23,13.5,1,0,0,0,1,1,0
45,7,10.8,0,1,1,0,0,1,1
47,15,14.5,0,0,1,0,1,1,0
44,15,9.9,1,0,0,0,1,1,0
63,9,13.5,1,1,1,0,1,0,2
73,21,6.5,0,1,1,0,0,1,1
61,37,6.8,1,0,0,0,0,0,0
35,39,10.8,0,0,0,0,0,1,0
66,28,6.6,0,0,1,0,1,0,1
52,6,6.2,1,0,0,0,0,1,0
38,10,7.3,0,0,0,1,0,1,1
50,15,12.6,0,1,0,0,0,1,0
52,24,13.8,1,1,0,0,0,1,1
55,4,8.5,0,0,1,0,0,0,0
81,35,14.3,1,0,0,0,1,0,1
59,15,12.8,0,0,0,0,0,0,0
44,37,7.5,0,1,1,0,0,1,1
41,2,10.8,0,0,1,0,0,1,0
35,28,14.3,0,1,0,0,1,0,0
67,5,13.1,0,0,1,0,1,0,0
67,23,8.8,1,0,1,0,1,1,1
53,9,8.3,0,0,0,0,1,0,0
41,7,12.9,0,0,0,1,1,0,1
81,4,10.4,0,0,1,0,0,1,0
79,19,7.0,1,0,0,0,1,0,1
75,8,8.5,1,0,1,0,0,0,1
48,31,11.5,1,1,0,0,0,1,1
72,14,6.9,1,0,0,0,0,1,0
41,29,11.8,1,0,0,0,0,1,1
80,9,11.9,1,1,1,0,0,1,2
77,37,7.9,1,1,0,0,1,0,1
37,6,9.1,0,0,0,1,0,1,1
45,28,13.9,0,0,0,1,1,0,1
42,10,12.2,1,0,1,1,1,1,2
60,3,12.6,0,0,0,0,0,0,0
72,12,10.1,0,1,1,0,0,1,1
37,36,7.4,0,1,1,0,1,1,0
63,11,10.8,1,1,0,0,0,0,1
46,9,12.4,0,0,0,0,1,0,0
52,6,5.5,0,0,0,0,0,0,0
77,12,6.5,1,0,0,1,0,0,2
41,8,9.8,0,0,1,0,1,1,0
64,13,9.4,1,0,0,1,1,1,1
76,9,14.3,1,0,1,0,0,1,1
50,20,6.3,0,0,1,0,1,0,0
81,10,8.4,1,0,0,0,0,0,1
79,27,12.8,0,0,0,0,1,1,0
59,4,11.0,1,1,1,0,0,1,2
38,10,10.6,0,0,0,0,1,0,0
38,19,12.2,0,1,0,0,0,0,1
72,10,5.9,0,1,0,0,1,0,1
35,23,14.0,1,0,0,0,1,1,0
76,36,7.2,1,1,0,1,1,1,2
37,9,6.2,1,0,0,1,1,1,2
62,2,8.6,1,1,1,0,1,1,1
80,19,11.8,1,1,0,1,1,1,2
45,8,7.6,0,1,0,0,1,0,0
71,26,5.9,1,0,0,0,0,0,1
36,36,6.0,0,1,0,0,1,1,1
43,11,7.8,1,1,0,0,0,1,1
51,3,6.7,1,1,0,0,1,1,1
66,30,8.9,1,0,0,0,1,0,1
65,18,7.1,1,0,0,0,1,0,0
55,17,8.6,0,0,0,0,1,1,0
51,9,9.5,0,0,0,0,0,0,0
76,30,12.2,1,0,0,0,1,1,0
51,16,7.5,0,1,0,1,0,1,1
77,8,9.8,0,0,0,0,0,1,0
61,26,12.8,0,0,0,0,1,0,0
62,5,14.4,0,0,1,0,1,1,0
73,5,10.5,0,0,0,0,1,1,0
35,24,9.4,1,0,0,0,1,1,0
50,14,11.2,0,0,0,0,0,1,0
37,5,9.9,0,0,0,0,0,1,0
49,36,7.0,1,0,0,0,0,1,1
38,25,9.6,0,0,0,0,0,1,0
70,17,14.3,1,0,0,0,0,0,0
64,6,11.3,0,0,0,0,1,1,0
63,7,8.1,0,0,0,1,0,0,1
57,15,14.0,0,0,0,0,1,0,0
39,6,9.0,1,0,1,0,0,0,1
81,32,9.0,0,0,0,0,1,1,0
45,27,11.0,1,0,0,0,0,0,0
53,5,10.6,1,0,0,0,1,1,1
42,16,8.1,1,0,0,0,0,1,1
77,11,9.7,0,0,0,0,1,1,0
45,39,8.5,0,0,1,0,1,1,0
43,25,12.1,0,0,1,1,1,0,1
80,2,6.6,0,0,0,0,0,1,0
59,28,12.3,1,0,0,1,1,1,1
59,7,7.0,0,1,1,0,1,0,1
48,38,8.3,0,0,1,0,1,1,0
65,1,8.5,1,0,0,0,0,1,0
47,18,14.4,0,1,1,0,1,1,1
35,12,10.8,0,0,0,0,1,0,0
64,8,12.5,1,0,0,0,0,1,1
43,20,10.5,0,0,1,0,1,0,0
74,35,14.3,1,1,0,0,1,1,2
63,16,7.1,0,1,1,0,0,1,2
65,33,10.9,1,0,0,0,0,0,1
52,25,12.7,0,0,1,0,1,1,0
37,19,11.2,1,1,0,0,1,0,2
69,35,13.6,0,1,1,1,1,1,2
36,16,10.9,0,1,0,0,1,0,0
38,16,12.9,0,0,0,0,0,1,0
75,25,7.1,0,0,1,0,0,1,0
49,32,7.9,1,1,0,0,0,0,1
51,28,9.5,1,0,1,1,0,1,2
60,9,13.2,0,1,0,0,0,1,1
65,18,9.3,0,0,0,1,0,0,0
64,23,11.1,1,0,0,0,0,1,0
57,30,9.1,1,1,0,0,1,1,1
64,32,12.8,0,0,1,0,0,1,0
45,24,7.3,1,0,1,0,0,1,1
67,11,10.8,1,0,1,0,0,0,1
72,26,10.7,0,0,0,0,0,1,0
80,11,9.1,0,0,0,0,1,1,0
39,20,11.8,1,0,1,0,0,0,1
69,18,5.8,0,1,1,0,0,1,1
35,34,13.1,1,0,1,0,1,1,1
38,36,8.6,0,0,1,0,0,0,0
72,4,12.6,0,0,1,0,1,0,0
71,21,8.2,0,0,1,0,0,1,0
41,26,7.2,0,1,1,1,0,0,2
44,14,9.0,1,0,1,0,0,0,0
67,26,12.7,1,0,0,0,0,1,0
48,13,11.8,1,1,1,0,0,1,2
70,26,9.1,0,0,1,0,0,1,0
81,15,13.9,0,0,0,0,0,0,0
72,27,9.2,0,0,0,0,1,0,0
64,23,8.7,1,0,0,0,0,1,0
60,22,6.8,1,0,0,0,0,1,0
65,10,6.1,1,1,1,0,1,0,1
76,5,8.6,1,0,0,0,0,0,0
81,4,6.3,0,1,1,0,0,1,1
53,36,9.7,0,0,1,0,1,1,0
74,16,13.2,0,1,1,0,0,1,1
47,32,9.8,0,1,0,0,1,1,0
57,11,9.8,0,0,0,0,0,0,0
53,39,7.8,1,0,0,1,0,0,2
50,33,7.0,0,0,0,0,0,1,0
59,35,7.5,0,0,0,0,1,0,0
60,4,10.6,0,0,0,0,0,1,0
55,23,10.8,0,0,0,0,0,1,0
52,3,7.5,1,0,0,0,1,1,0
43,20,9.1,1,0,0,0,0,0,1
58,1,10.6,0,0,1,0,1,1,0
81,33,12.3,0,0,0,0,1,0,0
74,10,8.4,0,0,0,0,0,0,0
51,3,7.9,1,0,1,1,1,1,1
64,32,12.1,1,0,0,0,1,1,0
38,38,10.1,0,0,1,0,1,1,0
62,31,13.2,0,1,0,0,0,1,1
75,21,7.4,0,0,0,1,0,0,0
74,24,12.4,1,0,0,0,0,0,0
43,24,7.0,0,1,0,1,1,0,1
70,10,10.8,1,1,0,0,0,1,1
42,6,8.1,0,0,1,1,0,0,2
56,28,6.4,0,0,0,0,0,0,0
59,1,11.1,0,1,0,0,0,1,0
40,10,10.1,1,0,1,0,1,0,0
60,30,9.9,1,0,1,0,1,0,1
76,15,10.8,0,0,0,0,0,1,0
36,14,8.9,0,0,1,0,0,0,0
65,24,11.5,0,0,1,0,1,1,0
46,10,6.7,1,0,0,1,1,1,2
53,26,11.9,1,0,0,0,1,1,0
71,1,10.7,1,1,1,0,0,0,2
71,20,9.9,0,0,0,0,0,0,0
35,29,6.6,1,1,1,0,0,1,2
44,34,8.0,0,0,0,0,1,0,0
68,2,8.2,0,0,1,0,0,0,0
50,2,7.6,0,0,0,0,1,1,0
75,2,14.1,0,0,0,1,0,0,1
41,8,13.7,1,0,1,0,0,1,1
47,25,10.4,0,0,1,1,0,0,2
38,18,7.4,0,0,0,0,0,0,0
73,17,13.7,1,0,1,0,1,1,1
65,30,12.2,1,1,0,0,0,0,1
44,8,5.8,0,0,0,0,0,1,0
46,29,9.9,0,0,0,0,0,0,0
68,19,10.9,1,1,1,0,0,1,2
62,37,6.1,0,0,1,0,0,1,0
39,24,5.9,0,1,0,0,0,1,1
62,18,9.7,0,1,0,0,0,0,1
81,10,5.5,0,0,0,0,0,1,0
45,16,5.9,0,1,1,0,1,1,1
68,5,7.0,1,1,0,0,0,0,1
49,15,13.7,1,0,0,0,1,1,0
39,23,12.4,1,1,1,0,1,1,1
55,31,9.6,1,0,0,1,1,0,2
65,30,9.8,1,1,1,0,0,1,2
74,7,11.7,1,0,0,0,0,0,0
41,20,9.8,1,0,0,1,0,0,2
69,39,6.1,0,0,0,0,0,0,0
55,3,12.1,0,0,0,0,0,1,0
74,3,6.0,1,1,0,0,0,0,1
39,31,9.9,0,1,1,1,1,1,2
48,7,13.3,1,0,1,0,0,1,1
68,1,6.6,1,1,1,1,1,1,2
44,27,11.9,0,1,0,0,0,1,0
52,1,5.9,1,1,1,1,1,1,2
51,6,14.4,0,0,0,0,1,1,0
72,20,11.6,1,0,0,0,0,1,0
66,39,14.2,0,0,0,0,1,0,0
51,3,11.5,1,0,1,0,0,1,1
56,2,7.7,0,1,0,0,1,1,1
59,32,13.8,1,0,0,1,0,1,1
50,20,11.1,0,0,0,0,1,0,0
64,36,10.7,1,0,0,0,0,0,0
68,27,9.4,0,1,0,0,0,0,1
39,20,8.1,1,0,0,0,0,1,0
78,19,10.3,0,0,0,0,0,1,0
67,21,8.8,1,0,1,1,0,0,2
39,20,13.2,1,0,1,0,1,1,1
74,5,5.8,0,0,1,0,1,1,1
76,20,10.3,0,1,0,1,0,1,2
37,12,13.0,0,0,0,0,0,0,0
72,10,5.7,1,1,1,1,0,1,2
47,22,8.0,1,0,0,1,1,1,2
42,38,6.0,1,0,0,0,0,1,1
64,28,10.9,1,1,0,0,1,1,1
39,12,8.4,0,0,0,0,1,1,0
72,39,14.1,1,0,0,0,1,1,0
65,10,11.0,1,0,0,0,1,1,0
36,35,10.6,1,0,1,0,1,0,1
41,37,13.8,0,0,1,0,1,1,0
50,17,7.5,0,1,0,0,1,1,0
44,27,10.6,0,0,0,0,0,1,0
63,29,10.4,0,0,1,0,0,1,1
64,26,6.2,0,1,0,0,0,1,1
54,9,13.9,0,1,0,0,0,1,0
76,12,11.8,0,0,0,0,1,0,0
68,26,13.5,1,1,1,0,1,1,2
42,33,14.3,1,0,1,0,0,1,1
68,32,9.8,0,0,0,0,0,1,1
68,11,12.7,1,0,0,0,0,1,0
79,29,10.7,1,0,0,0,1,1,0
70,8,14.3,0,0,0,0,0,1,0
41,25,7.7,0,1,0,0,0,1,1
48,20,5.6,0,0,0,0,0,0,0
54,21,7.2,0,0,0,1,1,1,1
71,4,6.7,1,0,0,0,0,0,0
67,36,9.4,0,0,0,0,1,1,0
65,29,6.2,1,0,1,0,0,1,1
67,19,7.5,0,0,0,1,1,1,1
60,26,6.4,0,0,0,0,0,0,0
60,36,9.9,0,0,1,0,1,1,0
72,25,7.9,0,1,0,0,1,1,0
50,23,9.7,1,0,0,1,0,0,1
46,38,6.3,1,1,0,1,0,1,2
35,28,10.2,0,0,0,0,0,1,0
78,11,6.7,0,0,0,0,0,0,0
54,29,6.4,1,0,0,0,1,1,0
36,20,8.3,0,0,0,0,1,0,0
65,9,13.4,1,1,1,0,1,1,2
52,24,12.6,0,0,0,0,0,1,0
76,13,14.1,1,0,0,0,1,0,1
44,2,9.6,0,0,1,1,1,1,2
40,17,8.3,1,0,1,0,1,1,1
36,27,14.2,0,0,0,0,0,0,0
50,38,8.9,0,0,1,0,0,0,0
39,2,5.6,0,0,1,0,0,1,0
72,33,12.9,1,1,0,0,0,0,1
56,5,7.0,0,0,0,0,0,0,0
56,14,12.0,1,1,0,0,0,0,1
56,27,5.6,0,0,0,0,0,0,0
35,36,6.5,0,0,0,0,0,0,0
70,27,9.9,1,0,0,0,0,1,0
47,14,6.1,1,1,1,1,1,1,2
46,15,13.5,1,0,0,0,0,1,1
47,27,12.2,0,0,1,0,1,1,0
45,8,8.5,1,0,0,0,0,1,0
52,21,10.9,0,0,0,1,0,1,1
56,34,11.9,0,0,1,0,1,1,0
35,28,12.3,0,1,0,0,1,0,1
38,24,9.1,0,0,1,0,1,0,0
43,17,13.6,0,0,1,0,1,1,0
37,6,14.0,0,0,0,0,0,1,0
42,38,7.3,1,0,0,1,1,1,1
43,19,13.7,1,0,0,0,0,1,1
52,1,11.9,0,1,1,0,1,1,1
39,38,13.5,1,0,1,0,1,0,1
56,26,9.3,0,0,0,0,1,0,0
71,5,11.5,0,0,0,0,1,0,0
39,4,7.6,0,0,0,0,1,1,0
57,25,12.3,0,0,0,0,0,1,0
50,22,10.7,0,0,1,0,0,0,0
39,13,9.8,1,0,0,0,1,0,0
71,23,11.7,0,0,0,0,0,1,0
78,33,10.5,1,0,1,1,0,1,2
73,25,12.4,1,0,0,0,0,1,0
37,10,13.2,0,1,0,1,0,1,2
60,18,12.7,1,0,0,0,1,0,0
42,27,8.3,0,0,1,1,1,0,1
55,26,14.3,0,1,0,0,0,1,0
52,2,11.3,1,0,0,0,1,1,0
39,10,8.4,0,0,0,0,0,0,0
40,20,5.9,0,0,1,0,1,0,0
61,38,14.4,0,0,0,0,1,0,0
56,3,10.9,1,1,0,0,1,1,1
56,10,7.5,0,0,0,1,0,0,0
72,28,9.9,0,0,0,0,0,1,0
72,19,9.1,1,0,0,1,1,1,1
77,17,14.1,0,0,0,0,0,0,0
61,23,9.9,0,1,1,0,0,0,1
79,28,9.9,0,0,0,0,0,0,0
80,27,12.7,0,0,0,0,1,0,0
67,32,9.0,1,0,0,0,1,0,1
76,38,7.3,0,0,0,0,1,0,0
65,12,12.4,0,0,1,0,1,1,0
62,20,13.7,0,1,0,0,1,0,0
64,6,5.9,0,1,0,0,0,0,1
68,3,13.2,1,0,1,0,0,1,1
79,3,9.4,1,1,0,0,0,1,1
51,23,8.1,1,1,0,0,0,1,1
69,9,5.9,0,0,0,0,0,0,0
70,33,7.3,0,0,0,0,1,0,0
40,36,8.5,0,0,1,1,1,1,1
79,12,6.1,1,0,0,1,1,1,2
63,26,7.2,0,1,1,0,0,1,1
57,37,12.1,1,0,1,0,1,1,1
48,10,11.7,0,0,0,0,0,1,0
43,11,12.4,0,0,0,0,1,1,0
49,19,7.0,1,0,0,0,1,1,0
72,5,5.9,0,0,1,0,1,1,0
59,24,9.7,0,0,0,1,0,0,1
54,35,8.6,0,0,0,0,0,1,0
77,28,12.5,0,0,0,0,1,1,0
56,30,10.3,1,1,1,1,0,1,2
41,19,13.9,1,1,0,0,0,1,1
52,6,6.1,1,0,0,0,0,0,0
51,39,8.8,0,0,0,0,1,1,0
48,19,9.1,1,0,0,1,0,1,2
60,31,6.6,0,0,0,1,0,0,1
74,11,10.7,0,0,0,0,0,1,0
66,17,5.9,0,1,1,0,0,1,2
63,17,11.9,0,0,0,0,0,1,0
74,15,5.8,1,0,0,0,1,1,1
41,6,13.4,0,0,0,0,1,0,0
43,32,6.1,0,0,0,0,1,1,0
46,11,9.6,1,1,0,0,0,0,1
37,13,6.9,0,0,0,0,0,1,0
66,17,6.7,0,0,0,0,0,0,0
67,28,12.0,1,0,1,0,0,1,1
49,18,12.5,1,1,0,0,0,1,2
43,28,12.2,0,0,1,0,0,1,0
78,16,9.1,0,1,0,0,1,1,1
51,36,14.4,1,0,0,0,0,0,1
62,20,8.6,0,0,0,0,0,1,0
79,39,7.7,1,0,1,0,1,0,1
47,27,14.5,0,0,0,0,1,1,0
81,33,14.3,0,0,1,1,0,1,1
55,2,10.8,1,0,0,0,1,0,1
