age,gender,bmi,systolic_bp,diastolic_bp,cholesterol,glucose,smoking,alcohol,physical_activity,diabetes_duration_years,cardio_risk
78,0,35.5,161,95,3,1,0,0,1,17,1
68,1,24.9,115,107,3,2,1,0,1,13,1
54,0,28.0,167,76,1,2,0,0,1,25,0
47,0,20.9,114,91,2,2,0,0,1,14,0
60,1,22.9,154,100,1,2,0,0,0,7,1
78,0,36.9,134,65,1,3,1,0,0,10,1
58,0,35.3,154,83,2,2,0,0,1,3,1
62,1,32.4,113,86,3,2,0,0,0,2,0
50,0,39.5,148,79,1,1,0,0,1,19,1
50,0,32.2,182,84,3,1,1,0,0,7,1
63,1,29.5,106,61,3,1,0,0,0,5,0
75,1,26.5,129,68,3,2,0,0,1,28,0
79,1,40.6,182,87,1,1,1,0,0,3,0
63,0,20.4,148,112,3,1,1,0,1,25,1
42,1,40.4,115,97,1,3,0,0,1,2,1
61,0,37.9,150,62,2,1,1,0,1,23,1
41,1,21.6,171,79,1,1,0,0,1,26,0
63,0,31.8,181,65,1,1,0,0,0,22,1
69,1,38.9,179,98,2,3,1,0,1,6,1
77,1,31.9,182,92,1,1,0,0,1,14,1
41,1,39.8,141,114,1,2,0,0,1,7,0
60,1,40.7,116,60,1,2,0,0,1,22,0
72,0,28.4,162,96,2,2,0,0,1,2,0
51,1,27.4,144,65,1,2,0,0,1,11,0
61,1,40.5,176,104,3,3,0,0,1,21,1
64,0,34.4,106,93,1,1,1,1,0,3,0
66,1,21.2,126,106,1,1,0,0,0,9,0
67,0,19.5,109,74,1,1,0,0,1,8,0
55,1,31.8,133,104,1,1,1,1,0,26,1
54,1,40.4,135,85,1,1,0,1,0,11,0
42,1,38.3,124,73,1,1,0,0,0,18,1
76,0,34.4,105,113,3,2,0,0,1,1,1
46,1,21.8,123,66,2,2,0,0,1,15,0
60,1,24.5,117,105,1,1,0,0,1,4,0
48,1,39.1,105,90,1,2,0,0,1,4,0
78,0,22.8,128,83,3,1,0,0,1,28,0
57,0,25.0,124,90,1,1,0,0,1,10,0
43,1,21.5,154,88,1,2,0,0,1,11,1
64,0,34.4,180,101,2,1,1,0,1,18,1
53,1,40.7,145,91,2,1,1,1,1,23,1
48,1,24.8,123,76,2,2,0,0,1,29,0
65,1,29.7,174,73,1,3,0,0,1,15,1
41,1,33.4,125,99,1,2,1,0,1,3,0
59,1,42.0,127,95,2,1,0,0,1,7,0
67,1,21.0,102,107,1,3,1,0,1,7,1
46,1,30.2,174,83,2,2,0,1,1,17,0
47,0,27.6,137,104,2,2,1,1,1,22,1
74,0,38.8,160,113,1,3,0,0,1,20,1
53,0,29.7,177,86,3,2,0,0,1,27,1
56,0,21.1,150,84,3,1,0,0,1,24,1
75,0,33.4,147,91,2,2,0,0,1,16,1
79,0,36.6,120,111,1,2,0,0,1,16,1
43,0,18.6,153,77,1,2,0,0,1,8,0
41,1,38.7,155,105,1,2,0,0,1,3,1
45,1,22.9,158,77,1,3,0,0,1,20,1
43,1,31.5,171,96,3,3,0,0,1,15,1
68,1,28.3,150,85,1,3,0,1,1,1,0
57,0,35.4,119,68,1,3,0,0,0,10,0
65,0,27.2,158,94,1,3,0,0,1,2,1
73,1,38.9,170,67,2,1,0,0,1,7,0
49,1,35.7,108,79,1,1,0,0,1,14,0
75,0,33.7,100,113,1,2,0,0,1,16,0
53,1,37.2,128,101,1,3,0,0,0,27,1
70,1,36.2,162,81,3,2,0,0,1,28,1
54,1,19.3,171,78,1,2,0,0,1,15,1
47,1,27.8,155,89,3,1,0,0,0,7,0
53,0,40.4,167,112,3,1,1,0,1,13,1
62,1,21.5,134,87,1,2,0,1,1,25,0
79,1,35.8,102,94,2,1,0,1,1,10,0
60,0,41.4,106,102,1,1,0,0,0,9,0
55,0,19.7,126,70,3,1,0,0,1,9,0
57,1,34.5,100,90,2,1,0,0,1,6,0
63,0,29.5,179,108,1,2,0,0,0,24,1
65,1,32.1,170,107,1,1,1,0,0,25,1
64,1,20.5,143,98,1,2,1,0,0,12,1
68,0,19.5,140,95,3,1,1,0,1,23,1
54,1,34.2,174,89,1,3,0,0,0,20,1
40,1,37.8,141,82,2,1,0,0,0,20,0
64,1,36.9,132,78,1,2,0,1,1,22,0
46,1,31.3,149,71,3,2,1,0,1,14,1
48,0,20.8,162,74,1,1,0,0,1,27,0
63,0,34.7,136,90,2,3,0,0,1,20,0
40,1,24.2,158,102,1,2,0,0,0,27,1
47,0,39.9,180,96,2,2,0,0,1,7,1
63,1,38.2,147,96,1,1,1,0,0,8,1
50,1,35.2,104,74,1,3,0,0,1,8,0
56,1,40.8,147,88,1,3,0,0,1,8,1
47,1,19.2,102,109,2,1,0,0,0,2,0
74,1,35.8,146,102,1,1,1,0,1,14,1
74,0,26.3,161,85,2,3,0,1,1,10,0
72,1,39.8,113,103,1,2,1,0,0,18,1
44,0,24.8,162,61,3,3,0,0,1,18,1
78,0,35.5,160,79,3,2,1,0,1,18,1
67,1,39.1,130,74,2,2,0,1,1,16,0
46,1,19.5,116,111,1,1,0,0,1,20,0
48,1,27.8,123,63,1,1,0,0,1,5,0
47,1,36.4,122,81,1,2,0,1,0,20,0
51,1,29.2,181,109,1,3,0,0,0,5,0
73,0,24.8,149,97,2,1,1,0,1,20,1
72,1,23.7,177,82,2,2,0,0,0,23,0
62,1,21.6,178,85,3,2,0,0,1,10,0
63,0,38.6,178,110,1,2,0,0,1,17,1
76,0,32.0,169,70,2,3,0,0,0,13,1
74,1,20.3,126,87,1,3,1,0,0,17,1
79,0,27.5,114,61,2,1,0,0,1,18,0
61,1,27.1,149,67,1,3,1,0,1,13,1
66,0,22.8,135,88,1,3,1,0,1,17,1
74,0,28.7,107,70,1,3,0,0,1,28,0
40,1,26.3,178,96,2,2,0,0,0,15,0
74,0,26.5,102,77,3,3,1,0,1,26,1
76,0,35.9,161,114,1,1,0,1,0,12,1
53,0,23.7,146,109,1,1,0,0,1,28,1
42,0,33.6,176,73,1,3,0,1,1,10,0
40,0,31.9,160,113,2,1,0,0,1,13,1
44,0,31.9,131,69,1,1,1,0,1,11,1
65,1,34.1,112,94,2,3,0,0,1,3,0
53,1,31.4,100,68,3,3,0,0,1,22,1
78,0,39.2,133,94,3,1,1,1,1,10,1
66,1,34.4,161,70,1,3,1,1,1,11,1
48,1,31.4,178,103,3,2,0,0,1,6,1
54,1,38.0,177,71,2,2,1,0,1,1,1
54,0,32.7,181,62,1,3,0,0,0,6,1
65,1,25.3,170,112,2,2,1,0,0,5,1
52,0,23.4,130,98,3,1,0,0,0,7,0
71,1,22.1,163,73,1,1,0,0,1,22,1
78,0,39.6,124,87,1,2,0,0,0,12,0
71,0,35.2,137,70,1,2,0,0,1,12,1
43,1,40.5,113,98,2,3,1,0,1,7,0
69,1,32.7,107,84,1,3,0,0,0,2,0
76,0,29.6,153,80,3,2,1,0,1,28,1
62,1,19.9,101,69,2,3,1,1,0,1,0
78,1,34.3,180,102,2,1,0,0,1,23,1
54,1,32.2,177,74,1,1,1,0,1,25,1
68,0,41.8,155,78,2,3,0,0,1,18,0
75,0,24.1,183,107,1,1,1,0,0,12,1
52,1,31.0,184,81,1,1,0,0,1,7,0
71,1,33.8,160,80,2,2,0,1,1,19,1
46,1,33.6,121,111,1,2,0,1,1,22,0
61,0,31.7,134,103,2,3,0,0,1,3,0
67,0,36.8,115,91,1,1,0,0,0,29,0
41,1,23.3,149,109,1,1,0,0,1,10,0
45,1,35.6,142,82,1,1,1,0,1,29,1
67,1,33.1,116,72,3,2,0,0,0,27,0
67,1,39.6,179,64,2,1,0,0,1,27,0
59,1,38.4,157,63,2,2,0,0,1,11,1
69,1,25.9,101,87,1,3,0,0,1,5,0
50,0,25.0,103,73,1,3,0,0,0,2,0
67,1,41.6,184,67,3,1,1,0,0,8,1
64,0,30.9,138,68,1,2,1,0,1,14,0
78,1,39.8,105,110,1,2,0,0,1,8,0
72,1,22.4,180,94,2,3,0,0,0,23,1
40,0,33.6,168,96,1,3,0,0,1,6,1
66,0,37.5,168,80,3,1,0,0,0,1,1
52,0,40.8,119,77,2,2,0,1,1,24,0
42,0,26.4,163,92,1,1,1,0,1,1,1
78,1,35.5,115,67,1,1,0,0,1,8,0
45,0,31.2,150,110,1,1,1,0,1,11,1
47,1,19.9,136,108,3,2,0,0,1,18,1
66,0,34.7,172,76,2,2,0,0,1,24,0
48,1,34.7,168,102,1,1,0,0,1,10,1
76,1,40.4,141,90,1,2,0,1,1,12,1
72,1,30.2,156,93,2,1,0,0,0,20,1
63,1,23.9,165,65,2,2,1,0,1,23,1
54,1,19.5,108,81,1,1,0,0,0,16,0
71,1,28.3,163,73,1,1,1,0,1,5,0
71,0,25.6,121,62,1,2,0,0,0,16,0
63,1,36.4,133,71,2,1,0,0,1,24,0
51,0,26.8,154,95,3,2,0,1,0,12,1
78,0,40.8,128,71,1,1,0,0,1,6,0
41,1,41.1,137,104,2,2,0,0,1,5,0
42,0,33.1,117,61,1,1,0,0,1,1,0
76,1,40.3,170,61,1,2,0,0,1,19,1
56,0,36.4,164,74,1,3,0,0,1,10,0
41,1,31.4,100,82,3,1,0,0,1,25,1
41,0,22.7,103,88,1,2,0,1,1,14,0
67,1,29.3,103,76,2,1,0,0,1,25,0
62,1,31.7,181,91,1,2,1,0,0,21,1
76,1,38.8,126,66,1,1,0,1,1,3,0
71,1,29.8,142,89,1,2,1,1,1,6,0
72,0,39.6,158,87,2,2,0,0,1,5,0
40,1,34.3,131,73,1,3,0,1,1,17,1
58,0,21.7,132,103,2,2,0,0,1,18,0
41,0,41.9,127,89,1,2,1,0,0,12,1
65,0,30.9,154,76,1,2,0,0,1,5,1
71,1,27.7,159,91,1,3,1,1,1,9,1
45,0,34.0,169,105,1,3,0,0,1,12,1
71,0,21.1,161,65,1,1,0,0,1,20,0
43,0,33.5,179,110,1,3,0,0,0,9,1
50,1,30.2,133,83,2,2,0,0,1,3,0
56,1,28.1,155,65,2,3,0,0,0,1,0
77,0,40.9,112,86,1,3,0,0,1,22,1
63,1,30.8,155,77,1,1,0,1,1,15,1
44,1,23.6,117,83,1,2,1,0,1,10,0
73,0,29.3,153,96,1,1,0,0,1,14,1
45,0,40.1,176,83,1,1,1,0,1,7,0
61,1,22.6,142,97,3,1,0,1,0,4,0
50,0,23.5,138,93,1,2,0,0,1,26,0
55,1,18.8,160,99,1,1,1,0,0,5,1
72,1,18.8,141,106,1,1,1,1,1,20,1
48,1,38.0,180,74,1,2,1,0,0,16,1
45,1,35.7,178,70,2,1,0,0,1,3,0
55,1,26.8,117,81,1,1,0,0,0,17,0
68,1,34.9,122,113,1,1,0,1,1,13,1
42,0,27.8,153,83,2,1,0,0,1,6,0
59,0,40.9,129,60,1,2,0,0,1,26,0
75,1,41.2,157,77,2,1,1,1,1,5,0
58,1,27.7,167,103,2,3,1,0,1,16,1
65,1,38.6,166,71,1,2,0,0,1,11,0
42,0,36.7,170,102,2,1,0,0,1,17,1
58,1,25.8,117,87,1,1,1,0,1,5,0
59,0,24.0,106,99,2,2,0,0,1,6,0
71,1,29.3,139,66,1,2,0,0,0,10,0
46,1,36.9,169,82,1,1,0,1,1,21,0
72,0,41.1,164,80,2,1,0,0,1,1,0
79,0,36.4,167,93,3,3,1,0,0,21,1
78,1,38.6,148,70,3,1,0,0,1,10,1
57,1,32.7,151,81,2,1,0,0,1,17,1
79,1,38.1,128,101,1,3,0,0,0,27,1
40,0,36.9,120,94,1,2,1,1,1,3,1
50,0,27.4,177,111,1,1,1,0,1,28,1
67,0,31.5,108,88,1,2,0,1,0,29,0
64,0,37.4,146,101,1,1,0,0,1,2,0
62,0,19.6,175,87,3,2,0,0,1,29,1
70,0,37.5,141,77,1,2,0,0,0,17,0
69,1,22.7,150,73,1,3,0,0,1,4,0
74,1,30.6,155,77,1,3,0,0,1,2,1
46,0,37.5,150,87,3,3,0,0,1,5,1
55,1,24.5,169,83,2,3,0,0,1,10,1
65,1,24.3,119,67,2,2,0,0,1,1,0
41,0,28.0,126,101,1,1,1,0,1,28,0
40,1,39.5,137,113,3,2,0,0,0,26,1
51,0,18.5,171,104,1,2,0,0,1,1,1
44,0,39.7,164,112,3,3,1,0,1,27,1
76,1,22.1,153,67,2,1,0,0,0,26,0
71,0,41.8,123,63,1,3,0,0,1,4,0
48,0,40.9,146,86,1,3,0,0,0,7,1
74,0,30.1,170,95,2,3,0,0,1,14,1
58,0,30.5,182,64,1,3,0,0,1,14,1
55,0,29.8,162,92,3,1,0,0,1,18,1
42,0,33.4,156,108,1,1,1,1,0,2,1
59,0,20.6,154,93,1,1,0,0,1,1,0
63,0,19.3,159,89,1,1,0,0,0,21,1
72,1,19.9,161,67,1,2,0,0,1,22,1
63,1,28.9,129,98,1,3,0,0,1,16,1
50,1,25.0,121,106,1,3,0,0,1,29,1
47,0,33.1,174,85,2,2,0,1,1,22,1
75,0,41.8,183,96,1,1,0,0,1,18,1
77,1,27.6,128,93,3,1,0,0,0,16,1
79,1,32.0,140,66,2,1,1,0,1,28,0
59,1,28.3,141,99,3,1,0,0,1,28,1
74,0,38.4,164,87,1,2,1,1,1,23,1
64,1,39.7,130,98,1,1,0,0,0,22,0
74,1,39.1,129,98,1,1,0,0,1,24,0
64,0,41.4,117,87,2,1,1,0,1,6,0
68,1,19.1,116,73,3,2,0,0,1,25,0
57,0,38.2,137,112,1,2,0,0,1,10,0
57,0,36.2,113,109,1,2,0,1,1,2,0
41,0,23.9,178,97,3,2,0,0,0,7,1
74,1,41.0,155,63,1,3,0,0,0,21,1
55,1,22.0,121,101,2,1,1,0,1,17,1
75,0,34.5,166,77,2,2,0,0,1,3,0
72,1,23.8,155,103,3,2,1,0,1,20,1
43,1,28.6,118,107,1,2,0,0,1,12,0
72,1,35.4,156,84,1,3,0,0,1,2,1
53,1,31.7,143,66,2,1,0,0,1,7,0
60,0,28.5,134,97,3,2,1,1,1,17,1
59,1,26.2,100,87,1,1,1,0,1,19,0
47,0,38.2,151,64,1,2,0,0,1,12,1
46,0,21.9,184,62,2,1,0,0,1,9,1
42,1,28.6,169,103,3,1,0,0,0,27,1
56,0,39.7,136,90,3,2,0,0,0,14,1
72,1,38.4,164,106,3,2,0,1,1,2,1
51,1,27.9,150,101,1,1,1,0,1,21,1
61,0,36.4,100,79,1,2,0,0,1,4,0
61,0,37.8,120,78,2,2,0,0,1,28,0
69,0,39.4,152,107,3,1,0,0,0,19,1
77,0,31.3,115,70,1,2,0,0,0,21,0
77,1,23.3,160,99,1,2,0,1,1,16,1
47,1,24.5,153,62,2,2,0,0,1,22,0
66,1,25.4,139,82,1,1,1,0,1,17,0
66,0,32.5,125,66,1,1,0,0,0,2,0
73,0,19.3,179,82,2,2,0,0,1,17,0
60,0,33.4,164,66,2,3,0,0,1,19,1
69,1,27.1,173,105,2,2,0,1,1,8,1
72,0,25.4,163,93,1,1,0,0,1,24,1
67,1,39.2,142,101,2,2,1,1,0,20,1
72,0,29.3,116,78,2,3,0,0,1,6,0
44,1,20.7,158,68,2,1,1,0,1,12,0
58,1,37.9,122,107,2,3,0,0,1,25,1
43,0,19.6,106,110,1,3,0,0,1,23,0
74,0,35.6,143,77,1,1,1,1,0,18,1
56,1,36.7,152,100,1,3,0,0,1,27,1
67,1,26.8,170,107,1,1,1,0,1,2,0
69,0,37.9,178,104,2,3,0,0,0,19,1
68,0,30.6,133,101,3,2,0,0,0,24,1
45,1,29.4,145,84,2,2,1,0,1,10,0
74,0,19.6,167,111,2,2,1,0,0,25,1
76,1,25.3,177,73,1,3,0,0,1,29,0
63,1,40.4,177,103,1,1,0,0,1,3,0
68,0,27.7,115,84,1,2,0,0,1,25,0
70,0,31.3,170,78,1,1,1,0,1,28,1
74,0,31.0,118,98,1,1,0,1,0,12,1
72,0,32.4,101,114,2,1,1,0,0,26,1
60,0,19.9,109,74,3,2,0,1,1,16,0
71,1,27.0,149,75,1,1,0,0,1,12,0
62,1,35.5,180,86,1,1,0,0,1,8,0
72,0,23.2,111,99,2,1,0,0,1,5,0
42,0,23.3,169,69,1,1,1,0,0,11,1
57,0,18.7,121,63,3,2,0,1,0,10,0
64,1,28.8,131,110,2,3,1,0,1,3,1
70,0,39.2,183,78,3,1,0,0,1,27,1
42,0,19.7,100,87,1,3,0,0,1,23,0
79,1,23.0,153,80,2,2,1,0,0,9,1
63,1,25.8,157,106,1,2,0,0,0,12,1
71,0,35.7,169,73,2,2,0,0,1,6,0
61,0,33.6,182,92,1,3,0,0,1,19,1
62,0,28.3,117,107,1,1,1,0,1,16,1
41,1,36.3,105,69,2,2,1,0,1,21,1
66,0,32.8,144,78,2,2,0,0,1,23,1
41,0,39.6,122,89,3,2,1,0,1,24,1
65,0,37.7,122,81,2,3,0,0,1,29,1
56,1,24.4,125,62,2,1,0,0,0,14,0
79,1,24.9,176,96,1,2,1,0,1,28,1
72,0,21.4,106,100,2,2,0,0,0,4,0
48,0,26.4,178,77,2,1,1,0,0,18,1
78,1,42.0,143,70,3,1,0,0,0,10,0
68,1,28.0,126,107,3,2,0,0,1,18,0
65,1,23.7,125,61,1,3,0,0,1,12,0
74,1,36.4,178,71,3,2,0,1,0,19,1
64,1,31.2,135,113,1,3,1,1,1,8,1
63,1,22.0,154,65,1,2,0,0,1,1,0
52,1,27.4,163,102,2,1,0,0,1,14,0
46,1,28.2,156,99,1,1,0,1,1,23,0
75,1,36.2,168,103,2,1,0,0,0,6,0
59,0,19.0,160,88,1,1,1,0,0,14,1
40,0,24.8,101,89,1,1,0,0,1,2,0
47,0,30.7,154,61,2,2,0,0,1,9,0
55,1,24.8,179,68,2,2,1,0,1,29,0
53,0,33.3,137,106,3,1,0,1,1,12,1
51,1,29.8,179,61,2,1,1,0,1,5,0
62,1,27.0,177,88,2,1,0,0,1,2,0
54,0,40.8,128,92,1,2,0,0,1,19,1
67,1,33.4,125,69,1,1,1,0,0,7,0
73,0,21.6,134,93,1,1,0,0,1,7,0
41,0,31.7,178,103,2,3,0,0,0,10,1
71,0,36.8,166,114,2,3,0,0,0,17,1
62,1,35.1,128,67,1,1,0,1,0,26,0
61,0,22.5,133,96,2,2,0,0,1,14,0
64,1,41.4,140,113,2,1,1,0,0,27,0
61,0,29.0,140,92,1,3,0,0,0,11,1
61,0,22.2,122,106,1,2,0,0,1,28,0
45,0,22.7,170,65,3,1,1,0,1,20,1
54,1,20.8,102,103,2,2,0,1,1,6,0
76,1,37.4,157,99,3,1,0,1,1,8,1
72,1,21.4,131,104,1,1,1,0,0,19,0
47,0,21.4,130,78,3,1,1,0,0,19,1
44,0,38.5,181,91,1,2,0,0,0,24,1
78,1,26.6,142,86,1,1,0,0,1,24,0
43,1,19.2,106,60,3,1,0,0,1,24,0
45,1,19.7,100,102,1,1,0,1,0,17,0
71,1,21.8,160,111,2,1,0,0,1,24,1
69,1,23.5,113,92,1,3,1,0,1,24,1
74,1,34.1,151,99,2,1,1,0,1,18,1
79,0,22.2,105,91,3,1,1,0,1,12,1
55,1,21.3,109,64,1,2,0,0,0,9,0
52,0,36.5,170,76,2,3,1,0,0,23,1
69,0,34.3,129,67,1,3,0,0,1,24,1
58,1,28.7,120,101,2,2,0,0,1,16,0
56,1,31.4,159,93,1,1,0,0,1,18,1
58,0,25.8,180,68,1,2,0,0,1,16,1
67,1,29.8,173,82,1,2,1,0,1,16,0
65,1,30.4,162,94,1,1,0,1,1,4,0
76,0,27.6,141,109,3,3,0,0,0,23,1
65,0,39.8,150,66,1,1,1,0,1,22,1
62,0,18.9,163,74,1,3,0,0,1,7,0
48,1,36.9,175,112,1,3,1,0,1,1,1
51,0,21.4,155,113,1,2,0,0,1,24,1
40,1,37.2,179,79,2,3,0,0,1,29,1
40,0,33.0,140,109,3,2,1,0,1,23,1
73,0,38.3,131,84,1,1,0,0,1,29,0
71,0,20.8,114,62,3,2,0,0,1,20,0
64,1,31.6,161,114,2,1,0,0,1,1,0
79,1,30.3,126,105,1,1,0,0,1,8,0
40,0,35.1,127,83,2,2,0,0,1,26,0
55,0,31.1,180,93,2,1,0,0,1,23,1
78,0,31.2,163,105,2,1,0,0,1,8,1
44,1,28.6,158,81,3,2,1,0,1,10,1
61,0,25.8,157,70,1,3,0,0,1,1,0
68,1,29.8,101,107,3,1,0,1,1,21,0
42,0,21.3,135,67,2,1,0,1,0,25,0
51,0,41.1,170,98,1,1,1,0,1,21,1
65,0,35.3,112,102,2,2,1,0,1,29,1
55,0,40.9,114,94,1,1,0,0,1,14,1
76,0,23.8,159,108,3,2,1,0,1,14,1
61,0,39.2,121,105,2,1,0,0,1,10,1
68,1,37.5,162,97,1,1,0,0,0,28,1
53,0,34.4,174,67,1,3,0,0,1,19,1
67,1,33.2,173,113,2,1,0,0,0,25,1
44,0,25.9,124,96,1,2,0,0,1,29,0
69,0,37.7,147,86,1,1,0,0,1,16,1
44,1,30.3,142,87,1,2,1,0,1,9,0
51,0,20.2,137,99,1,2,1,0,1,20,0
55,1,25.9,140,93,1,1,0,0,1,16,0
65,1,40.5,144,91,1,1,0,0,0,20,1
65,0,38.5,139,74,1,1,0,0,0,27,0
60,1,41.6,116,103,2,2,0,0,1,8,0
78,1,33.3,156,76,2,3,0,0,1,7,0
75,0,24.3,101,92,1,2,0,0,1,11,0
72,1,22.3,161,106,1,2,0,0,0,21,1
69,0,22.9,108,105,2,1,1,0,0,6,0
76,0,19.0,167,111,1,1,0,0,0,15,0
62,0,27.7,180,113,1,1,0,0,0,19,0
49,0,23.0,116,75,1,1,0,0,1,14,0
44,1,28.2,149,88,3,1,0,0,0,15,1
75,0,40.5,139,68,2,2,1,0,1,6,0
73,0,28.6,157,92,2,2,0,1,0,29,0
70,1,39.1,174,108,2,3,1,0,1,24,1
49,0,32.7,184,88,2,1,1,0,1,10,0
58,0,24.3,120,72,1,2,0,0,0,14,0
71,1,26.9,117,80,2,3,0,0,1,16,0
40,1,20.5,154,80,1,2,1,0,1,13,0
44,1,26.3,128,64,2,1,1,0,0,11,1
43,1,34.4,123,69,2,1,0,0,1,25,0
55,1,20.2,173,65,2,1,1,0,1,3,0
63,1,23.3,116,110,1,1,1,0,1,8,0
55,1,27.5,117,72,1,2,0,1,1,28,0
41,0,41.6,141,60,2,1,0,0,1,3,0
67,1,36.9,183,79,2,1,1,0,0,2,0
71,1,35.7,144,106,3,2,0,1,1,21,1
66,1,21.2,181,105,1,3,0,1,0,14,1
59,0,36.9,116,67,2,2,0,0,1,20,0
63,0,37.0,172,69,2,2,0,0,1,29,1
51,1,32.6,113,68,3,1,0,0,0,21,0
74,1,41.8,148,108,2,1,1,0,1,22,1
72,1,26.1,128,100,2,1,0,1,1,15,0
72,0,40.6,103,62,2,2,0,0,1,3,0
76,0,40.0,181,70,2,3,0,0,1,1,1
51,1,18.8,119,71,3,1,0,1,1,15,0
42,0,29.1,146,69,1,2,0,0,1,20,0
40,1,41.5,108,84,1,1,0,0,1,22,0
72,0,20.9,176,108,3,2,0,1,1,2,1
79,0,31.4,178,108,2,1,0,0,0,18,1
49,1,41.5,126,84,2,1,0,0,0,1,0
68,1,31.6,114,70,1,3,0,0,1,9,1
52,1,23.0,118,113,1,2,1,0,1,3,0
51,1,32.2,151,95,2,2,0,0,1,2,0
70,0,23.3,125,98,2,1,0,0,1,4,0
41,0,30.7,125,112,1,1,0,1,0,16,1
74,0,20.2,125,85,1,1,0,0,0,22,0
62,1,32.7,145,73,3,3,0,0,1,1,1
56,0,30.6,148,98,1,3,0,0,0,9,1
65,1,35.9,181,99,3,2,0,0,1,25,1
47,0,33.3,152,60,1,1,1,0,1,8,1
68,1,31.4,102,113,2,3,1,0,0,6,1
65,1,34.7,165,63,3,2,0,0,0,20,1
49,0,21.9,141,89,2,2,0,0,1,18,0
65,1,32.5,118,71,1,1,0,1,1,16,0
73,1,22.5,116,94,2,2,1,0,1,8,0
46,0,40.2,132,72,1,2,1,0,1,23,0
43,1,20.1,175,111,1,3,0,0,1,28,1
50,1,28.6,148,90,3,3,0,1,0,4,0
68,1,34.9,155,97,2,1,0,0,0,3,1
75,0,29.3,162,102,2,2,0,0,1,15,1
64,0,20.7,102,82,1,3,0,0,0,6,0
60,1,31.5,148,63,1,1,0,0,0,1,0
75,0,33.6,154,111,1,1,0,0,1,18,1
49,1,35.0,125,75,2,1,1,0,1,23,1
76,1,27.3,171,66,2,2,1,0,0,11,1
48,1,31.7,151,81,2,1,0,1,1,3,1
63,1,29.1,106,88,3,2,0,0,1,13,0
74,1,34.3,145,70,1,1,1,0,0,17,1
74,0,32.2,145,92,1,3,0,0,1,18,1
75,1,30.9,115,88,1,1,0,0,0,26,0
57,0,24.4,123,98,1,1,0,0,1,26,0
78,0,18.5,160,71,1,2,0,0,0,14,0
71,1,22.6,153,66,3,2,0,0,1,25,1
63,1,21.3,161,114,1,1,0,0,0,7,0
62,0,29.1,100,98,3,1,0,0,1,7,0
71,0,32.9,148,101,1,1,0,0,1,14,1
76,0,23.5,124,107,3,2,0,0,1,26,1
51,1,40.6,109,85,2,3,0,0,1,24,0
52,0,18.7,179,99,3,2,1,0,0,15,1
62,1,36.6,115,68,1,2,0,0,1,12,0
64,1,33.2,157,100,2,2,0,0,0,12,1
74,1,27.3,171,93,3,1,0,1,1,8,1
69,0,19.7,128,104,1,3,0,1,0,16,1
56,1,33.2,105,72,1,3,0,1,1,9,0
59,1,27.6,115,114,1,1,0,0,1,2,0
64,1,40.5,119,114,3,1,0,0,1,14,1
61,1,31.2,179,95,2,1,0,0,0,24,1
52,1,40.6,170,84,2,1,0,0,1,24,1
58,0,23.7,177,83,1,2,0,0,1,29,0
75,1,35.6,142,103,1,2,0,1,1,16,1
51,1,33.0,125,76,3,3,0,0,1,5,0
58,0,35.9,177,61,1,2,0,0,1,5,0
51,1,23.5,170,72,2,2,0,0,1,20,0
48,0,34.1,132,90,3,2,0,1,0,21,0
46,1,30.2,125,88,1,1,0,0,1,18,0
67,0,36.0,144,109,2,1,0,0,1,18,1
53,0,26.2,183,87,1,2,0,1,1,5,0
70,1,39.4,162,86,2,1,0,0,1,11,0
58,1,20.5,166,74,1,1,0,0,1,13,1
55,1,37.5,151,90,2,3,0,0,1,3,1
44,0,38.7,167,99,1,2,1,0,1,17,1
74,0,37.7,125,74,1,1,1,0,1,25,1
51,0,30.5,174,92,2,2,0,0,1,18,1
64,1,28.8,101,79,1,3,0,1,1,14,0
60,0,41.9,113,101,2,1,0,0,0,12,1
75,0,23.9,129,71,1,1,0,0,0,14,0
62,1,31.4,148,96,2,3,0,0,0,26,1
55,0,34.3,111,68,1,1,0,0,1,18,0
78,0,35.0,143,82,2,1,1,0,1,20,1
78,1,23.3,132,67,1,2,0,0,1,2,0
53,0,33.9,112,91,1,3,0,0,1,7,1
70,1,37.7,177,107,1,1,0,0,1,15,1
44,1,19.7,125,73,2,1,0,0,1,28,0
74,1,39.9,120,86,1,1,1,0,1,10,0
62,1,19.2,127,84,3,3,1,0,0,15,1
68,1,26.9,147,72,3,1,1,0,0,17,1
50,0,18.9,139,114,1,2,0,0,0,11,0
57,0,20.3,165,80,2,3,0,0,0,2,1
51,1,39.9,172,104,1,1,0,0,0,27,1
48,1,26.8,178,90,1,3,0,0,1,21,0
49,0,28.5,176,96,2,3,0,1,0,18,1
56,1,23.6,122,107,2,3,0,0,0,25,1
77,1,32.5,180,102,2,1,0,0,0,4,0
46,1,32.5,147,113,1,2,0,0,1,9,0
52,0,27.2,101,64,1,3,0,0,1,27,1
79,0,26.3,183,72,1,3,0,0,1,28,1
48,1,39.3,119,87,2,1,0,0,0,17,0
66,1,27.5,158,102,2,3,0,0,1,17,1
41,0,30.1,145,84,2,1,0,0,0,17,1
44,0,25.2,102,110,1,1,0,0,0,16,0
68,1,37.0,154,94,1,2,0,0,1,20,1
76,1,27.8,111,106,1,3,1,1,1,25,1
77,0,30.6,139,98,1,2,0,1,1,8,0
58,0,24.5,165,66,1,2,0,0,1,23,0
47,0,41.7,177,97,3,3,0,0,1,15,1
40,1,25.4,115,91,3,1,1,0,0,1,1
61,0,36.6,182,62,2,2,0,0,1,19,1
56,1,28.5,133,104,1,1,0,1,0,25,0
46,0,23.3,143,98,1,1,0,0,1,15,0
64,0,37.3,105,96,3,2,0,0,0,9,1
43,0,26.3,176,114,1,3,0,0,1,5,0
75,0,38.8,163,109,3,2,0,0,1,16,1
45,1,40.0,121,81,1,3,1,0,1,28,1
70,1,38.7,117,67,1,1,1,0,0,13,0
58,0,19.3,111,76,3,1,0,0,1,16,0
78,1,37.0,151,111,1,2,0,0,1,22,1
66,0,28.2,150,86,2,1,0,0,1,11,1
49,0,39.0,170,92,2,1,1,0,1,13,1
65,0,33.5,147,105,1,2,0,0,1,6,0
58,0,38.1,118,76,1,1,1,0,0,26,0
78,1,30.2,105,101,2,1,0,0,1,20,0
42,0,31.1,183,71,2,2,0,1,0,17,0
52,0,21.9,126,107,1,2,1,1,0,5,0
67,1,36.9,152,105,3,3,0,1,1,29,1
59,0,28.4,147,86,1,2,0,0,1,17,0
67,0,30.3,106,107,1,2,0,1,0,1,0
47,0,36.9,158,67,1,3,0,0,0,27,1
78,1,32.6,168,82,1,3,0,1,1,5,0
40,0,23.2,110,101,1,1,0,0,0,5,0
42,1,32.4,114,108,3,1,0,1,1,7,0
52,0,28.1,163,88,1,2,1,0,1,16,0
67,0,29.5,102,109,1,2,1,0,1,18,0
64,1,19.2,168,79,1,3,0,0,0,6,0
72,0,23.4,122,75,2,2,0,0,0,2,0
77,0,25.1,152,76,3,2,0,0,1,13,0
45,1,35.3,136,75,1,3,0,0,1,10,0
71,1,18.8,108,78,1,2,0,0,0,21,0
60,1,28.1,114,67,1,1,1,0,0,20,0
55,1,40.2,102,97,1,3,1,0,0,11,1
60,1,21.1,169,97,1,1,0,0,1,26,0
50,0,30.6,116,112,1,3,0,0,1,21,1
76,1,37.0,125,88,1,3,0,0,1,2,0
75,0,40.6,120,100,2,2,0,0,1,8,0
74,0,36.0,171,95,1,2,0,0,1,24,1
58,0,35.4,120,85,3,2,0,0,1,22,1
59,1,37.9,110,90,3,1,1,0,0,19,1
57,1,29.0,137,103,2,1,0,0,0,20,0
53,0,37.4,171,71,1,2,1,0,0,17,1
54,1,18.7,134,114,1,3,0,0,1,16,0
70,1,40.2,113,76,1,2,0,1,1,25,0
40,1,28.9,113,74,2,1,1,0,1,10,0
42,1,31.5,109,68,1,2,1,0,0,5,0
55,0,24.5,111,98,3,3,0,0,0,14,1
62,0,35.9,137,101,3,2,0,0,0,24,1
50,1,20.3,133,107,1,2,1,0,1,19,1
51,0,39.0,140,71,2,3,0,0,0,4,0
49,1,38.0,109,91,1,2,0,0,0,20,0
71,1,23.6,116,84,1,2,0,0,1,16,0
55,0,37.5,116,98,1,3,1,0,0,24,1
47,0,37.0,166,77,1,1,1,0,1,15,1
77,0,33.4,161,74,3,3,1,1,0,28,1
51,1,27.3,100,91,1,1,0,0,1,9,0
63,0,24.9,111,65,1,1,0,0,1,3,0
67,1,23.9,103,103,2,3,0,1,1,23,1
47,0,26.0,141,102,2,1,1,0,1,9,0
67,0,39.7,112,111,1,2,0,0,1,18,0
75,1,20.3,184,94,3,3,0,0,1,4,1
65,1,38.0,103,93,2,3,0,0,1,19,0
47,1,26.7,181,97,1,3,0,0,1,24,1
67,1,30.8,168,113,1,1,1,0,1,4,1
67,1,37.2,118,64,1,2,0,0,1,9,0
76,1,39.3,101,77,3,1,1,0,0,1,0
75,1,26.6,111,75,2,2,0,0,1,1,0
66,1,29.4,180,67,3,3,1,0,1,20,1
56,0,28.2,173,84,1,1,1,0,1,19,1
48,1,18.8,105,91,1,2,0,0,0,3,0
72,1,25.5,107,85,1,2,1,0,1,10,0
59,0,29.3,150,111,1,2,0,0,0,12,0
52,1,28.2,110,81,2,3,1,0,1,18,0
67,0,35.5,162,90,2,1,1,1,0,14,1
68,0,27.5,156,102,1,2,1,0,1,10,1
52,1,30.0,111,69,1,3,0,0,0,10,0
74,0,28.6,172,71,1,2,0,1,0,18,1
45,1,35.9,101,112,1,1,0,0,1,24,0
57,0,38.8,107,87,1,2,0,1,1,1,0
44,0,31.0,110,65,1,1,1,0,0,15,1
64,0,37.1,152,79,1,1,1,0,1,8,1
41,1,25.5,109,64,1,3,1,0,0,26,0
49,1,31.2,184,82,1,2,0,0,1,3,0
69,0,26.6,183,68,1,3,1,0,1,18,1
44,0,28.2,107,88,2,3,1,1,0,9,0
72,1,35.7,135,75,1,2,1,0,1,16,0
40,1,39.2,175,113,3,1,0,0,0,21,1
57,0,21.4,113,105,1,2,0,0,1,15,0
71,0,33.4,153,81,1,1,0,0,1,5,0
50,1,32.2,184,67,1,3,0,0,1,13,1
60,1,21.3,120,79,1,1,0,0,1,22,0
65,1,23.5,149,110,3,1,1,0,1,20,1
64,1,25.8,138,73,1,2,0,0,0,7,0
61,1,22.4,119,98,3,1,0,0,1,16,1
66,0,24.2,106,96,3,1,0,1,1,7,0
52,1,24.8,108,109,2,2,1,0,1,27,1
72,0,26.4,100,93,2,1,1,0,1,25,0
73,1,36.1,125,70,2,1,1,0,0,22,0
74,0,31.9,137,113,1,1,0,0,0,16,0
40,1,41.7,137,99,2,2,0,0,0,13,0
60,1,28.2,160,92,1,2,1,1,0,17,1
45,0,36.2,143,90,1,2,0,0,0,9,0
67,0,39.0,143,113,1,2,0,0,1,12,1
56,1,34.5,173,103,2,1,0,0,1,13,1
44,1,28.2,161,93,3,3,0,0,0,26,1
70,1,36.2,105,109,1,1,0,0,1,9,0
44,1,23.3,116,66,3,2,0,1,0,5,0
77,1,26.2,150,108,1,3,0,0,1,7,1
42,0,31.3,137,113,1,3,0,0,1,1,0
62,0,32.0,123,82,1,1,0,0,1,4,0
76,1,19.0,150,105,1,1,0,0,1,28,1
76,0,40.7,109,66,1,2,0,0,0,26,0
49,0,34.9,171,113,2,1,0,0,1,4,1
49,0,30.1,120,84,3,3,0,0,1,16,1
58,1,40.4,169,62,1,2,0,1,1,5,0
56,0,28.8,184,97,1,2,0,0,0,22,1
60,1,41.5,156,79,3,1,0,0,1,4,1
53,0,30.5,138,93,2,2,0,0,1,6,0
48,1,21.2,132,108,1,2,1,0,1,26,1
40,0,36.5,158,103,1,3,0,1,0,23,1
52,1,34.5,117,103,3,1,0,0,0,3,1
43,1,36.7,155,89,2,1,0,0,1,25,1
40,0,40.9,156,76,1,1,1,0,0,8,1
79,1,36.7,175,69,1,1,0,0,0,17,1
71,1,32.9,147,94,3,2,0,0,0,29,1
73,1,38.6,141,79,1,3,0,0,0,18,1
67,1,34.3,126,77,3,1,1,0,0,18,0
70,1,28.1,173,104,1,3,1,1,1,26,1
47,1,39.3,151,103,2,1,0,0,0,25,1
78,1,23.7,141,86,1,1,0,1,0,12,0
65,1,35.3,131,108,1,1,0,0,0,25,0
73,0,39.2,125,95,3,1,1,0,1,25,1
42,0,35.7,124,82,1,3,0,0,1,1,0
51,1,34.9,174,91,2,1,0,0,1,23,1
40,1,36.2,122,69,1,2,1,1,0,12,1
44,0,29.4,156,70,1,2,1,0,1,11,1
69,0,39.0,151,97,1,3,1,0,1,13,1
69,0,23.3,130,65,2,1,1,0,0,3,0
56,1,21.5,163,100,1,1,1,0,1,27,1
62,0,25.2,170,106,1,1,0,1,1,25,0
54,1,31.0,132,93,1,2,1,0,1,8,0
76,1,30.5,184,95,2,1,1,0,1,3,1
60,0,37.8,101,96,2,3,0,0,1,17,0
53,1,28.0,117,76,1,2,0,0,0,25,0
41,1,29.9,146,99,1,2,1,0,1,13,1
50,1,18.8,132,99,3,2,0,0,0,10,0
78,1,28.1,183,113,1,1,1,0,1,17,1
77,0,33.7,134,71,3,2,0,0,0,3,0
73,0,18.9,150,80,3,3,0,0,1,13,1
77,1,25.1,117,99,2,3,0,0,1,22,1
73,1,23.4,171,78,1,3,0,0,1,6,0
57,0,19.5,129,62,3,3,0,0,0,14,1
69,1,29.8,143,77,2,1,0,1,1,27,0
54,0,22.8,152,112,2,1,0,0,1,10,0
66,1,36.0,109,110,1,1,0,1,0,20,1
73,1,38.4,151,78,1,1,0,0,1,16,1
77,0,31.3,148,106,1,1,0,0,0,18,1
72,0,41.6,110,65,2,2,1,0,1,13,1
63,0,29.1,165,75,2,2,0,0,0,10,0
54,0,30.6,157,67,1,3,0,0,0,6,0
69,1,41.7,135,107,1,2,0,1,1,10,0
56,0,23.9,132,77,1,3,0,0,1,5,0
44,1,40.6,146,111,2,1,0,0,0,29,1
68,0,19.5,112,107,3,1,0,0,1,6,1
43,0,29.0,139,102,1,2,1,0,0,7,0
49,1,20.1,167,98,1,1,1,0,0,11,1
56,0,35.6,141,108,1,1,1,1,1,16,1
49,0,32.8,118,108,2,1,0,0,0,25,1
56,0,35.1,181,71,2,1,0,0,1,12,1
59,0,27.3,118,104,3,2,0,0,1,12,1
63,1,27.2,157,69,1,2,0,1,1,23,1
44,1,19.6,122,66,3,2,1,1,1,20,0
73,0,26.7,153,105,1,2,0,0,0,26,0
45,0,40.3,179,114,2,1,0,1,1,5,1
41,0,27.4,164,60,1,1,0,0,1,16,0
52,1,38.0,111,108,3,1,1,1,0,29,1
50,1,38.3,123,95,2,1,1,0,1,6,0
62,1,27.3,133,80,2,2,0,0,1,29,0
55,1,33.4,152,96,3,3,1,0,1,9,1
70,0,20.7,107,111,1,2,0,0,1,5,0
50,0,20.9,117,83,1,1,1,0,0,21,0
55,0,19.6,156,114,3,2,1,0,1,23,1
47,1,32.2,104,84,1,2,1,0,1,16,1
43,0,28.5,125,66,1,2,0,1,1,18,0
79,1,31.4,129,101,1,2,0,0,0,19,1
43,1,30.7,153,76,2,2,0,0,1,12,1
64,0,26.7,112,88,1,2,0,0,1,2,0
42,0,34.4,182,89,1,2,1,1,1,26,1
71,0,36.3,128,66,1,1,0,1,1,10,0
42,1,18.8,102,92,1,2,0,0,1,12,0
66,1,23.4,157,66,3,1,1,0,1,14,1
68,0,35.3,175,83,3,1,0,0,1,18,1
71,0,27.6,101,70,2,3,0,0,0,19,0
58,1,34.1,174,68,1,3,0,0,1,6,1
60,0,26.7,127,71,3,1,0,1,1,5,0
44,1,27.7,181,94,2,2,0,0,1,27,1
57,1,22.2,176,63,1,1,1,0,1,16,0
67,0,24.6,175,95,3,2,0,0,1,14,1
61,0,32.7,101,87,2,3,1,0,1,13,1
60,0,28.7,106,72,2,3,0,0,0,21,1
45,0,36.7,125,82,2,2,0,0,0,2,0
40,1,38.5,175,78,1,1,0,0,1,2,0
44,1,31.2,115,101,1,2,0,0,1,12,0
51,1,36.3,122,96,2,1,0,0,1,1,0
65,0,25.7,139,98,1,3,0,0,1,19,0
73,1,28.3,159,83,1,3,0,1,1,28,1
53,0,35.3,172,75,2,2,0,0,1,28,1
65,0,27.6,131,92,2,1,0,0,1,27,0
66,0,32.3,114,71,1,1,0,0,1,16,0
48,0,22.9,112,93,2,1,1,0,1,7,0
65,0,32.6,104,66,3,3,1,0,1,27,1
61,0,38.7,174,70,2,2,0,0,1,21,0
69,1,38.9,173,90,1,1,0,0,1,7,0
56,0,35.5,151,88,1,2,1,0,1,16,1
65,1,36.0,176,72,1,3,0,0,1,25,1
75,1,31.6,140,90,1,1,1,1,1,6,0
40,0,32.2,152,61,1,3,0,0,0,18,1
47,0,21.6,149,98,1,3,1,1,1,1,1
74,0,28.9,114,74,1,3,0,0,1,1,0
54,1,29.1,106,70,3,1,1,0,1,26,1
61,0,41.0,139,93,1,1,0,0,1,25,1
53,1,28.6,127,98,2,1,0,0,0,14,0
65,0,31.4,131,63,2,1,0,0,0,6,0
67,0,31.0,114,70,1,1,0,0,1,6,0
62,1,33.5,184,88,3,2,1,0,0,4,1
53,1,36.1,169,61,2,2,0,0,1,12,0
63,0,23.8,164,75,1,3,1,1,0,18,1
41,1,30.9,103,98,2,1,0,0,1,10,0
65,1,37.9,110,72,1,2,1,0,0,3,0
53,1,29.4,125,96,2,3,0,0,1,3,1
46,1,25.0,160,76,1,3,1,1,1,8,1
42,1,33.9,136,80,3,3,1,0,0,22,1
62,0,37.9,122,103,1,2,0,1,1,23,0
57,0,20.0,184,78,2,3,1,0,1,25,1
77,1,36.8,139,66,1,1,1,0,1,1,0
74,0,37.8,176,97,2,2,0,0,0,18,1
54,0,29.3,122,67,2,1,0,0,1,15,0
64,1,41.6,115,72,1,1,0,1,1,25,0
76,0,37.0,160,96,2,1,1,0,1,21,1
67,1,36.7,167,61,1,1,0,1,1,20,0
49,1,36.1,179,100,3,1,0,0,1,17,1
78,0,22.0,130,70,1,1,0,0,1,25,0
56,1,23.6,152,83,3,1,0,0,1,11,1
78,1,29.4,124,65,3,3,1,0,0,13,1
61,1,24.7,143,85,1,1,1,0,1,25,1
65,1,28.3,111,66,1,2,0,0,1,20,0
64,1,39.4,108,98,1,1,0,0,1,25,1
56,0,37.9,111,78,3,3,0,0,1,10,1
52,0,33.3,168,65,1,3,0,0,1,13,1
59,1,38.7,153,102,2,2,0,0,0,17,1
64,1,36.9,153,88,3,2,0,0,1,21,1
43,0,28.6,127,102,1,1,0,0,1,1,0
49,1,23.2,155,98,2,3,0,0,0,20,1
42,0,30.6,168,61,1,3,1,1,1,16,1
57,1,35.8,176,78,1,3,0,0,1,16,1
75,1,28.8,157,63,2,2,1,0,1,28,1
61,1,34.2,177,65,1,1,0,0,1,21,1
73,1,20.7,174,108,1,3,0,0,1,27,1
47,1,36.1,141,96,3,1,1,0,1,3,1
79,1,37.6,137,87,1,2,0,0,1,2,0
58,1,35.1,167,89,3,1,0,0,1,6,1
76,0,41.2,152,66,3,3,0,0,0,11,1
45,0,37.9,132,68,1,1,0,0,1,29,0
65,0,39.7,170,84,1,1,1,0,0,3,0
73,1,40.4,155,92,2,2,0,0,1,26,1
45,1,37.3,171,60,1,3,0,0,1,1,1
76,1,34.3,150,110,1,2,0,0,1,11,1
72,1,18.6,173,65,2,1,0,0,1,13,0
61,1,29.4,142,77,1,1,1,0,0,5,1
60,1,31.9,114,69,3,3,1,1,1,18,1
45,1,25.6,137,87,1,3,0,0,1,15,0
45,0,26.0,114,70,1,3,0,0,1,18,1
43,1,41.1,104,92,1,2,0,0,1,15,0
69,0,39.5,182,60,3,3,0,0,1,20,1
50,0,38.5,153,72,2,2,1,0,1,20,1
69,1,28.0,150,96,3,2,0,0,1,20,1
70,1,18.8,109,79,1,2,0,0,1,7,0
63,0,20.4,111,60,1,2,1,0,1,17,0
48,0,25.8,103,111,1,3,0,0,1,29,0
42,1,18.9,117,62,1,2,0,0,1,8,0
70,1,18.9,179,77,2,1,0,1,0,28,0
79,0,40.0,135,100,2,1,1,0,1,13,1
76,1,35.1,124,73,1,1,1,1,0,26,0
75,1,25.8,175,90,3,2,0,0,0,16,1
63,1,21.6,135,86,1,1,0,0,0,25,0
70,0,30.5,166,76,3,1,1,0,0,10,1
45,0,18.6,108,114,1,2,0,1,1,29,0
41,0,40.6,160,105,1,2,0,1,0,14,1
59,1,28.2,152,88,1,3,1,0,0,6,1
67,1,28.0,117,95,1,2,1,0,0,20,1
50,0,27.7,142,96,2,3,0,0,0,22,1
43,0,20.1,134,85,1,3,0,0,0,26,0
54,0,33.5,162,112,1,3,0,0,1,7,1
45,1,35.7,177,76,2,2,0,0,1,6,0
69,0,34.4,103,81,2,1,1,1,1,27,0
77,0,21.8,140,84,3,3,0,0,1,17,0
41,1,32.1,144,61,1,1,1,0,0,21,1
54,1,31.9,149,114,2,1,0,0,0,24,1
50,1,38.9,178,81,2,2,0,0,0,8,0
47,0,27.4,127,64,1,1,0,0,1,12,0
65,1,27.2,141,63,1,3,1,0,0,26,1
44,1,33.0,179,95,1,2,0,0,1,25,0
45,0,33.4,175,65,1,2,0,0,0,4,0
65,1,29.5,168,111,1,2,0,1,0,10,0
43,0,28.9,100,80,1,2,0,0,1,6,0
58,0,30.1,138,72,2,1,0,0,1,7,0
59,1,38.7,116,113,2,2,0,0,1,21,1
72,1,29.3,134,96,3,2,0,0,1,27,0
59,1,40.6,145,114,2,2,0,0,1,8,1
51,1,30.3,141,84,1,3,0,0,1,3,0
40,1,40.8,138,85,3,1,0,0,1,8,0
65,1,38.1,148,114,3,1,0,1,0,15,1
53,0,27.0,161,98,1,1,0,0,1,21,1
77,0,38.8,137,79,2,1,0,0,1,1,0
76,1,21.1,122,92,3,3,1,1,1,13,1
50,0,40.2,121,73,2,3,0,0,1,22,0
75,1,33.3,103,95,3,1,0,0,1,18,0
52,0,19.8,148,76,1,2,0,0,1,15,0
42,0,33.6,158,80,1,2,1,1,1,7,1
72,0,41.4,172,105,1,1,0,0,1,15,1
45,1,20.1,167,75,2,1,0,1,1,25,0
49,0,31.5,170,105,3,3,0,0,1,3,1
44,1,36.1,101,75,3,2,0,0,0,26,1
62,0,37.5,148,79,1,3,1,0,1,14,1
49,0,28.2,130,88,1,1,1,0,0,20,0
41,0,23.3,139,87,3,2,0,0,1,4,0
52,0,19.5,147,67,2,1,1,0,1,4,1
79,0,32.1,150,83,1,1,1,0,1,3,1
41,1,29.1,142,62,1,2,0,0,1,5,0
59,1,40.8,154,84,2,1,0,0,0,25,1
40,0,19.9,148,78,2,1,0,0,0,11,0
76,0,34.6,179,92,1,1,0,0,1,8,0
48,0,19.1,156,61,1,1,0,0,0,26,0
56,0,22.5,176,74,3,2,0,0,1,2,0
48,1,29.2,114,81,2,2,1,0,1,28,0
50,0,29.2,126,69,1,1,1,0,1,16,0
54,1,34.6,167,77,1,1,0,0,1,25,0
63,0,39.9,179,81,2,1,0,0,1,28,0
77,1,33.5,163,105,1,2,1,0,1,10,1
74,0,40.9,129,108,1,1,1,1,0,18,1
69,0,39.2,135,86,2,3,1,0,0,7,0
70,1,32.2,166,72,1,1,0,0,1,5,0
44,0,38.1,148,92,2,1,0,0,1,29,1
53,0,33.6,175,64,1,3,0,0,0,7,0
50,0,20.3,154,85,2,2,1,0,1,21,0
48,1,35.9,184,72,1,1,0,0,1,28,1
73,0,20.7,155,86,1,3,1,0,1,6,1
51,0,32.5,167,73,1,2,0,0,1,24,1
74,1,35.0,143,83,3,3,1,0,1,1,1
74,1,20.1,130,62,3,2,0,0,1,29,0
40,1,23.9,157,106,1,2,0,0,1,11,1
79,0,40.0,152,110,2,3,0,0,1,13,1
61,0,33.0,183,108,2,1,0,0,1,12,1
68,0,24.3,178,89,3,2,0,0,1,1,0
47,1,34.7,122,94,1,2,0,0,0,21,0
50,0,32.5,127,107,2,1,0,0,0,15,1
76,0,30.3,115,73,1,1,0,0,1,1,0
53,1,41.4,136,71,1,1,1,0,1,3,1
69,1,34.6,120,87,3,2,0,0,1,26,1
74,1,27.3,178,103,2,2,0,0,1,15,1
60,1,37.3,116,88,1,2,1,0,0,9,0
76,1,39.3,136,102,1,1,0,0,1,14,1
44,0,21.4,176,76,2,2,1,0,0,29,1
58,1,23.2,118,99,2,3,0,0,1,23,0
53,0,23.6,129,108,1,1,0,0,1,28,1
65,0,34.7,144,80,3,2,0,0,1,22,1
43,1,32.7,117,82,1,3,0,0,0,24,0
64,1,33.0,177,79,1,3,0,0,1,8,1
64,1,40.6,161,70,3,2,0,0,1,22,1
57,0,36.7,135,93,1,3,0,0,1,4,1
79,1,21.5,183,69,1,1,0,0,1,20,0
47,1,26.7,151,69,2,3,0,0,1,20,1
78,1,28.7,118,102,3,1,0,1,1,6,0
79,1,27.8,143,65,1,1,0,0,1,1,0
53,1,34.2,106,95,3,1,0,0,0,28,1
71,0,39.5,143,83,2,3,0,0,1,18,0
77,0,25.7,167,71,1,2,0,0,1,6,0
72,0,31.5,133,102,2,1,0,1,1,14,0
62,1,37.1,165,114,1,1,0,0,0,11,1
54,1,28.3,168,82,1,3,0,1,0,17,0
72,1,22.5,154,86,2,3,0,0,0,9,0
64,0,29.7,109,104,3,2,0,0,1,28,1
56,1,19.8,141,96,1,2,0,0,1,22,0
72,1,40.6,140,65,1,2,0,0,1,7,0
41,1,20.3,176,60,1,1,0,0,1,14,0
53,0,28.8,168,65,1,3,0,0,1,28,1
79,1,31.0,109,109,1,1,0,0,1,17,1
79,0,41.7,109,81,1,2,1,0,1,8,0
78,1,22.4,159,100,2,1,1,1,1,28,1
45,0,21.2,150,83,1,2,0,0,1,16,1
45,0,18.7,120,84,1,2,0,0,1,12,0
42,0,22.2,107,74,3,2,0,0,0,12,0
46,1,23.4,164,85,3,1,1,0,1,28,1
47,1,33.3,177,67,1,2,0,0,1,28,0
54,0,23.7,184,110,1,1,1,0,1,5,0
68,0,19.0,129,83,2,1,0,1,1,5,0
72,1,37.9,184,107,1,1,0,1,0,14,1
69,1,27.1,148,97,1,3,0,0,1,6,1
78,0,26.8,108,65,2,2,0,0,1,7,0
66,1,25.6,116,113,1,2,0,0,1,23,0
75,1,41.4,168,94,1,2,0,0,0,21,1
68,1,22.5,157,101,1,2,0,0,1,17,0
77,1,39.6,156,60,1,2,1,0,1,27,1
72,0,36.8,161,105,1,1,0,1,1,9,1
76,1,20.3,151,95,3,1,0,0,0,22,1
66,1,41.7,160,71,1,2,0,0,0,13,1
72,0,24.9,139,97,1,2,0,0,1,9,0
43,0,20.8,137,70,1,3,0,0,1,27,0
61,1,38.0,142,71,3,3,0,1,1,16,1
41,1,35.1,162,101,2,1,0,0,1,4,1
49,1,33.0,118,109,1,1,0,0,1,2,0
44,1,22.2,149,98,3,2,0,0,1,13,1
49,0,29.7,132,66,1,1,0,0,0,13,0
72,0,36.8,112,70,1,1,1,0,1,19,0
77,0,25.6,177,95,1,3,0,0,1,12,1
52,1,25.8,161,111,1,1,0,0,1,4,0
70,1,18.6,142,90,1,3,0,0,1,10,0
75,1,22.6,148,92,2,2,1,0,1,16,1
63,1,39.1,135,72,1,3,0,0,0,28,1
54,0,28.9,109,77,2,1,0,0,1,24,0
68,0,41.6,105,100,1,1,0,0,1,19,1
47,1,27.8,156,83,1,2,0,0,1,8,0
44,0,35.3,100,68,1,1,1,1,1,6,0
68,1,25.1,170,90,3,1,0,0,0,4,0
43,1,27.0,157,114,1,1,1,0,1,7,0
51,0,23.0,120,100,2,1,0,0,1,14,0
41,1,26.7,179,69,1,1,0,0,0,27,0
66,1,31.4,155,61,1,3,1,0,1,13,1
70,0,41.8,119,97,1,1,0,1,0,21,0
75,1,34.1,153,74,1,1,0,1,1,5,0
75,1,23.2,124,62,1,2,0,0,1,9,0
65,0,19.6,127,102,1,3,0,0,1,29,1
66,1,21.5,104,90,2,1,0,1,0,3,0
44,0,31.7,120,65,1,1,1,0,1,10,0
59,1,36.5,117,62,2,2,1,1,1,15,0
50,0,40.6,146,70,1,3,0,0,1,20,1
49,0,18.9,169,74,2,3,0,0,1,21,0
79,0,30.8,156,104,2,2,0,0,0,17,1
77,1,29.6,118,111,1,1,0,0,1,23,0
45,0,33.9,164,87,1,2,0,0,1,24,1
47,0,31.7,102,69,2,1,0,0,1,6,0
62,0,34.6,141,97,3,2,0,0,1,25,1
65,0,34.0,120,106,1,2,0,1,1,3,0
51,0,21.2,139,109,1,3,0,0,1,18,1
65,1,37.3,166,109,3,1,0,0,1,5,1
52,1,21.4,124,66,1,1,1,0,0,13,0
79,1,34.9,154,74,2,2,0,0,1,25,1
57,1,28.3,183,77,1,2,0,0,0,27,0
64,1,30.6,151,77,1,3,0,0,1,1,1
72,1,39.7,143,111,2,1,0,0,0,17,1
79,1,39.4,184,100,2,1,0,0,1,26,1
51,0,37.7,155,83,1,2,0,0,0,3,0
75,1,30.5,154,61,1,1,1,0,0,26,1
43,0,35.8,169,99,2,3,0,0,1,19,1
44,0,30.6,176,79,2,2,0,1,0,21,1
76,1,38.9,172,93,1,3,0,1,1,20,1
47,0,28.0,180,102,2,2,1,1,1,22,1
67,0,41.3,165,85,2,3,1,1,0,12,1
70,0,40.4,118,66,2,1,1,0,1,8,0
48,0,35.9,182,97,2,3,0,0,1,8,1
68,1,25.1,106,89,1,1,1,0,1,15,0
53,1,21.6,162,101,2,2,0,0,1,11,1
79,1,38.6,141,64,2,1,0,1,1,20,0
61,1,22.4,141,70,1,2,1,1,1,1,0
50,1,38.6,158,60,1,1,1,0,0,29,1
62,1,30.0,119,93,1,1,0,0,1,16,0
40,1,28.1,172,60,2,3,0,0,1,14,1
76,1,39.7,116,78,1,1,0,0,1,7,0
60,1,32.7,126,61,2,3,0,0,1,6,0
65,1,32.1,146,80,3,3,0,0,1,21,1
75,0,31.6,101,79,2,1,1,1,0,4,0
62,1,27.2,162,82,3,2,0,0,1,22,1
40,0,37.0,161,80,3,1,1,1,1,8,1
79,0,24.4,118,83,1,1,1,0,0,22,1
54,0,40.6,116,63,2,2,0,0,0,19,0
60,0,39.5,168,71,1,3,1,0,0,25,1
48,1,26.4,138,81,3,1,0,1,1,3,0
48,0,35.6,181,79,1,2,0,0,1,4,0
49,1,32.0,170,77,3,2,0,1,0,13,1
65,1,26.4,180,60,2,3,0,0,0,21,1
74,0,41.7,138,89,2,1,1,0,1,27,0
64,1,19.1,135,92,1,2,1,0,1,2,1
65,0,24.4,139,83,1,2,0,0,1,11,0
50,0,30.7,144,73,2,2,1,0,1,16,1
77,1,30.8,103,95,1,3,0,0,1,10,1
41,1,32.3,124,64,3,3,1,0,0,15,1
46,0,36.2,168,70,1,1,0,0,1,27,1
57,1,33.2,129,83,2,2,0,1,1,10,0
66,1,32.6,175,90,1,1,0,0,1,2,1
73,1,19.8,167,114,2,1,0,1,1,6,0
66,0,27.3,128,72,2,2,0,0,1,14,0
56,0,24.0,172,75,1,1,1,0,1,2,1
63,1,24.7,167,83,1,2,0,0,1,10,0
64,1,31.5,150,72,1,3,1,0,1,17,1
46,1,23.2,123,83,2,1,0,0,1,8,0
45,1,25.4,113,113,2,3,0,0,1,26,1
63,1,24.1,168,85,2,2,0,0,0,16,0
72,0,40.8,117,61,2,2,0,0,0,14,0
68,1,40.7,141,75,1,3,0,0,1,10,1
61,0,32.8,156,97,1,1,0,0,0,13,1
65,1,40.2,182,105,1,2,0,0,1,1,0
67,0,37.0,111,60,1,2,0,1,0,10,0
60,1,32.4,181,108,3,1,1,0,1,22,1
46,0,18.7,116,70,3,3,0,0,1,12,1
56,1,36.7,129,110,1,3,0,0,1,17,1
59,0,35.0,174,94,2,1,0,0,0,24,1
59,0,33.0,122,102,3,1,1,0,1,14,1
61,0,36.4,180,88,1,2,1,0,1,5,0
67,0,30.6,100,96,1,1,0,1,1,19,1
79,0,35.0,178,76,1,2,0,0,0,5,1
46,0,40.5,131,113,2,1,0,0,0,15,1
40,1,27.3,108,98,3,2,0,0,1,13,0
71,0,35.1,114,101,2,1,0,0,0,17,0
52,1,29.7,127,87,1,1,1,0,1,1,0
69,1,34.3,123,88,1,2,0,0,1,28,0
62,1,36.4,159,102,2,2,0,0,0,14,0
58,1,19.6,134,62,3,3,1,0,1,4,0
71,1,33.7,126,111,2,3,0,0,0,25,1
69,0,23.8,182,69,2,1,0,0,1,9,0
68,0,34.2,175,101,1,1,0,0,1,17,0
68,0,29.5,119,73,3,3,0,0,1,3,1
69,1,36.7,164,71,2,3,1,0,1,13,1
55,0,21.4,184,106,1,3,0,0,1,12,1
79,0,33.2,148,101,2,1,0,0,1,16,1
58,0,25.0,100,89,1,3,0,0,1,4,0
57,0,38.5,109,91,1,1,1,0,1,18,1
40,0,40.3,146,91,1,2,0,0,1,23,0
53,1,41.9,158,101,1,3,0,0,0,3,1
41,0,37.2,161,91,1,1,1,0,0,17,1
67,1,36.2,117,85,1,3,0,0,1,1,0
69,1,23.6,145,110,2,1,0,0,1,19,1
77,1,26.4,131,60,1,3,0,0,1,22,0
43,1,29.4,126,101,1,1,0,0,1,4,0
40,1,36.7,117,61,1,3,0,0,0,17,0
47,0,40.0,138,76,2,1,0,0,0,7,0
68,0,22.9,148,89,1,2,0,0,0,2,0
78,0,40.2,181,98,1,2,0,0,1,12,1
42,1,34.8,143,66,3,2,0,0,1,5,1
71,0,32.9,171,111,2,1,0,0,1,16,1
49,0,23.2,153,86,3,2,0,1,0,8,1
49,1,19.8,133,68,1,1,1,0,1,23,0
58,1,31.9,170,81,1,2,0,0,1,27,0
73,1,33.8,135,93,2,1,1,0,1,28,0
72,1,23.5,117,105,1,3,0,0,1,8,0
62,0,31.6,137,108,1,1,0,0,1,13,0
67,1,38.6,158,60,1,1,0,1,1,26,1
71,1,38.1,108,68,3,1,1,1,0,14,1
46,0,40.3,172,79,1,2,1,0,0,11,1
68,0,27.1,171,112,3,1,0,0,0,6,1
47,1,26.0,150,78,3,2,1,0,1,16,1
40,0,36.1,134,95,1,3,0,0,1,23,1
42,1,28.6,181,99,2,2,0,0,0,25,1
63,1,20.6,104,104,2,2,1,0,1,22,1
62,0,25.1,113,63,3,1,1,0,1,25,0
47,0,28.3,129,68,1,2,1,0,1,15,0
76,1,25.4,103,100,2,1,0,0,1,16,1
42,1,26.3,138,81,1,3,0,1,1,13,0
72,1,25.4,183,77,3,1,0,0,1,12,1
67,0,19.5,163,71,1,2,0,1,1,18,0
47,1,33.5,124,101,1,1,1,0,1,29,0
73,1,32.5,127,102,2,3,0,0,1,18,1
74,1,33.9,175,98,3,1,0,0,0,14,1
71,1,23.0,165,68,2,2,0,0,1,2,0
63,1,25.4,177,65,1,1,0,0,1,22,0
53,0,33.1,121,78,1,2,0,1,1,2,0
71,1,32.6,130,107,3,3,0,1,1,3,1
55,1,30.4,122,106,2,2,1,0,1,29,1
43,1,26.7,147,66,3,2,0,0,1,24,0
76,1,40.0,119,75,1,3,1,0,0,8,1
60,0,26.5,137,64,1,2,0,0,1,11,0
53,0,29.2,154,75,2,2,0,0,0,12,0
70,0,34.4,167,60,3,2,0,0,0,4,0
57,1,31.3,178,110,1,2,1,0,1,9,1
46,1,26.7,100,96,3,1,0,0,0,24,0
49,0,28.7,106,98,2,3,0,0,1,17,1
46,0,37.2,156,78,1,2,0,0,1,24,1
72,0,25.0,111,113,1,1,0,0,1,16,0
62,1,21.8,104,96,1,3,1,1,0,17,0
60,1,25.9,149,76,2,1,1,0,1,15,1
58,0,38.5,141,85,1,1,0,1,1,20,0
58,0,20.6,111,81,1,2,0,0,1,26,0
75,0,41.8,117,67,3,3,1,1,1,22,1
68,1,31.2,165,92,1,3,0,0,0,7,1
57,1,41.6,173,61,1,3,0,0,1,10,1
41,1,40.6,178,89,1,3,0,1,1,29,1
40,0,29.1,116,106,2,1,0,0,0,4,0
44,0,23.2,167,79,2,1,0,0,1,24,0
59,1,22.4,170,77,1,3,1,1,1,24,1
50,0,24.1,161,102,2,1,0,0,0,14,1
41,1,35.2,140,69,2,2,0,1,1,14,0
42,0,24.9,133,83,1,2,1,0,0,14,0
62,0,26.5,169,63,1,1,0,1,1,25,0
51,0,29.0,144,96,1,3,0,0,1,14,1
59,0,40.0,157,63,1,2,0,0,1,22,0
44,1,23.0,150,72,2,2,0,0,1,20,0
76,0,18.6,133,84,2,3,1,1,0,18,1
77,1,19.9,143,72,1,2,1,0,0,15,1
69,1,39.8,114,77,1,1,0,0,0,23,0
48,1,33.7,177,83,1,2,0,0,1,26,0
73,0,24.9,169,61,2,3,0,0,1,19,0
74,1,22.7,149,107,1,3,1,0,1,27,1
61,1,25.4,131,92,2,3,0,1,0,13,1
63,1,21.2,166,78,1,2,0,0,1,12,0
56,0,40.6,102,68,2,1,0,0,1,19,0
49,0,36.9,173,87,3,3,0,0,1,19,1
69,1,29.4,150,94,1,3,0,0,1,20,1
62,0,38.8,166,98,1,1,0,0,0,2,1
71,1,24.4,175,69,3,1,1,0,0,29,1
56,1,35.4,147,60,1,3,0,0,1,29,1
56,0,38.6,116,101,2,3,1,0,1,21,1
53,1,26.9,106,80,1,3,0,0,0,3,0
48,0,36.3,112,68,2,3,0,0,0,10,0
79,0,25.4,165,106,1,2,1,0,1,5,1
41,1,25.5,103,74,3,2,0,0,1,12,0
64,0,21.0,109,94,2,2,1,0,0,29,1
78,0,28.8,116,64,2,1,1,0,1,7,0
48,1,35.6,151,100,2,2,0,0,1,9,0
61,1,40.6,105,81,2,2,0,1,1,2,0
43,0,32.7,182,100,1,2,0,0,1,25,1
65,0,38.8,168,82,3,2,0,0,0,10,1
68,1,37.8,173,66,3,2,0,0,1,6,0
73,0,22.6,108,82,1,1,0,0,1,12,0
62,0,29.9,176,103,3,1,0,0,1,6,0
76,0,21.2,182,84,2,1,0,0,1,27,0
50,0,34.5,120,86,2,1,0,0,1,3,0
45,0,40.8,123,100,1,3,1,0,1,10,1
57,0,21.7,103,65,1,1,0,0,1,29,0
60,0,35.7,123,114,1,1,0,0,0,9,0
75,1,33.4,158,93,1,2,0,0,0,20,1
77,1,32.2,102,68,2,2,1,0,1,5,0
73,1,27.7,167,108,1,1,1,0,1,3,0
56,1,26.8,139,92,1,3,0,0,1,5,0
76,1,19.6,147,110,3,3,1,0,1,8,1
64,0,23.6,153,65,1,1,0,0,1,8,0
77,0,18.9,134,96,1,1,1,0,1,14,1
51,0,32.2,155,90,1,3,0,0,1,24,1
62,0,21.0,139,93,1,3,0,0,1,22,1
61,1,39.0,176,100,2,2,0,0,1,17,1
60,0,30.8,167,88,2,1,0,0,1,11,1
66,0,34.9,145,73,2,2,1,1,1,26,1
70,1,28.2,177,95,1,2,0,0,1,16,1
45,0,31.7,112,95,2,1,1,1,1,28,1
66,0,40.7,126,112,1,2,0,0,0,6,0
79,1,20.4,105,74,1,2,0,0,0,28,0
73,0,24.5,116,67,1,1,0,0,1,11,0
51,0,36.8,135,85,1,3,0,0,1,10,0
46,0,20.8,180,95,1,3,1,0,1,23,1
49,0,20.3,101,107,1,1,0,0,0,9,0
56,0,27.0,176,80,3,3,0,0,1,28,1
65,1,20.7,151,87,1,1,0,0,1,24,0
60,1,32.2,165,63,1,3,0,0,1,27,1
67,1,23.8,151,75,1,1,1,1,0,28,1
41,1,39.5,142,81,2,1,0,1,1,24,0
40,1,36.9,121,71,1,2,1,0,1,15,1
75,1,34.9,154,75,3,2,0,1,0,7,1
65,0,33.0,166,110,3,3,0,1,1,18,1
68,1,38.8,159,99,1,1,1,0,1,1,1
60,1,23.7,157,97,1,1,0,0,1,15,1
50,0,39.0,111,101,1,2,0,0,1,2,0
79,0,37.1,168,96,2,2,0,0,1,22,1
50,1,36.1,183,88,1,1,0,0,1,29,1
75,0,31.7,138,77,1,2,1,0,1,2,0
78,1,24.3,112,69,1,3,0,0,0,10,0
79,0,28.5,140,101,2,3,1,0,0,20,1
74,1,37.1,156,98,1,3,0,0,1,15,1
73,0,19.2,152,77,1,1,0,0,0,10,0
63,0,36.9,111,60,2,2,0,0,1,19,0
61,1,24.1,112,98,2,1,0,1,1,22,0
44,1,21.9,173,80,3,2,1,0,1,28,1
72,1,21.2,156,60,1,2,0,0,1,28,0
75,1,19.1,139,74,2,3,0,1,1,13,1
59,1,30.8,179,63,2,2,1,1,1,24,1
58,0,23.6,144,79,1,3,1,0,0,11,1
74,1,41.8,134,69,2,3,0,0,0,22,0
56,1,32.0,102,82,1,3,1,1,1,2,0
73,0,21.7,104,100,3,3,0,0,0,21,1
48,0,34.7,110,93,1,2,0,0,1,27,1
65,1,39.6,170,105,2,1,0,0,1,13,1
41,0,36.0,155,107,1,1,0,0,1,22,1
48,0,20.3,109,92,3,1,0,0,0,25,1
48,1,39.6,133,93,1,2,0,0,1,22,1
79,0,37.2,166,98,3,2,0,1,0,26,1
56,0,22.2,171,69,3,2,1,0,1,21,1
40,1,19.7,130,113,1,3,1,0,0,1,1
64,1,31.6,174,79,3,3,1,0,1,26,1
79,0,22.2,170,60,3,1,0,1,0,5,1
64,0,38.1,165,72,1,1,0,0,0,21,1
78,1,26.9,169,60,1,2,0,0,1,22,0
74,0,40.0,140,64,2,1,0,1,0,7,0
42,0,31.8,162,75,1,3,0,0,1,13,1
76,0,22.8,131,74,1,2,0,0,0,13,0
69,1,21.8,119,108,1,2,0,1,1,20,0
77,0,32.0,156,87,1,3,0,1,1,23,1
73,0,36.4,149,90,1,3,0,0,0,21,1
51,1,36.9,179,82,1,1,0,1,1,6,0
58,0,25.0,124,107,3,2,0,0,1,20,0
76,0,23.3,111,104,2,2,0,0,0,12,0
56,1,18.9,170,102,1,1,0,1,0,8,0
49,1,34.5,138,76,2,1,0,1,1,9,0
51,1,20.3,116,108,2,2,0,0,1,18,0
55,1,28.4,144,93,3,1,0,0,1,28,1
63,0,32.6,110,72,1,1,1,0,1,11,0
58,0,40.5,169,73,1,2,1,0,1,20,1
47,1,25.8,122,70,3,3,0,0,0,11,1
70,1,24.4,169,87,3,1,0,0,1,24,0
60,0,33.9,137,101,2,1,0,0,1,24,1
56,1,33.1,101,91,2,3,0,0,1,15,0
62,0,26.3,183,94,1,1,0,0,1,9,0
76,1,40.3,178,90,2,3,0,0,1,3,1
55,0,38.4,171,76,1,2,0,0,1,17,0
45,1,23.8,136,106,1,1,1,0,1,25,1
47,1,24.1,148,68,3,1,1,1,0,17,1
64,0,30.5,151,69,1,1,0,0,0,3,0
57,1,36.7,132,67,1,1,0,0,1,19,1
64,0,19.5,121,80,3,1,0,0,1,9,0
51,0,34.8,104,72,1,2,0,0,0,17,0
54,0,33.7,117,109,3,1,1,0,1,23,1
65,0,23.9,137,64,3,2,0,0,1,18,0
65,0,34.5,136,65,2,2,0,0,0,23,0
71,1,40.6,163,89,1,1,1,0,0,15,1
49,1,19.6,109,90,1,1,1,0,1,1,0
55,0,26.0,178,76,1,1,1,0,1,29,0
46,1,28.8,141,70,1,1,0,1,1,26,1
56,0,39.6,147,79,1,2,0,0,1,10,0
62,1,41.1,143,107,3,1,0,0,1,8,1
65,1,28.9,181,68,1,3,0,0,0,10,0
60,1,36.1,115,61,2,2,1,0,1,29,1
61,1,31.0,153,96,1,2,0,1,1,26,1
46,0,31.1,134,60,2,2,1,0,1,2,0
53,0,25.0,127,63,3,2,0,1,0,19,1
54,1,23.6,101,95,1,1,1,0,0,14,0
46,1,25.3,112,113,1,1,0,1,1,8,0
48,0,31.6,140,84,2,2,1,0,1,19,0
47,1,19.2,179,62,2,1,0,0,1,1,0
62,0,39.8,158,68,2,2,0,0,1,16,0
68,0,22.2,168,81,1,2,1,0,1,25,1
57,0,23.7,152,82,1,2,0,0,1,24,1
70,1,30.7,144,71,3,2,0,0,1,15,1
69,0,35.2,119,69,3,2,1,0,1,20,1
78,1,20.7,123,93,1,2,0,1,1,24,0
74,0,26.0,160,102,3,2,0,0,0,5,1
57,1,41.3,157,69,1,2,0,0,0,3,0
78,1,24.7,126,89,1,2,1,1,1,17,0
56,1,25.9,125,81,1,3,0,1,1,29,0
53,0,38.2,106,65,1,2,0,0,1,10,0
70,0,19.7,141,109,2,2,0,0,1,5,0
63,1,29.4,146,61,1,3,0,0,1,11,0
74,1,27.4,152,89,1,2,0,0,1,6,0
73,1,25.9,158,61,2,1,0,0,1,4,0
42,0,25.2,137,91,2,3,0,0,0,7,0
76,0,20.6,168,101,2,1,0,0,1,19,0
79,0,25.9,152,75,3,2,0,0,1,7,0
65,0,19.5,114,71,1,3,0,1,1,14,1
62,1,36.9,125,60,2,3,0,0,1,17,1
78,1,27.9,147,112,2,1,0,0,0,23,0
54,0,28.9,118,67,2,2,0,0,1,17,0
43,0,39.5,108,107,1,2,0,0,1,13,0
68,1,34.0,163,109,1,1,0,0,1,27,1
61,0,18.7,153,72,3,1,0,0,1,1,0
64,0,40.7,150,74,1,2,0,1,1,2,0
52,0,24.1,138,112,3,2,0,0,1,18,1
57,0,21.0,103,103,2,1,0,0,0,4,0
72,0,36.6,102,67,2,2,0,0,1,13,0
55,0,30.3,163,69,3,2,1,0,1,1,1
41,1,28.7,128,105,2,3,0,0,1,4,0
74,0,24.4,110,64,1,3,0,0,1,2,0
73,0,31.4,157,109,2,2,0,0,1,4,0
69,1,24.9,174,78,3,3,0,0,1,16,1
52,1,39.7,126,106,1,3,0,0,0,4,1
52,1,23.6,120,97,1,1,0,0,1,25,0
57,0,39.3,138,70,1,1,1,0,0,9,0
71,1,31.6,145,112,3,2,0,0,0,17,1
71,0,38.0,165,102,1,2,0,0,1,21,1
74,0,35.3,135,79,2,2,0,0,0,23,0
78,0,34.9,174,79,1,2,0,1,1,20,0
68,1,26.1,181,80,1,2,0,0,1,28,0
68,1,24.0,164,77,2,2,0,0,1,21,0
55,1,23.5,162,109,1,1,0,0,1,2,0
49,1,38.6,134,69,2,3,0,0,1,3,1
69,1,37.8,130,93,2,1,1,0,1,23,1
64,0,28.9,127,85,3,3,0,0,1,26,1
78,0,21.6,100,89,1,1,1,0,0,29,0
59,0,27.5,124,68,3,3,0,0,1,15,1
44,0,33.1,142,105,2,1,0,0,1,7,0
40,1,29.2,183,110,3,1,1,0,1,4,1
69,1,36.8,166,90,1,1,0,0,1,12,0
42,0,41.9,162,101,2,2,1,0,1,1,1
53,1,23.0,150,114,3,3,0,1,1,17,1
69,1,29.3,101,63,3,2,0,1,1,4,0
43,0,28.6,181,65,1,3,0,0,1,4,0
57,0,25.7,163,73,1,2,0,0,0,22,1
76,1,23.2,173,63,1,2,1,0,1,23,1
64,1,20.0,168,85,1,3,1,1,0,25,1
40,0,39.3,108,106,1,1,0,0,1,9,0
54,0,28.4,101,107,1,1,0,1,1,26,1
48,0,30.2,133,98,3,3,0,0,0,28,1
54,1,40.0,159,76,1,3,0,0,1,28,1
63,0,36.7,160,78,2,3,0,1,1,21,0
43,0,21.6,130,110,1,3,0,0,1,10,0
51,1,31.8,109,108,1,1,0,0,0,27,0
76,1,28.9,175,65,1,3,0,0,1,19,1
76,1,37.2,135,88,1,2,1,0,1,19,0
45,1,35.5,184,70,2,3,1,0,1,15,1
78,1,34.7,148,75,3,2,1,0,1,22,1
63,0,26.5,169,89,1,2,1,0,1,17,0
50,0,37.4,148,84,1,2,0,0,1,7,0
52,1,19.7,102,99,1,1,0,0,1,3,0
73,1,22.3,173,70,3,1,0,1,0,5,0
64,1,26.4,104,66,2,3,1,0,0,16,1
46,1,20.3,160,85,2,3,1,0,0,23,1
43,1,24.0,184,81,2,1,0,0,1,7,0
47,0,38.0,125,84,3,3,1,0,1,16,1
59,0,40.8,171,78,1,2,0,1,1,9,0
68,0,25.7,104,90,1,2,0,0,1,1,0
49,0,24.7,114,85,3,1,0,0,1,3,0
73,1,25.1,115,101,2,3,0,0,1,25,0
65,0,25.0,100,100,2,2,0,0,0,8,0
42,1,19.3,115,95,2,2,0,1,0,18,0
45,1,40.3,136,82,1,2,0,1,1,24,0
44,1,23.5,102,106,2,1,0,0,1,24,1
44,0,28.4,151,72,2,2,0,1,1,18,0
62,1,18.7,146,84,1,1,0,0,1,24,1
48,0,38.7,112,61,2,1,0,0,1,19,0
74,0,35.7,179,61,3,2,0,0,1,7,1
59,1,40.7,154,75,1,3,0,0,1,29,1
74,1,36.9,120,68,1,2,1,0,0,25,0
57,1,25.9,165,87,1,1,0,1,1,20,1
56,0,24.3,153,72,2,2,0,0,1,27,0
63,1,34.9,126,94,1,3,1,0,1,6,1
42,0,27.1,137,100,2,2,1,0,0,25,0
71,1,31.8,157,72,3,3,1,0,1,27,1
74,1,18.6,161,90,1,2,0,0,1,11,1
77,0,20.0,145,80,3,3,0,0,1,5,0
52,0,31.1,110,91,3,1,0,0,0,12,1
64,0,31.8,171,113,1,1,0,0,0,1,1
48,0,36.2,107,93,1,1,1,0,1,19,1
43,0,21.6,170,67,3,2,0,1,1,11,1
53,0,30.6,163,100,3,3,0,0,0,15,1
76,1,23.1,120,107,1,3,0,0,1,25,1
73,1,20.7,171,61,1,1,0,0,0,16,0
50,0,28.1,162,97,1,1,0,0,1,3,1
42,1,22.3,184,91,3,1,0,1,1,11,1
67,0,23.7,163,113,1,1,1,0,1,11,1
68,1,26.0,119,99,2,2,1,0,1,10,0
48,1,24.6,107,87,3,3,0,1,1,2,0
42,0,20.6,157,96,1,3,0,0,1,20,1
64,0,20.6,145,100,2,2,0,0,1,5,0
73,0,23.0,130,60,1,3,0,0,1,23,1
51,1,19.7,108,100,3,2,1,0,1,23,1
48,0,33.2,114,69,1,1,0,0,1,25,0
54,1,25.3,125,114,2,2,0,0,0,29,0
79,0,25.1,109,63,2,2,0,1,0,8,0
64,1,26.3,128,94,1,2,0,0,1,13,0
44,1,34.1,179,69,1,1,0,0,1,15,0
50,0,39.0,135,106,1,1,0,0,0,2,0
73,1,36.3,183,70,1,1,0,0,1,12,0
63,1,35.6,136,73,3,3,0,0,1,24,1
54,0,29.9,170,97,3,2,0,0,1,8,1
77,1,34.8,122,71,1,3,1,0,0,21,1
47,0,31.5,140,104,2,3,0,0,1,29,1
44,0,23.6,179,76,2,1,0,0,1,19,0
65,0,23.4,127,75,3,2,0,0,1,25,1
57,0,25.5,147,94,1,3,0,0,0,28,1
45,1,39.9,137,61,1,2,1,0,1,23,0
76,1,31.4,130,70,1,3,1,0,1,1,0
52,1,35.7,113,100,2,1,0,0,1,8,0
67,0,26.6,172,62,1,1,0,0,1,10,0
44,1,28.1,176,88,1,3,0,1,1,13,1
52,1,21.5,128,77,1,3,0,0,1,5,0
56,0,22.5,150,79,2,3,0,0,0,22,1
79,0,37.9,148,106,1,2,1,0,1,9,0
71,1,32.2,142,73,1,3,0,0,0,10,0
68,0,26.4,171,93,1,3,0,0,0,14,1
42,0,37.4,104,108,1,3,0,0,1,24,1
79,0,24.3,141,113,2,2,0,0,1,11,0
73,0,41.4,106,90,1,1,0,0,1,14,0
79,1,26.6,141,99,1,3,0,0,1,3,1
66,0,26.4,135,101,2,2,0,0,1,29,0
52,0,25.8,126,77,1,2,0,0,0,21,0
72,0,21.4,157,89,1,2,0,0,0,16,0
45,0,21.1,145,84,3,2,1,1,0,20,1
63,0,33.7,165,78,1,2,0,0,1,17,0
58,0,39.1,124,67,1,1,0,0,0,5,0
55,0,37.1,172,87,1,3,0,0,1,26,1
79,0,21.8,126,67,1,2,0,0,1,7,0
67,1,31.3,100,90,2,2,0,0,0,17,0
72,0,21.0,173,62,2,1,0,0,0,20,1
52,1,19.6,141,62,2,1,1,0,1,22,1
64,0,33.9,151,103,1,1,1,0,1,11,1
75,0,31.1,124,81,1,2,0,0,1,12,0
66,0,20.4,153,76,3,1,0,0,1,25,1
77,0,19.3,166,95,3,3,0,0,1,27,1
46,1,41.8,105,76,1,1,0,1,1,24,0
44,0,19.2,157,73,1,1,0,0,1,2,0
70,0,28.9,169,110,1,1,0,0,1,27,0
62,1,30.4,152,68,1,1,0,0,1,19,1
49,1,21.3,165,89,1,3,1,0,1,26,1
71,0,22.5,157,80,1,3,0,0,1,29,1
69,1,26.8,181,71,2,2,1,0,1,5,1
78,1,36.4,101,96,2,1,0,0,0,11,0
70,1,30.4,175,91,1,1,0,1,1,23,1
57,0,33.5,121,70,1,2,0,0,1,19,0
75,0,41.7,136,79,3,3,0,0,1,28,1
41,0,36.5,119,94,1,1,0,0,0,7,0
53,1,28.7,123,112,2,2,0,0,1,21,0
52,0,29.0,183,106,1,2,0,0,0,26,1
68,1,33.0,164,105,2,1,1,0,0,22,1
51,0,34.1,164,70,1,2,0,0,0,6,0
78,0,30.3,180,111,1,1,0,0,1,11,1
41,1,33.7,100,67,1,3,0,1,1,27,1
71,0,19.1,102,63,1,1,0,0,1,14,0
52,1,28.6,145,86,1,2,0,0,1,28,0
66,1,25.1,154,103,2,1,0,0,1,4,0
56,0,21.5,174,99,1,3,0,0,1,28,1
79,1,20.8,163,97,1,1,1,0,0,8,0
70,0,32.7,144,106,2,3,0,0,1,9,1
73,0,30.8,125,89,2,3,0,0,1,2,0
63,1,24.5,176,103,3,3,0,0,1,25,1
74,0,29.6,164,107,2,2,1,0,1,11,1
45,1,30.1,123,107,1,2,1,0,1,28,1
58,0,23.1,173,86,2,1,0,0,0,20,1
69,0,33.8,134,80,3,1,0,1,1,22,1
46,0,36.9,123,111,3,2,0,0,0,7,1
49,0,37.1,127,79,1,1,1,0,0,4,0
71,0,32.7,179,63,1,3,0,0,1,24,1
73,1,30.5,115,70,1,1,0,1,1,29,0
67,1,19.9,158,72,2,2,1,0,0,14,0
54,1,25.3,180,68,2,2,0,0,1,26,1
69,1,20.7,153,63,2,2,1,0,1,24,0
76,1,41.1,178,71,1,2,0,0,1,1,0
68,1,21.7,115,68,2,1,0,0,1,24,0
61,0,22.1,114,72,3,2,0,0,1,26,0
43,0,39.4,110,107,1,1,0,0,1,12,0
59,1,40.7,164,85,2,3,0,0,1,19,1
71,1,36.5,178,97,1,3,0,0,1,5,1
75,0,18.6,167,101,3,3,0,0,1,26,1
43,0,18.5,142,72,3,1,0,0,1,8,0
66,0,27.4,168,98,2,1,0,1,0,11,1
56,1,21.9,112,87,2,1,0,1,0,22,0
51,1,18.9,109,78,3,1,0,0,0,4,0
61,1,29.4,174,83,1,1,0,0,1,15,0
56,0,40.7,181,78,1,2,0,0,1,20,1
49,0,26.1,140,108,2,1,0,0,1,12,0
40,1,34.0,149,72,1,2,1,0,1,20,1
61,1,33.8,170,72,1,3,1,0,1,22,1
65,0,24.4,158,87,3,2,0,1,1,23,1
57,0,33.8,138,112,2,1,1,1,1,29,1
53,0,23.5,102,61,1,1,1,0,0,21,0
68,0,21.4,175,69,1,2,1,0,0,10,0
51,1,35.0,106,81,1,1,0,1,1,24,0
75,0,21.2,148,72,1,2,0,1,1,16,0
74,0,41.9,125,68,1,1,0,1,1,23,0
51,0,22.8,132,92,2,3,0,0,0,8,1
46,1,32.5,147,73,1,3,0,0,0,20,1
68,1,28.2,178,107,1,2,0,0,1,8,0
50,0,21.5,101,79,1,1,0,0,1,29,0
72,0,19.2,170,74,3,1,0,0,1,6,0
45,0,33.1,131,91,1,3,0,0,1,3,0
54,1,37.5,103,92,1,2,0,1,1,29,0
71,1,38.3,119,76,1,1,1,1,1,8,0
50,1,29.8,135,83,2,1,0,0,1,29,0
62,0,36.8,131,89,2,1,0,1,1,23,0
65,1,34.3,127,72,1,3,0,0,1,10,0
73,0,35.5,176,106,1,1,0,0,1,5,1
73,0,30.1,100,107,1,2,0,0,1,11,0
68,0,33.4,159,75,2,2,1,0,0,4,1
43,1,37.4,155,61,2,2,0,0,1,17,1
56,0,27.9,134,76,1,3,0,0,1,26,0
74,1,37.4,129,91,1,3,1,0,0,3,1
52,1,32.4,153,102,1,2,0,0,1,18,1
78,0,22.4,135,67,1,1,0,1,0,8,0
54,0,19.1,154,111,2,2,0,0,1,24,1
68,1,27.0,179,62,1,2,0,0,1,12,0
68,0,31.3,157,71,1,2,0,0,0,21,1
50,1,38.2,182,79,1,2,0,0,1,16,1
71,0,21.5,164,75,3,1,0,0,1,14,1
41,1,37.3,168,73,3,2,1,0,1,21,1
53,1,38.8,150,75,1,1,0,0,1,16,1
59,1,22.0,121,112,1,3,1,0,1,27,1
61,1,38.5,152,108,1,1,0,0,1,4,1
50,0,41.8,135,102,1,2,0,0,1,1,0
66,0,35.6,167,108,1,1,0,0,0,1,1
42,1,36.9,135,110,2,2,0,1,1,29,0
56,1,41.9,151,113,2,2,0,0,0,22,1
67,0,32.7,152,92,3,1,0,0,1,15,1
68,0,25.7,181,89,1,3,1,1,1,20,1
60,0,38.2,149,71,3,2,0,0,0,20,1
55,0,32.9,179,74,2,2,0,0,1,3,0
76,0,32.2,140,77,1,1,1,1,0,14,0
59,0,24.5,117,87,1,2,0,0,1,9,0
45,1,36.3,121,82,1,2,0,0,1,19,0
58,0,20.4,165,73,1,2,0,1,1,8,0
44,0,40.2,120,89,1,2,0,1,1,2,0
42,1,26.2,143,92,2,2,0,0,1,4,0
40,0,21.5,146,104,1,1,0,0,1,1,0
77,0,28.9,138,74,3,1,0,0,1,11,0
54,0,19.5,128,66,1,1,0,0,1,5,0
73,0,34.6,153,74,3,1,0,0,1,2,1
74,0,39.7,184,111,1,2,1,0,1,27,1
64,1,38.2,116,101,2,3,1,0,1,13,1
63,0,21.5,179,105,1,1,0,1,1,17,1
51,1,21.5,159,97,1,3,0,1,1,17,1
57,1,37.6,130,105,3,2,1,1,1,18,1
54,0,40.2,172,113,1,3,0,1,0,21,1
55,1,29.3,177,103,2,2,0,0,1,28,1
66,0,30.2,148,70,2,2,0,0,1,9,0
47,1,26.0,101,88,1,1,1,0,1,6,0
64,1,39.5,147,90,1,1,0,0,1,28,0
56,0,33.7,113,84,2,1,1,0,1,20,1
68,0,25.3,158,111,1,2,0,0,1,3,1
47,0,25.5,157,113,2,1,0,1,1,8,0
54,0,39.4,157,83,3,3,0,0,1,3,1
66,0,18.8,150,78,1,1,0,0,0,1,0
46,1,26.1,183,61,1,3,1,0,1,20,1
42,1,31.5,101,81,2,1,1,0,1,27,0
68,1,22.0,140,79,1,1,0,0,1,13,0
63,1,20.7,182,92,1,1,1,0,0,21,1
42,1,37.7,181,67,1,2,1,0,0,5,0
59,1,39.5,115,84,2,1,0,0,0,16,0
54,1,37.9,103,105,1,3,0,0,0,21,0
64,0,39.6,111,68,1,1,0,0,1,24,0
69,0,31.5,128,93,2,1,0,1,1,16,0
53,1,37.6,106,82,1,3,0,0,1,24,1
46,1,27.5,113,64,1,1,0,1,1,12,0
56,0,34.2,111,114,3,3,0,0,1,13,1
59,0,41.7,104,84,2,3,1,0,1,4,1
75,0,23.8,180,67,3,1,1,0,1,9,1
48,0,27.7,131,75,1,1,0,0,1,16,0
77,1,29.8,173,113,2,1,0,0,1,1,1
61,0,21.7,142,107,1,3,0,0,1,5,1
41,1,20.4,180,104,1,2,0,1,0,21,1
63,1,38.0,168,111,1,2,0,0,1,5,0
47,1,41.5,144,74,1,3,0,0,1,24,1
50,0,28.0,108,60,3,1,0,0,1,25,0
52,0,20.6,148,81,1,3,0,0,1,19,1
56,1,20.0,132,62,2,2,0,0,1,9,0
47,1,39.4,117,97,2,2,0,0,0,29,0
60,1,29.4,108,113,2,3,1,0,1,27,1
57,0,26.0,161,73,1,2,1,0,0,8,0
69,1,29.7,156,95,2,1,0,0,1,19,0
57,0,26.0,128,77,1,2,0,0,1,18,0
70,1,30.0,177,106,1,2,0,0,0,15,1
77,1,38.7,124,100,3,1,0,0,1,4,1
71,1,32.4,114,77,1,3,0,0,0,15,0
50,0,34.8,105,62,1,1,0,0,0,13,0
64,0,27.1,141,69,3,2,1,0,1,28,1
72,1,35.9,128,108,1,2,0,0,0,18,1
77,0,34.2,178,98,2,1,1,0,1,20,1
47,1,21.3,103,106,1,3,0,0,0,5,0
50,0,32.0,181,60,1,3,0,0,0,18,1
61,0,24.5,156,86,1,2,0,0,1,28,0
63,0,37.4,148,86,1,1,0,0,1,8,0
56,1,28.5,143,70,1,1,0,0,0,1,0
51,0,41.9,179,108,2,1,0,0,1,19,1
71,0,20.7,174,64,2,1,0,0,1,23,0
54,1,36.8,113,66,3,2,0,0,1,26,1
55,1,34.3,102,78,1,3,0,0,0,17,0
61,1,36.5,161,88,2,2,1,0,1,29,1
67,1,25.7,163,74,2,3,0,0,1,27,1
59,0,30.1,144,94,3,2,0,0,0,2,1
72,0,37.2,181,106,1,2,0,0,1,19,1
49,0,24.0,157,96,2,3,1,0,1,16,1
79,0,23.8,119,114,3,2,0,0,1,18,1
71,0,31.4,157,71,1,3,0,0,1,2,1
72,1,30.8,156,89,3,1,0,0,1,28,1
41,0,25.1,176,79,1,1,0,0,1,27,0
72,0,25.5,167,96,2,3,0,0,1,6,1
72,0,25.0,177,62,3,2,1,0,1,7,1
52,1,36.6,151,68,2,3,1,1,1,6,1
69,1,33.8,136,100,1,3,0,0,1,27,1
72,0,38.1,107,98,1,1,0,0,1,6,0
52,1,41.4,143,85,3,2,0,0,1,9,0
65,1,29.6,104,61,1,1,0,0,0,8,0
61,1,20.1,168,82,1,2,1,0,1,24,1
78,1,19.6,130,82,2,3,0,0,1,22,1
41,1,25.4,144,80,1,1,0,0,1,21,1
77,1,40.4,108,75,1,2,0,1,1,9,0
78,1,30.8,131,68,1,2,1,0,1,12,1
65,0,24.9,132,72,1,1,0,0,0,18,0
54,0,27.9,166,87,2,3,0,0,1,23,0
73,1,32.6,129,86,2,2,0,0,0,6,0
79,0,33.8,175,110,2,3,0,0,1,23,1
50,0,22.1,128,111,3,1,1,0,1,28,1
42,1,41.5,102,76,3,1,0,0,0,4,0
45,0,31.3,156,97,2,2,0,0,1,25,1
48,1,21.7,129,95,1,1,0,0,1,7,0
45,1,39.5,108,60,2,3,1,0,1,18,1
48,1,20.3,125,77,1,1,0,0,1,29,0
78,0,39.8,101,110,2,3,0,0,0,20,0
70,0,41.9,161,68,2,2,0,0,0,5,0
71,0,35.0,102,72,1,1,0,0,1,18,0
51,0,36.6,145,99,3,1,0,0,1,10,1
47,1,26.4,167,114,1,2,1,0,1,8,1
47,1,40.6,124,104,2,2,0,0,0,1,0
67,0,30.9,150,74,1,1,0,0,1,15,1
59,1,35.7,112,102,3,3,1,0,1,3,1
46,1,40.2,143,103,1,1,0,0,1,15,1
50,0,41.4,134,105,1,2,0,0,0,14,0
59,1,38.1,154,63,1,2,0,1,1,1,0
55,0,25.6,108,92,1,1,0,0,0,21,0
43,1,41.2,101,83,1,3,0,0,0,8,0
45,0,33.3,160,95,2,1,1,0,1,7,1
61,1,40.4,140,110,1,1,1,0,1,9,0
65,1,34.4,143,100,1,1,0,0,1,18,1
42,0,25.7,163,69,1,2,0,0,1,12,0
53,0,27.2,130,95,3,2,0,0,1,8,1
50,0,31.4,146,79,2,2,0,1,1,8,1
57,0,37.1,101,100,2,1,0,0,1,6,0
51,1,26.0,181,104,2,1,0,0,1,3,0
62,1,32.1,176,103,1,3,1,1,0,2,1
51,0,26.6,168,70,1,1,1,1,0,14,1
52,1,37.7,157,71,1,3,0,0,1,8,1
64,0,29.5,143,77,3,1,0,0,1,6,0
58,0,20.3,173,89,3,3,0,0,0,4,1
75,1,22.4,155,103,1,1,1,0,1,5,0
47,1,19.9,142,107,1,2,0,0,1,21,1
68,0,30.2,133,96,1,1,0,0,1,13,0
71,0,21.0,129,79,1,1,0,0,0,9,0
57,0,21.2,170,84,2,1,1,0,1,13,1
45,1,40.6,169,71,1,1,1,0,1,29,1
57,1,39.0,154,80,3,1,0,0,1,9,0
58,1,29.1,166,84,1,2,1,0,0,24,1
61,1,41.7,112,70,3,2,0,0,0,24,0
76,0,18.5,102,68,2,3,0,0,1,16,0
71,0,32.9,125,109,2,2,1,0,1,12,1
42,0,33.0,156,84,2,2,1,0,1,2,1
67,0,29.2,123,94,2,2,0,0,1,19,1
49,0,27.8,152,111,2,2,0,0,1,16,0
74,0,29.2,169,91,2,2,1,0,0,24,1
68,1,28.3,142,108,2,3,1,0,1,13,1
54,1,35.7,159,73,3,1,1,0,0,5,1
72,0,21.7,157,60,2,1,0,0,1,23,1
46,0,23.1,148,76,2,2,1,0,1,24,1
51,1,22.7,141,84,3,1,1,0,1,6,0
69,1,24.7,175,67,1,3,0,0,0,21,0
60,1,30.8,165,64,1,3,1,0,0,24,1
70,1,21.1,110,64,1,1,0,0,1,17,0
63,0,38.9,117,100,2,1,0,0,1,17,1
59,0,25.5,184,94,3,2,0,0,1,17,1
76,0,22.3,151,78,1,2,0,0,1,3,0
43,0,34.4,145,82,2,1,0,0,1,26,1
67,0,19.4,143,68,2,2,1,0,1,13,1
59,1,33.1,121,113,1,2,0,1,0,12,0
63,0,34.9,152,89,2,1,0,1,1,6,0
71,1,23.6,158,109,3,1,1,0,1,22,1
75,0,19.5,129,75,1,3,0,0,1,21,0
73,0,27.0,107,92,2,1,0,0,1,29,0
75,0,20.8,156,61,2,3,0,1,0,13,0
41,0,21.2,172,73,1,2,0,0,0,14,0
54,0,24.5,119,105,1,2,0,0,0,7,0
73,1,25.4,124,60,3,3,1,0,1,5,1
75,1,31.0,118,85,1,3,0,0,1,14,0
45,1,34.4,104,84,1,1,1,0,1,18,0
78,0,32.4,174,75,1,1,0,0,0,4,0
51,0,22.0,178,74,2,3,0,0,0,1,0
42,1,22.5,171,85,2,2,0,0,0,7,0
57,0,39.2,182,106,2,1,0,1,1,20,1
79,0,31.6,126,103,1,3,0,0,0,13,0
60,1,38.9,139,75,3,1,0,0,0,4,0
54,0,27.2,125,73,1,1,0,0,1,13,0
72,1,32.9,126,88,1,1,0,0,1,4,0
74,0,30.8,161,83,1,2,0,0,1,3,0
65,1,26.0,182,106,1,2,0,0,0,8,0
47,0,29.5,149,114,3,1,0,0,1,20,1
75,0,30.3,141,74,3,1,1,0,1,8,1
69,1,23.2,128,78,1,1,0,0,0,25,0
62,0,25.9,138,67,3,2,0,1,0,17,0
53,0,37.1,159,93,2,1,0,0,1,15,0
53,1,40.0,140,61,3,3,0,0,1,4,1
41,0,27.0,132,86,1,1,1,0,0,6,0
76,1,25.7,182,69,2,3,0,0,1,24,0
44,0,23.1,182,94,1,1,0,0,1,22,0
77,0,34.4,115,82,3,3,1,0,0,28,1
53,0,26.1,122,108,1,1,0,0,1,6,0
78,0,41.7,106,67,2,1,0,0,1,10,0
64,1,26.2,125,87,1,3,0,0,1,4,0
59,0,27.8,111,82,1,3,0,0,1,9,0
41,1,32.7,171,63,2,2,1,1,0,16,1
78,0,37.3,104,73,3,2,1,0,0,7,1
45,0,29.5,168,112,2,2,0,0,1,14,1
56,0,28.4,148,101,3,3,1,0,1,27,1
64,0,41.9,125,88,1,1,0,0,1,6,0
67,1,18.7,104,60,2,2,0,0,1,1,0
41,1,39.5,121,63,1,2,1,1,1,18,0
74,1,22.0,178,91,1,1,0,0,1,12,1
76,1,37.0,112,92,2,3,0,0,1,22,1
44,0,33.0,127,108,2,1,0,0,1,27,1
40,1,26.5,132,85,2,1,0,0,1,15,0
79,1,39.0,122,76,2,2,0,0,0,1,0
51,0,18.8,117,98,2,2,0,0,1,15,0
75,0,23.8,129,82,1,1,0,0,1,15,0
62,0,31.8,125,91,1,1,0,1,0,27,1
70,0,26.8,115,111,2,3,1,0,1,16,1
50,1,32.8,176,74,1,1,1,0,1,21,1
49,1,19.1,138,72,1,2,0,0,1,1,0
42,0,21.2,132,61,1,2,1,0,0,29,0
53,0,21.5,125,78,2,2,0,0,1,3,0
55,0,22.9,147,83,1,3,0,0,0,12,1
49,1,29.3,164,104,2,2,0,0,1,28,0
68,1,36.2,137,83,2,2,0,0,0,28,0
49,0,39.8,101,70,1,2,0,0,1,7,0
51,0,38.1,105,81,2,2,0,0,1,5,0
69,1,23.1,145,74,2,2,0,0,1,28,0
40,0,28.9,149,69,2,3,0,1,1,26,1
44,0,23.2,137,100,2,1,1,0,1,1,1
59,1,24.7,117,86,1,1,0,0,0,1,0
47,0,30.3,126,68,2,1,1,0,0,15,1
51,1,20.1,140,111,1,1,1,0,0,8,0
40,0,23.6,171,87,3,1,0,0,0,11,0
59,0,40.5,173,60,3,3,0,0,1,14,1
67,1,29.5,116,76,2,2,0,1,1,29,0
76,1,29.0,161,90,1,2,1,1,0,25,1
76,0,18.8,128,103,1,2,0,0,1,23,0
51,1,24.3,157,69,1,3,0,0,1,13,1
76,0,38.9,169,96,1,2,0,0,0,19,1
67,0,22.4,177,88,1,3,0,0,1,12,1
54,1,28.3,121,77,2,1,1,0,1,22,1
45,0,18.8,105,106,1,3,0,0,1,19,1
59,0,29.7,125,97,3,2,1,0,1,26,1
53,1,19.0,138,98,1,1,0,0,1,4,0
41,1,37.8,111,108,3,2,0,0,0,28,1
48,0,37.9,113,65,3,2,1,0,1,4,0
76,1,37.0,121,99,2,1,0,0,1,3,0
59,1,25.2,150,71,2,2,1,0,1,26,1
65,1,38.2,122,112,1,1,0,0,1,6,0
68,1,31.3,147,73,2,1,0,0,1,5,0
40,0,27.3,170,103,1,3,0,0,1,11,1
74,0,33.2,149,114,1,2,1,0,1,25,1
45,0,18.8,112,69,2,3,1,0,1,9,1
76,1,21.9,184,113,1,2,0,0,1,3,0
44,1,35.9,109,79,2,1,0,0,1,29,0
72,1,24.2,154,74,1,2,0,0,1,9,0
53,1,32.6,108,90,1,2,0,0,1,29,0
51,1,27.5,178,66,1,3,0,1,1,12,1
59,1,38.6,151,100,1,1,0,0,0,3,1
63,1,40.9,101,69,1,3,1,1,0,20,0
73,0,39.3,124,69,1,3,0,0,1,17,1
64,0,24.9,112,107,1,2,1,0,1,21,0
68,1,23.1,150,98,3,3,0,0,0,12,1
78,1,29.6,157,87,1,1,0,0,1,25,0
70,1,18.7,133,89,2,3,1,0,1,18,1
62,0,19.1,134,96,1,2,0,0,0,4,0
77,0,31.5,102,114,3,1,1,0,0,10,0
59,1,30.7,158,62,1,3,1,0,1,18,1
62,1,41.9,169,109,1,2,0,0,0,8,1
55,0,23.2,147,102,2,2,0,0,1,9,0
47,0,24.6,163,74,1,2,0,1,1,19,1
60,0,21.2,118,80,2,1,0,0,1,13,0
40,0,40.1,166,111,1,2,0,0,1,25,1
47,1,36.8,181,96,3,3,0,0,1,6,1
68,0,37.8,172,71,1,1,0,0,1,22,1
71,0,39.7,175,63,1,1,0,0,1,7,0
77,1,30.8,104,106,2,1,0,1,1,28,0
44,0,29.1,166,68,1,2,0,0,1,21,1
61,0,26.3,110,98,3,2,0,1,1,6,0
73,0,32.3,167,101,1,3,0,0,1,11,1
40,1,29.2,168,87,2,3,0,0,1,17,1
65,0,29.1,100,82,1,2,0,0,0,19,0
49,1,40.5,162,104,3,1,0,0,0,28,1
69,1,41.6,128,99,2,3,0,1,1,25,1
57,0,37.2,181,103,1,3,1,0,1,12,1
56,0,36.3,111,81,1,2,0,0,1,21,0
65,0,34.5,176,83,1,2,0,0,1,21,1
47,0,22.4,140,110,3,3,1,0,0,24,1
79,1,19.9,101,85,1,2,1,0,1,27,1
51,0,34.7,136,89,1,1,0,0,0,27,0
66,0,35.6,144,92,1,2,0,0,1,13,1
47,0,19.6,179,75,1,1,0,0,1,18,0
64,1,40.3,147,81,2,1,0,0,1,29,1
43,0,20.6,123,108,3,2,1,0,1,7,0
72,0,25.2,121,109,2,1,0,0,0,25,0
40,1,34.3,110,102,3,1,1,1,1,23,1
58,1,22.5,157,77,2,1,0,0,0,28,0
70,0,19.8,145,66,1,2,1,0,0,5,0
55,0,26.3,128,109,1,3,0,1,0,29,1
53,0,36.5,134,85,2,3,0,0,1,16,1
44,0,28.2,114,67,3,1,0,0,0,22,0
65,0,33.8,159,65,3,2,0,0,1,4,0
67,1,32.1,141,89,1,3,0,0,1,28,1
41,1,19.0,142,98,1,1,1,0,1,23,1
45,0,41.7,179,82,1,2,0,0,0,1,0
48,0,19.5,173,91,3,3,1,0,0,4,1
72,1,41.2,148,81,3,1,0,0,1,3,1
64,0,31.4,163,101,2,3,0,0,1,29,1
52,0,41.1,131,102,1,3,1,0,0,4,1
48,0,21.2,163,104,2,1,0,0,1,1,0
52,0,30.0,101,68,1,1,0,0,1,12,0
70,0,22.5,123,90,1,1,0,0,1,13,0
50,1,19.7,165,66,2,1,0,0,1,2,0
43,0,33.0,137,68,1,2,1,0,1,28,0
73,0,23.4,130,72,1,2,0,1,1,27,0
77,0,32.3,125,62,3,1,0,1,1,29,1
43,1,21.1,128,94,2,3,1,0,1,9,1
77,1,26.3,166,92,1,1,0,0,1,7,1
58,1,36.9,177,80,2,1,0,0,1,13,0
45,1,28.8,124,90,1,1,1,1,1,22,0
73,0,33.3,147,111,2,2,0,0,0,2,1
57,1,33.7,164,93,2,2,1,0,0,1,0
52,0,38.3,152,91,2,1,0,0,1,18,1
62,0,26.1,166,94,2,1,1,0,1,7,1
58,1,34.7,117,74,1,3,1,0,1,18,1
50,1,41.1,108,91,1,3,0,0,1,19,1
40,1,35.7,137,65,1,1,0,0,1,8,0
63,1,30.0,120,104,1,1,0,0,0,23,0
46,1,33.3,164,80,2,2,0,0,1,12,1
64,0,35.9,120,92,1,2,0,0,1,11,1
60,1,32.9,126,91,1,1,0,0,1,27,0
54,1,18.9,169,111,1,3,0,0,1,27,1
40,1,23.1,143,78,3,2,1,0,0,9,1
51,0,37.5,127,92,1,2,0,0,1,28,0
46,1,24.9,144,87,2,2,0,0,1,4,0
54,0,35.7,116,90,1,3,0,0,0,7,0
60,1,27.2,139,80,1,3,0,0,1,17,0
58,1,30.8,102,113,1,1,0,0,1,11,0
68,0,20.1,175,93,2,1,0,0,1,27,1
64,1,22.8,175,74,2,2,1,0,1,2,1
72,0,41.0,165,73,3,1,1,0,1,23,1
71,0,39.4,145,78,1,2,0,0,1,18,1
74,0,33.8,129,102,1,3,0,0,0,22,1
77,1,29.3,168,74,3,2,0,0,1,29,1
65,1,34.4,108,65,1,3,0,0,0,26,0
50,1,33.0,184,111,2,1,0,0,1,12,1
74,0,31.9,110,68,2,3,0,0,1,9,0
47,1,19.9,168,96,1,3,0,0,1,11,1
53,0,33.4,165,79,2,1,1,0,1,5,1
49,1,36.6,130,93,1,2,0,1,0,26,0
41,0,41.9,132,97,1,1,0,1,1,7,0
48,0,18.8,138,85,1,3,0,0,1,29,0
42,0,35.7,145,77,3,2,1,0,1,1,1
60,1,31.9,136,87,1,1,1,0,1,24,0
65,0,28.7,159,114,2,2,0,0,1,25,1
47,0,21.5,130,110,3,2,0,0,1,29,1
41,0,28.1,110,68,2,1,0,0,1,5,0
45,0,26.8,101,91,2,1,0,1,1,6,0
67,0,25.6,126,112,1,2,0,0,1,13,0
68,0,35.7,101,65,1,2,0,0,1,11,0
65,1,35.0,120,73,1,3,0,0,1,8,0
64,1,32.3,157,87,2,3,0,0,0,20,1
51,0,40.6,104,83,3,2,0,1,0,2,0
44,1,26.7,151,72,3,3,1,0,1,15,1
73,1,24.2,144,102,3,2,0,0,0,10,1
76,0,33.9,184,71,3,2,0,0,0,8,0
54,0,23.2,119,110,1,1,0,0,1,2,0
75,0,25.9,160,78,2,1,0,0,0,21,0
54,1,23.8,137,80,3,2,0,0,1,15,1
62,0,20.1,119,86,1,1,0,0,1,29,0
45,1,37.9,124,78,3,2,0,0,1,6,0
60,0,24.5,101,83,1,3,0,0,0,5,0
62,1,29.6,131,85,2,1,0,0,1,22,0
55,0,19.5,125,104,2,2,0,1,1,22,0
54,0,34.9,169,87,3,3,0,0,1,3,1
64,1,26.3,140,105,1,3,0,0,1,11,0
75,1,36.0,166,77,2,1,0,1,0,11,1
50,1,28.2,100,103,2,1,0,1,1,16,0
54,1,23.1,150,95,1,2,0,0,0,3,1
43,1,30.6,104,101,2,2,0,0,1,9,0
60,1,21.6,112,88,2,1,1,0,1,3,0
52,0,28.9,118,76,2,1,1,0,1,19,1
61,1,26.0,111,63,1,3,0,0,1,11,0
58,0,39.9,147,103,1,2,1,0,1,14,1
73,0,19.9,124,104,2,3,0,0,1,2,1
53,1,34.8,156,88,1,3,1,0,1,7,1
43,0,22.8,134,63,1,3,0,1,1,10,0
66,1,26.0,175,69,3,1,0,0,1,10,0
68,1,28.3,104,84,2,3,0,0,1,20,0
67,0,39.8,121,90,2,1,0,0,1,1,0
74,0,24.2,176,62,1,2,0,1,1,6,0
47,1,20.6,156,106,1,2,1,0,1,21,1
55,1,26.0,146,61,1,1,0,0,0,14,0
75,0,21.0,153,84,1,3,0,1,1,27,1
69,0,21.5,102,108,2,3,1,0,0,2,0
57,0,32.0,152,65,2,1,0,0,1,6,0
41,0,19.9,183,85,1,2,0,1,1,1,1
52,1,19.2,130,67,1,1,0,1,1,3,0
43,1,35.3,168,94,1,2,0,0,1,4,0
65,1,27.0,132,86,1,3,0,0,1,13,0
64,1,21.4,171,84,1,1,0,0,1,3,1
69,0,24.5,149,77,3,3,0,0,1,15,1
50,0,33.6,183,113,2,1,0,0,1,13,1
46,1,25.0,115,60,2,2,1,0,1,22,0
70,1,30.1,175,107,1,2,0,0,0,11,1
49,1,21.4,176,98,3,1,0,0,1,4,1
78,1,32.3,138,62,2,1,0,0,1,17,1
52,1,25.9,145,114,2,3,0,0,1,5,1
70,1,33.2,146,63,1,3,0,0,1,21,0
46,1,37.5,143,100,3,1,0,0,1,25,1
75,1,32.9,108,96,3,2,0,0,1,24,1
59,1,25.5,149,110,3,1,0,0,1,8,1
43,0,24.5,176,74,1,1,0,0,1,21,0
46,1,26.2,159,67,1,2,0,0,1,24,0
40,0,22.4,114,97,1,1,0,0,0,10,0
52,0,22.8,135,109,1,3,0,0,1,7,0
61,1,37.1,162,78,3,2,0,0,0,17,1
60,1,27.5,168,106,1,3,0,0,0,28,1
61,0,28.7,179,85,1,2,1,0,0,7,0
67,0,32.5,140,98,1,3,0,1,0,27,1
48,1,32.4,173,69,1,2,0,0,1,24,0
65,0,20.1,123,97,1,2,1,0,1,19,0
48,1,38.0,181,73,2,3,0,0,1,9,1
54,1,22.7,148,108,2,2,0,0,1,24,1
49,1,35.5,117,100,1,1,0,0,1,2,0
63,0,36.7,106,78,1,2,0,0,1,22,0
47,0,35.3,103,89,1,3,0,0,1,20,0
63,1,32.1,168,64,1,3,0,0,1,19,1
55,0,18.8,159,114,2,2,0,0,1,27,0
65,0,27.0,154,90,2,2,0,0,0,6,0
66,0,32.7,115,66,2,3,1,0,0,10,1
76,0,27.6,181,78,2,1,0,0,1,13,0
43,0,38.8,128,90,1,2,1,0,1,25,0
63,0,25.8,122,111,3,1,1,0,0,2,1
58,0,25.4,113,98,3,2,1,0,0,10,1
75,1,24.8,178,83,3,2,1,1,0,10,0
78,0,26.3,148,93,1,1,0,0,1,26,1
49,0,31.6,132,82,3,1,0,0,1,5,0
64,0,35.1,124,107,3,2,0,0,1,22,0
57,0,34.1,120,104,3,1,0,0,0,4,1
58,0,37.5,116,99,1,1,1,0,1,23,1
75,0,39.3,122,65,2,3,1,0,0,2,0
49,0,37.7,156,97,3,1,0,1,1,7,1
72,0,18.9,180,100,2,2,0,0,0,18,1
44,1,35.8,157,95,2,3,0,0,1,17,1
74,0,23.4,113,86,3,1,0,0,1,11,0
73,0,21.6,119,70,1,1,0,0,1,21,0
72,0,33.5,129,64,2,2,0,0,1,18,0
60,0,26.0,118,76,1,3,1,0,1,8,0
56,1,19.8,152,111,3,3,0,0,0,28,1
61,1,21.7,155,66,1,3,1,0,1,28,1
76,1,18.5,176,86,2,3,0,0,1,12,1
54,1,39.7,181,106,2,1,1,0,1,24,1
74,1,19.1,122,74,2,1,0,0,1,1,0
67,1,23.4,161,105,2,1,1,0,1,20,1
46,1,28.3,132,72,3,1,0,1,1,25,0
71,1,26.9,117,70,3,2,0,0,0,21,0
50,1,39.9,172,104,1,2,0,1,1,12,1
49,1,19.4,132,85,1,1,1,0,0,27,0
48,1,30.5,131,81,1,3,0,0,1,26,0
53,1,34.5,160,87,1,1,0,0,1,29,1
52,1,40.4,153,83,2,2,0,1,0,6,0
64,1,33.1,116,88,3,2,0,0,1,3,0
41,1,37.4,118,68,3,2,1,0,1,5,1
74,1,20.5,169,101,1,2,0,0,1,14,0
46,0,27.6,133,63,1,1,0,1,0,12,0
60,1,27.3,183,108,2,2,1,1,1,13,1
57,0,39.3,124,105,2,3,1,1,1,13,1
42,1,22.1,167,77,1,3,1,1,1,29,1
78,1,22.1,173,102,3,2,0,0,1,17,1
50,0,26.2,173,75,3,2,0,0,0,24,0
78,1,19.8,184,92,1,2,0,0,1,27,1
63,0,22.8,110,88,3,3,0,0,1,15,1
58,0,41.2,115,98,1,1,0,0,1,6,0
43,0,28.6,160,69,2,2,0,1,0,12,1
65,1,33.4,179,68,1,3,0,0,1,2,1
77,1,35.6,106,90,1,2,0,0,1,4,0
71,1,27.1,115,87,3,1,1,1,1,20,1
78,0,22.0,115,62,1,2,0,0,1,25,0
75,0,23.4,139,113,2,1,0,0,1,25,1
79,1,25.9,111,114,1,2,1,0,1,21,1
76,1,33.4,134,73,1,2,0,0,0,12,0
72,1,27.9,120,84,1,3,0,0,1,3,0
75,1,18.7,149,74,1,2,1,0,1,17,0
42,1,30.8,142,61,2,1,1,0,1,6,1
