age,blood_pressure,specific_gravity,albumin,sugar,serum_creatinine,sodium,hemoglobin,hypertension,diabetes_mellitus,pedal_edema,anemia,kidney_disease_risk
38,104,1.01,4,4,7.44,126,11.7,1,1,0,0,1
41,111,1.005,2,2,4.27,148,13.6,1,1,0,0,1
77,91,1.005,4,1,5.92,140,15.4,0,1,0,0,1
54,100,1.015,0,1,3.29,142,9.1,1,1,1,0,1
68,70,1.01,2,1,2.8,139,11.4,1,1,1,1,1
70,73,1.015,2,2,3.58,124,13.2,1,1,0,0,1
41,88,1.01,1,0,8.23,141,11.2,0,1,0,1,0
67,99,1.025,0,4,4.55,128,10.9,1,1,1,1,1
49,70,1.025,1,1,3.46,141,10.7,0,1,0,0,1
66,117,1.02,0,4,4.61,129,10.2,1,1,1,0,1
56,88,1.02,0,1,0.81,133,16.1,1,0,0,1,0
74,90,1.025,0,1,8.96,130,16.8,0,1,0,0,0
63,91,1.02,4,1,5.74,136,14.7,0,0,1,1,1
59,119,1.025,0,3,1.5,147,8.3,1,1,0,1,1
39,71,1.015,3,0,3.24,130,15.5,0,1,0,1,1
48,75,1.005,0,4,9.84,126,13.1,1,1,0,0,0
69,90,1.025,1,1,6.13,149,15.2,1,1,1,1,1
36,102,1.025,1,4,3.27,130,12.2,0,1,0,0,0
59,88,1.025,1,3,4.55,132,8.4,0,1,1,0,1
50,96,1.02,3,2,2.96,146,14.5,0,0,0,0,1
50,106,1.02,2,1,0.8,138,12.2,1,1,1,1,1
45,98,1.02,2,1,8.5,125,16.3,1,1,1,1,1
69,97,1.02,1,3,3.28,121,15.0,1,1,0,0,1
57,103,1.015,2,1,8.46,133,11.4,1,1,1,0,1
39,70,1.025,1,2,5.05,147,14.9,1,1,0,0,1
69,117,1.015,0,2,2.24,135,12.7,0,1,1,1,1
63,94,1.02,3,1,8.12,126,9.9,1,1,0,0,1
39,90,1.015,3,1,4.08,120,12.0,0,1,0,0,1
37,103,1.025,0,0,7.22,148,10.1,0,1,0,1,1
40,95,1.025,4,0,8.45,121,8.0,1,1,0,0,1
57,105,1.02,2,3,9.65,128,10.3,1,0,1,1,1
36,104,1.025,1,3,1.32,144,10.0,0,1,1,1,0
52,92,1.015,0,0,0.58,142,8.0,1,1,0,1,1
64,86,1.01,4,3,5.71,137,15.4,1,1,0,0,1
72,116,1.025,2,0,3.01,140,8.7,1,1,0,0,1
39,111,1.015,0,1,4.96,139,12.3,0,1,1,0,1
45,81,1.015,1,0,1.19,137,12.0,0,1,1,0,0
35,113,1.015,1,4,5.27,137,9.7,1,0,0,0,1
44,89,1.025,1,4,1.69,129,17.2,1,1,1,1,1
75,108,1.01,1,1,8.47,127,13.7,1,1,0,0,1
60,96,1.02,1,1,7.72,140,15.7,1,1,0,0,1
67,111,1.02,2,1,1.2,127,12.7,1,1,0,0,1
61,106,1.025,4,2,8.45,121,14.9,1,1,0,0,1
46,89,1.025,4,0,3.59,137,17.2,1,1,0,1,1
36,80,1.005,2,1,3.85,130,11.3,1,1,0,0,1
35,97,1.01,4,2,2.21,130,12.8,1,1,1,0,1
35,71,1.015,3,1,8.44,138,12.9,0,1,0,0,1
67,93,1.015,0,0,4.34,130,17.4,1,1,0,0,1
56,85,1.02,4,1,0.96,129,10.2,1,1,0,0,1
46,81,1.025,0,2,9.68,127,14.4,0,1,0,0,0
73,85,1.01,0,4,2.93,134,9.3,1,1,0,0,1
70,105,1.02,1,0,9.39,127,16.8,0,1,0,0,0
55,71,1.01,1,1,3.36,138,13.6,0,1,0,1,1
54,94,1.025,1,1,8.4,120,16.2,1,1,0,0,1
70,98,1.015,2,0,6.81,142,16.5,0,1,1,1,1
60,97,1.005,0,1,8.68,139,13.3,1,1,0,1,1
65,79,1.01,4,0,9.77,122,14.5,0,0,1,0,1
35,114,1.015,1,0,8.78,140,14.6,1,1,0,0,1
72,92,1.01,4,2,4.33,131,12.4,0,1,1,1,1
48,101,1.01,0,1,8.24,135,12.1,1,1,0,1,1
60,100,1.01,1,4,7.26,141,9.8,1,0,1,0,1
76,88,1.025,1,1,1.09,135,11.6,0,1,0,0,0
41,84,1.02,2,1,9.33,149,17.4,0,1,0,0,1
46,102,1.01,0,0,4.93,136,10.6,1,1,1,0,1
58,86,1.025,1,0,1.78,147,15.2,0,1,1,0,0
53,105,1.005,0,4,4.54,147,8.6,0,1,1,0,1
43,89,1.02,1,2,6.23,135,12.4,0,1,0,0,1
69,78,1.025,4,0,5.94,128,8.6,1,1,1,0,1
38,107,1.005,0,2,5.96,141,12.5,1,1,0,1,1
76,72,1.02,2,4,2.93,138,8.3,1,1,0,1,1
66,71,1.025,2,0,6.51,120,13.8,1,1,1,1,1
40,87,1.005,0,0,9.12,148,13.6,0,1,0,0,0
62,92,1.025,0,0,4.19,144,15.6,1,1,1,0,1
62,88,1.005,0,3,6.49,137,13.5,0,1,0,1,0
74,76,1.01,0,0,2.82,149,16.8,1,1,1,0,1
63,104,1.01,0,0,0.96,145,15.4,0,1,0,0,0
76,119,1.02,0,1,6.06,125,9.3,1,1,0,0,1
39,89,1.005,0,1,0.95,125,10.5,1,1,0,1,1
39,89,1.01,3,3,7.37,131,8.2,0,1,1,0,1
71,88,1.02,3,1,6.87,122,11.7,1,0,1,0,1
75,110,1.015,2,1,4.01,130,12.8,0,1,0,0,1
62,85,1.01,1,4,4.41,125,17.0,1,1,1,1,1
75,107,1.01,0,0,9.22,133,13.0,1,0,0,0,1
43,90,1.025,1,0,0.62,137,15.4,0,1,1,0,0
63,98,1.015,0,2,5.85,135,10.5,0,1,1,0,1
48,113,1.005,1,2,9.27,143,9.5,1,1,0,0,1
72,107,1.02,4,1,9.18,132,15.7,1,1,0,0,1
74,114,1.015,0,0,6.05,120,10.4,1,1,0,0,1
68,93,1.005,1,2,4.12,125,16.3,1,1,0,1,1
71,106,1.01,2,2,1.44,133,9.6,0,1,1,1,1
76,98,1.02,3,3,2.15,136,16.1,1,1,0,0,1
48,100,1.02,0,3,6.96,144,15.3,1,1,0,0,1
52,114,1.015,0,0,0.66,132,13.8,0,1,1,0,0
67,108,1.025,3,3,8.89,132,16.1,0,0,0,1,1
68,81,1.005,0,0,6.09,128,11.1,1,1,0,0,1
62,99,1.015,1,3,0.93,125,9.6,1,1,0,0,1
70,73,1.025,3,2,2.78,125,9.5,0,0,0,0,1
71,99,1.025,4,1,6.14,144,10.6,1,1,0,0,1
57,74,1.025,0,1,0.84,149,12.2,1,1,1,0,0
76,85,1.02,0,0,7.91,124,16.3,0,0,0,0,0
51,96,1.005,0,0,9.24,144,8.9,1,1,0,0,1
45,73,1.005,1,0,9.63,140,16.7,0,1,0,1,0
66,77,1.015,1,3,7.47,133,16.8,0,1,0,1,0
71,117,1.01,4,1,8.64,133,14.9,1,1,0,0,1
49,77,1.015,1,0,6.3,123,16.6,1,1,0,0,1
38,86,1.005,1,3,4.86,121,15.3,1,1,0,0,1
73,115,1.02,1,0,7.27,121,13.0,1,0,1,0,1
64,113,1.015,0,3,2.63,148,13.7,0,1,0,0,1
44,72,1.01,0,1,1.54,136,14.0,1,1,0,0,1
57,96,1.015,0,1,7.74,129,9.2,1,1,0,1,1
58,103,1.025,3,0,9.6,133,9.8,0,0,0,0,1
70,114,1.01,1,3,5.99,138,13.0,1,1,1,0,1
39,90,1.025,0,0,5.08,136,9.1,1,0,1,0,1
71,112,1.02,1,0,5.58,148,17.2,1,1,0,0,1
77,93,1.005,0,1,5.05,141,12.8,1,1,0,1,1
53,113,1.015,0,3,4.7,149,11.6,1,0,0,1,1
71,119,1.015,3,0,9.5,130,9.5,1,1,1,0,1
42,110,1.025,4,2,5.06,148,12.0,0,1,0,1,1
41,98,1.025,0,2,1.27,126,10.9,1,1,0,0,0
74,108,1.005,2,1,7.77,128,8.8,1,1,0,1,1
47,75,1.015,1,1,4.22,133,17.2,0,1,0,0,0
71,83,1.005,0,0,7.25,142,10.5,1,1,1,0,1
61,119,1.025,2,1,6.01,123,14.6,0,1,1,0,1
52,83,1.025,0,2,7.28,133,8.9,1,0,0,0,1
58,106,1.01,0,0,1.09,139,16.7,1,1,1,1,0
75,93,1.025,0,1,0.82,143,13.6,0,1,1,0,0
36,82,1.025,0,0,4.1,139,14.2,0,1,1,0,1
50,70,1.005,0,1,7.09,136,15.4,1,1,1,1,1
48,81,1.01,0,1,2.62,144,13.8,0,0,1,0,1
51,111,1.01,1,3,4.62,138,8.7,1,1,0,0,1
40,93,1.015,2,1,9.82,149,12.1,0,1,1,1,1
69,106,1.02,0,0,2.54,136,10.5,0,1,0,1,1
51,89,1.015,0,0,8.56,144,12.6,0,1,0,0,1
72,75,1.015,0,1,8.34,146,11.8,0,1,0,0,0
74,81,1.015,3,1,8.97,146,15.9,1,0,1,1,1
40,90,1.01,0,2,9.19,133,10.3,1,1,0,0,1
72,72,1.005,3,1,5.32,132,9.9,1,1,1,0,1
55,96,1.025,1,3,6.98,145,17.1,1,0,0,0,1
69,115,1.01,4,4,6.38,133,17.0,1,1,0,0,1
57,105,1.025,1,0,3.44,145,17.4,0,0,0,0,0
46,86,1.025,0,2,3.16,135,13.4,0,1,0,0,0
63,118,1.02,1,0,3.74,140,9.1,0,1,0,0,1
61,115,1.015,1,1,2.58,147,16.4,1,1,0,1,0
40,84,1.02,1,1,7.7,134,9.4,1,1,0,0,1
55,108,1.015,1,2,9.66,149,9.5,1,1,1,0,1
41,73,1.01,0,1,8.74,144,9.8,1,1,0,0,1
77,86,1.025,1,3,2.57,138,14.2,0,1,0,1,0
75,107,1.02,4,0,0.99,141,9.0,1,1,0,0,1
50,80,1.01,4,0,7.69,130,15.4,1,1,0,0,1
39,81,1.01,1,0,4.21,131,8.6,0,0,1,1,1
49,116,1.015,0,2,8.33,130,9.0,1,1,0,1,1
55,101,1.025,0,0,7.9,147,12.1,1,0,0,0,1
38,96,1.015,3,1,6.44,142,11.6,1,1,0,0,1
39,113,1.015,3,0,2.93,124,17.4,1,1,1,0,1
41,112,1.01,4,0,1.49,147,17.2,1,1,0,0,1
69,96,1.015,1,0,2.9,127,9.8,1,1,0,1,1
70,118,1.005,3,0,5.34,145,17.0,1,1,0,0,1
49,109,1.025,3,1,9.8,125,14.6,0,0,1,0,1
62,113,1.015,1,1,1.11,135,11.9,0,1,1,0,0
36,98,1.015,2,0,2.4,131,15.0,0,1,0,0,1
39,78,1.02,0,2,6.46,125,16.6,0,1,0,0,1
41,112,1.025,1,0,3.39,132,9.7,1,1,0,1,1
56,72,1.025,4,1,8.66,126,9.9,1,1,0,0,1
65,108,1.015,0,2,1.82,127,11.9,1,1,0,0,1
66,98,1.005,2,1,9.65,131,9.6,1,1,0,0,1
42,90,1.02,0,4,9.17,148,11.4,1,1,0,0,1
75,104,1.005,3,1,8.93,121,14.1,0,1,1,0,1
76,117,1.015,2,3,2.14,142,15.7,1,1,0,1,1
45,79,1.025,4,2,3.63,128,10.9,0,1,1,0,1
35,92,1.025,2,3,8.14,132,10.7,1,1,0,0,1
74,108,1.005,1,4,8.17,136,15.4,1,1,1,0,1
53,94,1.01,0,0,7.2,132,11.6,0,1,1,0,1
72,93,1.015,2,0,4.76,135,15.8,0,0,0,0,1
76,89,1.025,1,2,3.46,147,17.4,1,1,0,0,1
71,84,1.01,2,1,9.65,120,17.3,0,0,1,0,1
41,90,1.025,0,3,1.82,126,14.3,1,1,1,0,1
73,111,1.025,3,0,0.92,132,11.6,1,1,1,0,1
59,81,1.01,1,3,0.59,133,8.6,1,0,0,0,1
56,87,1.005,4,0,7.86,140,15.0,1,0,0,0,1
61,92,1.015,2,0,1.04,136,17.3,1,1,0,0,1
75,110,1.01,0,4,5.62,149,8.6,0,1,0,1,1
72,98,1.01,1,0,3.99,135,8.1,1,1,1,1,1
73,110,1.025,4,0,1.9,134,15.9,1,1,1,1,1
49,105,1.01,2,0,7.54,148,9.0,0,1,0,0,1
36,74,1.015,1,3,1.02,136,8.8,0,1,0,0,0
42,108,1.005,4,2,3.52,121,16.6,0,1,0,0,1
77,95,1.005,0,3,5.84,146,8.8,1,1,0,0,1
40,108,1.005,0,1,4.32,145,9.1,0,1,1,0,1
54,80,1.015,2,1,2.96,144,13.4,1,1,0,0,1
61,111,1.025,0,0,9.3,147,15.2,0,1,0,1,1
57,80,1.015,1,0,9.34,131,11.8,1,1,0,0,1
74,87,1.01,2,1,4.45,122,12.0,1,1,0,1,1
51,81,1.02,1,2,4.24,128,14.0,0,1,0,0,0
47,85,1.02,0,0,3.42,125,12.8,0,1,0,0,0
38,96,1.02,1,0,8.63,148,8.2,0,0,0,1,1
54,105,1.005,1,0,5.9,145,9.1,1,1,0,0,1
76,86,1.015,1,1,1.35,125,13.5,1,1,0,1,0
59,118,1.015,3,0,8.61,126,15.5,0,1,0,0,1
56,90,1.005,0,0,5.58,145,15.2,1,1,1,0,1
51,106,1.01,2,0,4.45,146,15.0,0,1,1,0,1
74,100,1.02,2,3,3.71,127,15.3,1,1,1,0,1
45,114,1.02,2,0,1.44,146,8.4,0,1,0,0,1
59,104,1.005,1,3,9.59,122,16.5,1,1,0,0,1
39,96,1.02,0,1,7.54,143,16.4,1,1,0,0,1
55,92,1.025,0,1,1.75,134,13.1,1,1,0,1,1
60,101,1.015,2,0,5.36,141,10.4,0,1,1,1,1
50,86,1.02,1,1,5.78,125,13.6,0,1,1,0,0
74,80,1.02,0,0,2.09,130,13.3,1,1,0,0,0
55,70,1.025,1,0,4.56,149,10.1,1,1,0,0,1
66,97,1.01,3,3,6.63,122,13.7,0,1,0,1,1
38,87,1.01,0,1,3.2,135,15.6,1,1,1,1,1
72,118,1.025,4,0,3.65,125,15.7,1,0,1,0,1
42,110,1.01,0,1,1.66,130,8.6,0,1,1,0,1
43,89,1.005,1,1,4.43,148,9.9,1,1,0,0,1
51,76,1.025,1,2,6.05,127,14.3,1,1,0,0,1
75,106,1.015,0,1,1.61,148,16.2,0,1,0,0,0
47,85,1.015,4,0,6.34,142,13.0,1,1,0,0,1
43,108,1.015,1,0,4.28,129,14.7,1,1,0,0,1
40,114,1.02,0,1,6.94,129,8.2,1,0,1,0,1
61,114,1.025,2,1,3.49,142,13.8,0,1,0,1,1
76,116,1.025,2,1,5.9,122,17.1,1,1,0,0,1
71,92,1.01,4,2,6.32,145,14.3,0,1,0,0,1
73,101,1.025,1,2,7.06,133,16.8,1,1,0,1,0
77,118,1.025,0,1,7.69,138,13.4,0,1,1,1,1
58,86,1.01,0,3,1.8,140,16.0,0,1,0,0,1
43,88,1.025,2,0,9.67,147,9.2,1,1,1,0,1
76,111,1.025,1,1,8.51,140,9.2,1,1,0,0,1
45,103,1.005,4,4,5.84,128,9.1,0,1,1,0,1
69,83,1.01,2,1,8.96,132,12.6,0,1,0,0,1
63,72,1.005,4,1,4.13,128,11.1,0,1,0,0,1
42,108,1.02,4,0,0.83,145,14.8,0,1,0,0,0
51,94,1.01,1,3,7.41,140,16.6,0,1,0,0,0
41,80,1.025,0,1,9.46,131,13.9,0,1,1,0,1
46,118,1.025,0,2,2.04,133,10.0,0,1,0,0,1
49,84,1.005,0,0,6.62,124,16.8,1,1,0,0,1
63,88,1.005,1,0,8.23,125,13.0,1,1,1,0,1
58,112,1.02,0,0,9.1,132,14.8,0,0,0,0,1
71,84,1.02,0,0,3.13,132,16.5,0,0,1,1,1
48,84,1.025,0,3,1.72,143,17.4,1,0,1,0,1
45,107,1.015,0,3,2.85,125,12.8,0,1,0,0,0
69,84,1.02,0,1,5.99,133,15.7,1,1,0,1,1
51,78,1.025,0,0,9.23,130,13.4,1,1,1,1,1
61,74,1.02,1,0,6.03,148,12.6,1,1,0,0,0
37,88,1.01,0,1,9.24,132,13.1,1,1,0,0,1
36,93,1.005,3,0,7.82,131,12.6,1,1,0,0,1
38,98,1.025,0,2,6.18,149,12.0,0,1,0,0,0
52,74,1.02,3,0,0.71,135,14.9,1,1,1,0,1
54,91,1.005,1,2,3.66,125,10.4,1,1,0,0,1
55,82,1.015,1,3,1.05,128,13.9,1,1,0,1,0
48,119,1.02,1,1,3.56,136,14.8,1,1,0,0,1
42,118,1.025,0,3,1.09,149,16.5,0,1,0,0,0
36,116,1.01,0,2,2.09,139,11.2,0,1,0,0,0
60,115,1.005,2,2,4.4,135,16.2,0,1,0,1,1
53,98,1.005,4,1,5.39,145,17.0,1,1,1,0,1
76,85,1.01,4,0,2.56,148,14.2,0,1,0,0,1
62,105,1.025,2,3,7.46,145,15.3,0,1,0,0,1
63,86,1.015,1,1,6.11,131,11.9,1,1,0,0,1
39,89,1.01,1,2,7.07,137,17.0,0,1,1,0,1
77,83,1.015,2,1,7.46,128,14.4,1,0,0,1,1
62,119,1.025,3,0,7.41,122,10.9,0,0,0,0,1
75,75,1.02,0,4,9.39,129,11.8,1,1,0,0,1
60,91,1.02,4,0,2.75,130,13.9,0,0,0,0,1
39,109,1.025,0,3,3.07,121,10.2,1,1,0,1,1
49,78,1.015,1,0,1.39,127,15.2,1,1,1,0,0
43,101,1.01,4,1,6.13,139,10.1,1,1,1,1,1
66,93,1.025,4,1,4.25,130,13.6,1,1,0,0,1
60,102,1.025,2,4,5.21,137,14.6,1,1,1,0,1
71,82,1.02,0,3,2.11,139,16.2,0,1,0,1,1
49,104,1.01,0,3,6.67,126,15.0,1,1,0,0,1
75,75,1.02,0,1,6.38,133,15.6,0,1,0,0,0
38,118,1.015,2,0,3.02,126,16.7,0,1,0,0,1
70,109,1.015,1,2,4.92,120,13.7,0,1,0,0,0
54,99,1.005,1,1,9.0,148,16.0,0,0,1,0,1
61,107,1.025,1,2,7.85,131,10.2,1,1,1,0,1
55,85,1.01,1,2,2.66,147,15.7,0,1,0,0,0
56,70,1.01,1,1,8.85,120,10.1,0,1,0,0,1
41,111,1.02,4,2,1.14,122,16.9,1,1,0,0,0
65,87,1.02,0,3,4.43,121,11.1,0,1,0,0,1
51,91,1.01,3,4,1.26,122,9.6,1,1,0,0,1
41,95,1.02,0,1,9.28,123,9.4,1,0,1,0,1
53,83,1.005,2,2,0.89,133,9.8,0,1,1,0,1
62,106,1.025,4,1,1.94,142,12.3,0,1,0,0,1
44,118,1.005,0,0,9.19,137,13.0,0,1,1,0,1
61,83,1.015,0,0,6.03,142,16.7,1,1,0,0,1
47,95,1.01,0,0,8.05,124,11.6,0,0,1,0,1
36,119,1.005,0,0,0.66,134,10.1,1,0,0,0,1
56,105,1.005,2,0,4.48,135,15.1,1,1,0,0,1
54,92,1.02,0,3,9.85,127,9.3,1,1,0,0,1
77,71,1.02,0,1,6.01,143,16.5,0,0,1,0,0
39,108,1.02,2,1,8.57,140,11.9,0,1,0,0,1
40,76,1.015,1,1,9.65,145,13.8,1,1,0,0,1
69,108,1.005,1,1,7.01,127,9.8,1,1,0,0,1
35,114,1.025,1,0,3.61,147,9.4,0,1,0,0,1
69,91,1.02,2,0,3.43,149,15.6,1,1,0,0,1
37,97,1.015,0,3,1.18,144,12.1,1,1,1,1,0
70,107,1.015,1,2,4.56,126,17.4,0,1,0,0,0
41,89,1.02,3,1,9.2,125,13.0,1,1,1,0,1
63,118,1.01,0,1,5.04,126,16.0,1,1,0,1,1
49,87,1.005,2,0,9.15,142,17.3,1,0,0,0,1
45,93,1.02,3,1,8.26,138,10.7,1,1,0,1,1
52,102,1.025,3,1,9.85,141,15.6,1,1,0,0,1
38,114,1.005,2,2,9.5,141,8.2,1,1,0,0,1
58,95,1.015,2,0,7.21,146,14.5,1,1,0,0,1
45,88,1.025,2,3,8.78,144,15.1,1,1,1,0,1
40,117,1.005,2,0,7.61,120,12.5,0,1,1,1,1
52,111,1.025,1,1,7.18,132,9.5,0,1,0,1,1
49,82,1.015,0,1,7.3,126,13.9,0,1,1,0,1
37,79,1.02,0,1,7.35,120,16.5,1,1,0,0,1
51,83,1.025,0,1,4.1,129,16.8,1,1,0,1,1
67,78,1.02,0,0,4.52,132,15.1,1,1,1,1,1
68,80,1.015,1,1,3.29,123,10.5,1,1,0,0,1
64,72,1.015,4,0,1.91,148,16.3,0,1,0,1,1
53,109,1.025,4,0,4.86,126,16.4,0,1,1,1,1
43,81,1.025,2,0,9.05,125,11.5,0,1,0,0,1
74,104,1.015,4,1,6.69,125,9.7,0,1,0,0,1
65,108,1.025,4,0,1.03,140,16.3,1,1,0,1,1
61,115,1.025,3,0,8.21,130,16.4,1,1,1,0,1
59,108,1.025,0,1,9.39,142,9.0,0,1,0,0,1
41,101,1.025,1,3,8.38,128,17.2,1,1,0,0,1
41,108,1.005,1,2,7.41,149,13.1,1,1,0,1,1
54,83,1.015,0,3,1.93,141,17.4,0,0,0,0,1
77,113,1.015,3,1,3.82,145,12.2,1,1,0,0,1
70,70,1.01,0,1,5.87,126,13.1,0,1,0,0,0
53,96,1.02,0,2,1.23,128,10.5,1,1,1,0,1
36,106,1.01,0,0,1.51,142,16.5,0,1,0,1,1
68,112,1.025,1,0,9.38,125,12.2,1,1,1,1,1
51,70,1.025,1,0,7.18,138,15.7,1,1,0,0,1
58,114,1.005,2,0,3.11,133,8.8,1,1,1,0,1
43,98,1.005,0,2,3.61,120,15.5,1,1,0,0,0
35,93,1.005,1,1,4.15,145,12.7,0,1,0,0,1
76,86,1.005,2,0,1.21,135,8.1,1,0,0,1,1
62,104,1.005,2,3,7.52,128,10.1,1,1,0,0,1
49,100,1.005,0,1,2.18,142,9.8,1,1,1,0,1
55,111,1.005,0,1,8.15,134,15.1,1,1,1,0,1
49,101,1.005,0,4,8.54,138,12.5,1,1,0,0,1
57,88,1.005,2,0,6.57,129,9.5,1,1,0,0,1
36,100,1.015,0,2,7.81,135,10.4,0,1,0,0,1
70,108,1.005,0,1,2.13,144,12.8,0,1,0,0,0
43,89,1.02,0,2,5.97,122,8.2,1,0,0,0,1
36,97,1.005,2,4,6.93,138,12.0,1,1,1,0,1
36,72,1.025,1,1,6.78,132,14.4,0,1,1,1,0
52,101,1.025,1,0,1.61,133,12.9,1,1,0,0,1
51,91,1.005,1,0,3.77,126,13.7,1,1,1,1,1
75,113,1.005,0,0,3.59,121,11.1,1,1,0,0,1
42,111,1.025,0,2,5.94,145,9.7,1,1,0,0,1
68,113,1.02,0,0,7.77,133,15.7,0,1,0,0,0
68,84,1.01,0,0,5.92,142,16.6,1,1,0,0,1
39,107,1.015,3,2,7.67,142,12.9,0,1,0,0,1
63,88,1.025,1,0,1.44,136,10.9,1,1,0,0,1
62,100,1.005,2,3,8.84,132,12.9,1,1,0,0,1
50,95,1.015,0,0,5.6,145,16.4,1,1,0,1,1
48,74,1.005,0,0,0.86,146,14.6,1,1,0,0,0
36,89,1.01,0,0,6.61,121,16.2,1,0,0,0,1
74,71,1.01,2,4,5.41,124,11.1,1,1,1,0,1
38,90,1.025,0,1,2.59,149,14.8,1,0,1,0,1
75,105,1.015,1,0,7.76,123,14.2,0,1,1,0,0
65,97,1.015,2,1,9.37,149,13.4,1,1,0,1,1
60,89,1.01,4,2,3.57,122,13.0,0,1,0,0,1
61,106,1.005,0,0,5.19,145,13.2,1,1,0,1,1
68,108,1.025,0,2,1.72,133,16.1,0,1,1,0,1
65,105,1.02,0,0,9.33,130,16.7,1,1,0,0,1
45,80,1.01,2,0,3.53,127,9.1,0,1,0,0,1
42,72,1.01,0,1,2.35,142,13.4,1,1,0,0,1
46,106,1.025,1,0,5.05,128,16.7,0,1,0,1,0
69,89,1.005,1,4,0.91,135,9.3,0,1,0,1,0
68,101,1.015,0,0,2.9,122,11.9,1,1,1,0,1
47,116,1.01,0,2,1.14,129,8.8,0,1,0,1,0
61,94,1.025,0,0,1.71,120,9.1,1,1,1,0,1
42,90,1.025,0,3,1.57,128,16.6,1,1,0,0,1
55,119,1.025,0,0,8.79,135,12.2,1,1,1,1,1
75,85,1.015,1,4,9.34,128,14.5,0,1,0,0,0
45,117,1.01,2,0,5.01,147,9.3,0,1,0,0,1
56,111,1.025,0,2,6.49,131,8.2,0,1,0,0,1
55,70,1.015,1,1,7.11,120,16.5,0,1,0,0,0
62,92,1.005,0,1,4.22,135,13.5,0,1,0,0,0
37,112,1.02,2,0,4.02,149,8.2,1,1,0,0,1
41,118,1.01,3,3,6.92,127,17.4,1,1,0,0,1
48,93,1.015,3,0,4.08,133,12.7,0,1,0,0,1
49,116,1.02,0,2,6.02,133,12.5,0,1,0,0,0
43,94,1.02,1,1,5.39,129,13.9,1,1,0,1,0
77,76,1.015,2,4,5.48,120,8.1,0,1,1,0,1
41,107,1.015,0,1,8.38,125,13.4,1,1,1,0,1
46,116,1.015,1,0,7.19,128,14.0,0,1,0,0,0
53,116,1.025,3,1,9.63,138,10.8,1,0,0,0,1
61,108,1.005,0,0,8.01,141,14.9,1,1,0,0,1
52,104,1.025,1,0,1.89,135,11.6,1,1,0,0,1
47,83,1.02,2,0,7.52,138,14.8,0,0,1,0,1
77,78,1.02,0,3,6.82,130,9.4,0,0,1,0,1
35,72,1.02,0,3,6.64,149,16.7,1,1,1,0,1
72,107,1.015,0,0,5.07,140,16.4,1,1,1,0,1
55,89,1.01,0,1,1.09,130,9.4,1,1,0,0,0
68,110,1.025,0,0,9.54,133,16.9,1,1,0,0,1
47,102,1.01,0,0,8.59,126,13.3,0,1,1,0,1
75,110,1.005,0,0,5.12,146,14.7,0,1,0,0,0
57,113,1.005,1,2,2.01,145,16.0,0,1,1,0,1
35,101,1.025,1,4,8.33,131,8.8,1,1,1,0,1
57,105,1.02,0,0,4.59,139,9.6,0,1,0,0,1
62,95,1.005,0,0,4.21,139,10.8,0,1,1,1,1
66,117,1.01,0,0,6.82,142,12.5,1,1,0,0,1
42,74,1.01,0,4,7.71,124,11.3,1,1,0,0,1
60,118,1.015,0,0,1.1,120,12.8,1,1,1,0,0
48,99,1.02,2,1,7.79,130,9.8,1,1,0,0,1
58,86,1.015,0,3,7.47,134,14.5,1,0,1,0,1
63,75,1.025,0,0,6.1,129,8.5,0,1,1,0,1
38,84,1.005,2,1,3.71,148,11.4,0,1,0,0,1
52,70,1.015,1,0,2.07,134,9.7,1,1,1,0,1
48,82,1.015,1,3,1.48,147,14.9,1,1,1,0,1
61,117,1.025,3,0,0.51,132,16.4,1,1,0,0,1
75,103,1.01,0,4,2.46,134,8.7,0,1,0,1,1
37,99,1.01,4,4,4.41,121,15.5,1,0,0,1,1
64,88,1.025,4,2,2.81,141,16.5,1,0,0,1,1
70,71,1.01,0,1,3.44,132,17.3,0,1,0,0,0
57,113,1.025,3,2,4.21,131,13.5,1,1,0,1,1
52,81,1.01,2,0,3.43,144,11.1,0,0,1,1,1
74,109,1.025,4,0,7.38,142,11.1,1,1,1,0,1
44,113,1.01,2,0,5.17,123,11.6,1,1,0,0,1
46,93,1.015,2,1,0.68,147,13.8,1,1,0,0,1
75,80,1.015,0,3,2.65,131,12.7,1,1,1,1,1
42,71,1.01,1,4,7.24,134,14.2,0,1,0,1,1
66,70,1.025,0,2,3.36,132,8.4,1,1,1,0,1
51,97,1.015,0,2,9.24,121,9.0,1,1,1,1,1
75,73,1.005,4,3,7.27,139,17.3,1,1,1,0,1
48,110,1.01,0,4,3.25,135,17.5,0,1,0,0,0
71,99,1.005,2,1,5.41,133,15.1,1,1,0,1,1
43,76,1.005,0,0,6.84,140,10.4,0,1,0,1,1
60,91,1.02,0,1,2.34,121,17.1,0,1,0,0,0
58,95,1.005,1,1,2.84,136,10.0,1,1,1,1,1
57,98,1.005,0,1,5.32,135,14.9,1,1,0,0,1
65,94,1.02,4,4,9.29,123,9.1,1,1,0,0,1
73,79,1.02,0,3,3.77,130,14.2,1,1,1,1,1
36,89,1.02,0,1,4.32,132,15.2,0,1,0,1,0
52,83,1.025,0,0,2.31,125,16.2,1,1,0,0,1
50,102,1.02,0,0,6.14,136,15.0,0,1,1,0,1
63,74,1.025,0,0,7.53,120,16.8,1,0,0,0,1
45,114,1.01,1,1,4.69,128,12.9,1,1,0,1,1
36,75,1.025,1,3,7.63,140,14.4,1,0,0,1,1
48,91,1.01,0,1,3.37,137,11.5,1,0,0,1,1
38,86,1.02,0,1,7.22,130,8.1,1,1,0,0,1
73,84,1.02,3,0,2.95,133,15.2,1,1,0,0,1
68,108,1.01,1,1,7.92,121,16.3,0,1,0,1,0
73,109,1.015,1,3,8.39,139,9.7,0,1,0,0,1
43,97,1.025,2,2,8.08,130,8.3,1,1,0,0,1
74,71,1.005,2,0,2.55,121,9.6,0,1,0,0,1
75,87,1.02,2,3,7.1,123,16.5,1,1,0,0,1
41,96,1.025,3,0,5.62,146,10.8,0,1,0,0,1
51,90,1.025,0,2,9.87,132,10.2,0,1,0,1,1
57,92,1.02,0,0,3.93,125,8.1,1,1,0,0,1
45,76,1.01,0,2,7.83,126,10.8,1,0,1,0,1
56,117,1.02,3,0,4.02,141,14.8,1,1,0,1,1
52,88,1.025,0,1,4.27,139,17.1,0,1,1,0,0
62,78,1.015,1,1,1.55,145,11.0,0,1,0,0,0
50,81,1.01,2,0,2.78,122,10.3,1,1,0,0,1
76,115,1.02,1,4,2.06,123,16.4,1,1,1,0,1
38,99,1.005,0,0,2.01,147,16.1,1,1,1,1,1
70,76,1.02,0,3,0.59,140,11.1,0,1,1,0,0
56,71,1.025,0,1,8.04,139,8.7,1,1,1,0,1
45,86,1.025,0,2,4.95,122,17.4,1,1,1,0,1
55,80,1.005,0,2,8.14,120,14.5,1,1,0,0,0
74,119,1.01,2,0,6.32,138,16.8,0,1,0,0,1
75,81,1.025,3,0,8.4,146,11.2,1,1,0,1,1
50,72,1.01,1,1,5.29,140,14.2,1,1,0,0,1
76,90,1.01,2,3,1.39,132,14.4,1,1,0,0,1
43,83,1.02,1,4,6.36,133,16.3,1,1,0,0,1
69,84,1.01,0,0,6.94,141,17.4,1,1,1,0,1
68,111,1.025,0,1,6.45,147,9.0,1,1,0,0,1
43,110,1.025,0,2,8.11,135,14.0,1,1,0,0,1
47,79,1.015,2,1,7.45,149,11.2,1,1,0,1,1
40,105,1.01,4,4,4.61,148,15.7,1,0,1,0,1
38,79,1.015,1,0,8.28,123,15.2,1,1,1,0,1
62,86,1.02,0,1,7.07,136,16.5,0,1,0,1,1
45,113,1.015,1,2,1.64,129,11.3,0,1,0,1,0
68,94,1.01,1,0,5.63,148,9.8,1,1,1,0,1
69,96,1.025,1,2,7.42,126,8.2,0,1,0,0,1
39,102,1.02,2,0,5.76,132,10.4,1,1,0,0,1
73,80,1.01,2,1,9.52,144,11.5,1,1,0,0,1
45,82,1.02,1,2,1.46,132,17.0,1,1,0,0,1
46,70,1.005,1,0,7.36,141,12.7,1,1,0,0,1
77,100,1.01,4,0,8.33,133,13.3,1,0,0,0,1
53,102,1.005,2,4,7.18,125,16.4,0,0,0,0,1
47,90,1.015,1,3,4.16,135,16.4,0,1,0,0,0
38,85,1.01,1,4,4.16,128,13.0,1,1,0,1,0
48,108,1.005,3,4,6.07,139,9.1,1,1,1,0,1
36,92,1.025,1,0,4.27,135,10.6,1,1,0,0,1
42,79,1.015,1,0,8.89,140,12.3,0,1,0,1,0
56,117,1.01,0,0,1.54,140,15.1,0,1,0,0,0
47,102,1.01,3,3,6.57,149,14.8,1,1,0,0,1
55,91,1.025,1,2,1.77,131,14.1,1,1,0,1,1
55,110,1.025,1,1,5.63,135,16.4,1,1,0,0,1
62,75,1.005,3,4,7.3,124,15.6,1,1,1,0,1
67,116,1.005,4,1,2.07,143,17.3,1,1,0,1,1
63,105,1.005,3,0,7.19,130,16.4,0,1,1,0,1
71,116,1.02,0,0,1.83,120,9.9,0,0,0,1,1
56,79,1.015,1,0,6.4,129,8.5,1,1,1,1,1
60,85,1.01,0,0,5.3,130,11.9,1,1,1,0,1
45,82,1.015,0,1,3.33,134,13.9,0,1,0,0,1
45,89,1.025,4,2,1.56,145,14.1,0,1,0,1,1
68,73,1.015,3,0,7.49,146,10.5,1,1,0,0,1
53,89,1.015,1,2,4.13,122,16.2,0,1,0,0,0
71,91,1.005,0,1,1.32,143,11.1,1,1,1,0,0
48,98,1.025,0,4,7.84,134,16.7,1,1,1,0,1
63,85,1.015,1,2,2.71,130,12.5,0,1,0,0,1
53,112,1.01,0,4,7.5,128,8.1,1,1,0,0,1
71,116,1.005,1,0,5.87,121,9.5,0,1,1,0,1
55,112,1.015,1,0,2.35,131,9.0,0,1,0,0,1
58,92,1.025,3,1,1.23,139,8.4,0,1,0,1,1
60,99,1.01,0,0,6.14,149,14.8,1,1,0,0,1
75,99,1.025,0,1,0.74,135,9.8,1,1,1,0,1
46,112,1.025,3,0,1.12,143,16.0,0,1,1,0,1
53,72,1.025,1,1,7.17,135,10.5,1,1,0,1,1
64,93,1.02,0,4,5.62,140,8.3,0,1,0,0,1
49,118,1.01,0,0,3.6,120,15.8,1,1,0,1,1
37,106,1.025,3,4,5.62,135,12.4,1,1,0,0,1
47,82,1.02,2,0,6.12,125,13.7,1,1,1,0,1
43,111,1.005,3,0,5.87,133,11.2,0,1,0,0,1
47,101,1.02,0,1,6.6,144,8.4,0,1,0,0,0
50,106,1.005,2,3,9.43,144,11.5,1,1,0,0,1
48,81,1.02,2,2,4.19,130,12.9,0,0,0,0,1
42,77,1.025,0,2,3.36,120,8.1,1,1,1,0,1
53,93,1.02,4,0,0.87,139,13.5,0,1,0,0,0
66,113,1.02,1,0,1.9,136,16.5,1,1,0,0,1
69,85,1.025,4,0,1.51,142,10.1,1,1,1,0,1
57,101,1.005,3,0,3.69,138,16.8,1,1,0,0,1
55,103,1.025,0,4,6.29,121,8.9,1,0,0,0,1
52,104,1.01,1,3,0.94,133,15.8,1,1,0,0,0
48,101,1.02,1,0,7.41,127,16.0,0,0,0,1,0
50,119,1.01,2,2,4.28,144,10.4,1,1,1,0,1
58,86,1.025,1,1,9.65,142,17.1,0,0,0,0,1
66,71,1.025,2,0,5.9,141,12.0,1,1,0,0,1
45,95,1.015,0,1,7.83,145,9.3,1,1,1,1,1
45,113,1.01,2,1,8.68,148,13.6,0,1,0,0,1
38,86,1.015,0,2,8.94,146,17.5,1,1,1,0,1
60,107,1.01,0,0,5.43,125,16.5,0,1,0,0,0
39,118,1.015,3,4,4.27,128,10.6,1,1,0,0,1
70,71,1.015,0,1,5.82,124,13.5,1,1,0,0,1
67,77,1.01,0,0,4.32,124,9.1,0,1,0,0,1
48,115,1.025,0,0,2.79,137,12.4,0,1,0,0,0
66,75,1.005,1,2,3.58,141,13.0,1,1,0,0,1
41,78,1.025,0,1,2.71,133,11.0,0,0,0,0,0
44,70,1.005,2,2,3.06,131,12.6,0,1,0,1,1
36,74,1.01,2,0,1.39,147,16.7,1,1,0,1,0
44,108,1.02,0,0,4.55,131,12.8,1,1,0,0,1
69,78,1.025,1,1,2.74,141,15.9,0,1,0,1,0
55,83,1.015,0,0,4.76,125,11.0,0,1,0,0,1
74,96,1.025,2,2,8.03,123,17.2,1,1,0,1,1
76,78,1.01,0,0,4.76,146,8.9,0,0,1,0,1
42,105,1.02,0,0,9.57,134,13.6,1,1,0,0,1
52,98,1.02,0,0,1.9,142,15.5,1,1,0,1,1
43,89,1.025,0,1,8.58,134,15.7,0,1,0,1,1
75,84,1.025,2,2,2.86,144,9.9,1,1,0,0,1
64,105,1.025,0,3,9.37,136,11.8,1,1,1,0,1
38,72,1.01,0,3,2.66,122,13.9,1,0,0,1,0
69,92,1.005,0,1,7.6,129,11.0,1,1,0,0,1
48,115,1.005,4,0,1.09,144,14.3,1,1,0,1,1
48,78,1.015,2,2,6.48,149,11.6,1,1,1,1,1
71,99,1.01,0,0,2.58,140,11.3,0,1,0,1,1
54,88,1.02,0,2,6.87,141,9.0,0,1,0,0,1
63,107,1.015,3,2,6.54,127,8.4,0,1,0,0,1
57,72,1.02,0,2,9.28,128,15.9,1,1,0,0,1
55,119,1.02,4,0,6.45,143,12.7,1,1,0,1,1
65,117,1.025,0,4,4.38,122,13.3,0,1,0,0,1
66,72,1.02,0,2,2.34,145,11.5,1,1,0,0,1
75,103,1.02,2,2,6.75,120,9.3,0,1,0,1,1
41,71,1.01,1,0,1.61,130,12.3,1,1,0,0,1
47,96,1.025,4,1,8.37,132,10.2,0,1,0,1,1
57,92,1.025,3,0,2.85,131,16.0,1,1,0,0,1
42,111,1.015,1,1,5.48,148,17.4,0,1,0,0,0
46,101,1.025,2,1,6.16,140,16.4,0,1,0,0,1
70,116,1.005,3,3,3.94,126,13.0,0,1,0,0,1
50,104,1.01,1,0,6.81,121,14.0,1,1,0,1,1
60,109,1.015,0,1,2.88,120,17.0,1,1,0,0,0
63,87,1.005,0,0,0.83,139,13.1,0,1,0,1,0
63,96,1.02,0,1,9.61,122,14.1,0,1,0,1,0
40,80,1.005,3,4,3.54,123,14.0,1,1,1,0,1
71,108,1.015,0,2,7.28,136,14.7,1,1,1,1,1
67,88,1.025,0,1,5.32,137,14.1,1,1,1,0,1
65,94,1.01,3,0,6.86,136,14.4,1,0,0,1,1
75,76,1.015,0,1,1.55,138,14.9,0,1,0,0,0
52,100,1.005,1,0,5.43,123,15.7,1,1,0,1,1
72,71,1.005,3,1,4.23,148,11.8,1,0,1,0,1
65,107,1.015,1,0,4.79,136,15.1,0,1,0,1,0
50,74,1.015,0,2,9.68,141,9.0,1,1,0,0,1
74,83,1.015,1,0,1.79,121,16.3,0,1,0,0,0
71,87,1.025,2,0,7.67,129,10.8,0,1,0,0,1
48,105,1.015,1,2,3.64,131,11.8,0,1,0,0,0
73,73,1.02,0,3,3.26,132,15.6,0,1,0,0,0
38,93,1.01,0,4,3.07,130,14.1,0,1,0,1,0
64,82,1.01,2,3,3.81,140,10.9,1,1,0,0,1
67,90,1.02,0,0,3.89,127,10.1,1,1,0,1,1
70,102,1.005,2,0,3.07,147,17.1,1,1,1,1,1
64,89,1.005,1,3,6.84,148,8.8,0,1,1,0,1
48,74,1.005,1,3,0.95,139,8.0,0,1,0,0,1
57,93,1.005,4,1,3.66,124,14.4,1,1,0,1,1
62,104,1.025,0,0,3.16,144,13.8,1,1,0,0,1
41,99,1.02,0,0,7.64,121,15.0,1,1,0,0,1
76,97,1.01,1,3,1.89,131,15.0,1,1,0,0,1
44,114,1.02,0,0,9.44,147,16.2,1,1,1,1,1
38,76,1.01,1,2,2.12,121,16.8,0,1,1,0,1
72,111,1.005,4,4,4.02,125,15.4,1,0,0,0,1
47,104,1.025,3,2,2.4,141,10.2,0,1,0,0,1
55,99,1.015,1,0,3.22,138,12.4,0,1,0,0,0
67,103,1.015,3,0,7.73,131,14.1,1,1,0,0,1
74,108,1.005,0,0,5.03,144,13.1,1,1,1,1,1
62,78,1.005,1,2,2.04,132,9.5,1,1,0,0,1
57,81,1.02,1,1,0.94,136,13.6,0,1,0,0,0
66,98,1.025,0,0,2.68,131,16.4,1,1,0,0,1
39,79,1.025,0,0,9.48,122,12.0,1,1,0,0,0
60,96,1.02,3,0,8.53,143,14.4,0,1,0,0,1
73,88,1.025,2,4,4.68,127,13.9,1,1,1,1,1
60,82,1.025,2,3,5.08,135,11.6,1,1,0,1,1
37,111,1.015,0,1,9.04,123,13.4,1,1,1,0,1
58,106,1.025,0,4,6.12,143,10.0,1,1,0,0,1
68,101,1.005,4,2,8.87,146,13.2,1,1,0,1,1
68,84,1.015,1,2,5.17,145,15.6,1,1,1,0,1
54,90,1.005,1,2,2.4,132,15.2,1,1,1,0,1
64,72,1.005,4,2,7.4,127,11.4,1,1,1,0,1
76,77,1.02,1,0,5.5,120,9.1,1,1,0,0,1
54,75,1.025,1,1,6.85,122,15.6,0,1,0,0,0
75,98,1.025,0,3,1.99,120,10.5,1,1,0,0,1
52,88,1.025,0,0,6.65,134,8.5,0,0,0,0,1
72,86,1.025,2,0,4.13,137,12.2,1,1,0,0,1
54,79,1.015,0,0,3.65,139,15.0,1,1,0,1,1
40,102,1.01,1,0,6.88,122,15.7,1,1,1,0,1
76,82,1.005,0,0,6.13,148,17.3,1,1,0,0,1
59,96,1.01,0,1,6.67,134,9.8,1,1,1,0,1
75,111,1.01,1,0,9.67,146,10.8,1,0,0,1,1
75,81,1.01,0,0,7.16,141,13.8,1,1,1,0,1
37,71,1.015,3,3,6.59,147,15.7,0,1,0,1,1
77,79,1.01,0,2,6.33,147,10.2,0,0,0,0,1
53,90,1.015,1,0,4.29,124,11.9,1,1,0,1,1
44,92,1.02,0,1,8.47,140,11.9,1,1,1,0,1
39,70,1.02,0,2,4.12,129,15.3,0,1,1,0,1
56,102,1.02,0,2,7.15,126,10.3,0,1,0,1,1
43,95,1.015,4,0,3.28,142,17.2,0,0,0,0,1
67,84,1.015,0,4,1.9,144,12.8,0,1,0,1,1
49,91,1.005,3,2,1.73,127,10.7,0,1,0,0,1
58,94,1.01,0,3,6.53,122,10.7,0,1,0,0,1
64,70,1.025,0,0,3.62,137,8.2,0,1,0,1,1
70,95,1.025,2,0,3.11,136,14.6,1,1,1,1,1
73,90,1.01,1,0,6.12,135,15.4,0,1,0,1,0
40,110,1.025,1,0,0.74,145,8.3,1,0,0,0,0
49,93,1.025,0,0,2.84,141,13.6,1,1,0,1,1
72,108,1.025,0,0,3.74,148,15.4,0,1,1,0,1
73,85,1.015,1,2,7.23,132,11.6,0,1,0,0,0
56,101,1.015,3,0,5.68,123,12.1,1,1,1,0,1
37,85,1.015,0,0,8.63,122,11.4,0,1,0,1,0
63,82,1.01,4,4,3.68,130,11.0,1,0,0,0,1
63,111,1.02,0,0,3.32,146,12.7,1,1,1,1,1
65,101,1.025,1,1,0.82,121,9.6,1,1,0,0,0
36,119,1.005,0,1,9.54,137,12.2,1,1,1,0,1
69,110,1.015,1,4,5.26,146,16.9,1,1,1,0,1
43,113,1.005,0,3,5.27,123,8.3,1,0,0,0,1
56,93,1.025,0,1,9.27,136,9.6,1,1,0,0,1
53,82,1.02,4,4,3.25,125,15.4,1,1,1,0,1
71,80,1.005,2,1,3.66,129,9.3,1,1,1,0,1
44,84,1.025,2,2,6.74,130,10.6,0,1,1,0,1
55,79,1.025,0,0,7.96,124,12.3,0,1,1,0,1
51,111,1.015,4,1,7.14,145,17.0,0,1,0,0,1
37,110,1.02,1,1,7.99,144,9.7,1,1,0,0,1
41,72,1.025,3,1,5.96,137,16.8,0,1,0,0,1
75,85,1.02,0,2,8.7,144,14.8,0,1,0,0,0
71,113,1.015,0,0,5.73,144,14.4,1,1,0,0,1
70,86,1.005,4,0,2.68,129,14.9,0,1,1,0,1
37,94,1.01,1,2,5.65,128,8.3,1,1,0,1,1
47,99,1.01,3,0,7.27,135,8.9,1,1,1,0,1
75,116,1.01,0,0,6.71,129,11.2,1,1,0,1,1
64,104,1.02,1,2,2.81,129,8.7,1,1,0,1,1
57,106,1.01,3,4,0.89,123,17.4,1,1,0,0,1
41,82,1.005,1,0,2.9,140,13.5,1,1,0,1,1
64,93,1.025,2,1,9.85,143,12.6,0,1,0,0,1
63,107,1.02,0,0,2.25,133,15.5,1,1,1,0,1
42,95,1.005,0,1,4.91,127,17.3,0,1,0,0,0
44,78,1.02,0,0,6.56,120,17.1,1,1,0,0,0
67,88,1.02,1,1,8.85,135,15.5,1,0,0,0,1
54,97,1.02,3,2,7.72,145,11.6,0,1,0,0,1
63,76,1.015,0,0,9.14,136,8.6,1,1,0,0,1
63,114,1.025,1,2,6.24,129,8.9,1,1,0,0,1
55,91,1.01,3,1,8.72,125,8.0,0,1,0,0,1
35,99,1.015,0,0,3.01,126,8.0,0,1,0,0,1
68,106,1.025,3,1,4.59,137,16.9,1,1,1,1,1
66,85,1.01,4,1,8.52,121,16.8,1,1,0,0,1
48,105,1.015,0,0,3.59,140,14.3,1,1,0,0,0
71,74,1.015,0,2,8.78,128,14.9,1,1,1,1,1
69,98,1.005,0,2,3.95,124,12.9,1,1,0,0,1
58,92,1.015,2,3,3.95,127,10.3,1,1,0,1,1
35,75,1.02,0,1,3.44,143,16.7,0,1,1,1,1
40,105,1.015,2,0,5.7,124,10.6,1,0,1,0,1
38,102,1.02,1,3,1.73,143,15.0,1,1,0,0,1
72,118,1.025,3,0,0.85,134,10.3,1,0,0,0,1
35,110,1.025,3,2,9.03,127,16.3,1,1,0,0,1
75,85,1.02,4,3,9.32,124,14.2,0,1,1,1,1
65,103,1.005,0,2,1.22,124,14.1,1,1,0,0,0
70,112,1.005,0,1,5.72,139,8.9,0,1,0,1,1
43,95,1.025,0,4,5.63,136,12.0,0,1,0,0,0
75,106,1.015,1,2,4.04,128,13.0,1,1,0,1,1
57,82,1.025,1,1,5.9,121,10.8,0,1,0,0,1
65,86,1.025,4,2,4.85,120,16.4,0,1,1,0,1
63,101,1.02,3,0,5.15,141,16.0,1,1,1,0,1
55,101,1.005,0,1,7.68,140,12.7,1,1,0,0,1
37,97,1.02,2,3,5.5,130,11.2,1,1,1,0,1
60,98,1.025,0,0,3.57,134,15.6,1,1,0,0,1
40,94,1.01,0,1,6.02,120,9.9,1,1,0,0,1
54,116,1.015,3,1,6.59,126,8.7,1,1,0,0,1
47,91,1.025,4,1,6.79,142,8.4,1,1,0,0,1
75,96,1.02,0,1,6.37,138,8.4,0,0,0,0,1
57,113,1.01,3,4,6.81,143,12.6,1,1,1,0,1
49,107,1.01,3,0,3.45,134,10.4,0,1,0,1,1
65,89,1.025,0,2,4.74,125,14.6,1,1,1,1,1
38,114,1.005,0,2,6.85,139,14.2,1,0,0,1,1
45,119,1.01,2,1,7.67,145,13.1,1,1,0,0,1
36,93,1.015,3,0,4.62,145,11.4,1,1,0,0,1
50,116,1.02,0,1,3.97,129,16.1,1,1,0,0,1
65,116,1.02,0,4,7.3,131,14.7,1,1,1,0,1
73,77,1.02,1,0,2.61,132,10.6,0,1,0,0,1
77,83,1.025,2,1,0.59,134,12.8,1,1,0,0,1
38,108,1.02,1,4,4.98,138,9.5,0,1,0,0,1
62,83,1.02,0,2,2.15,136,11.1,1,1,1,0,1
50,74,1.015,3,2,4.09,132,17.5,0,1,0,0,1
73,116,1.005,1,4,3.27,121,10.1,0,1,0,0,1
59,90,1.025,3,0,7.88,137,14.6,0,1,1,0,1
47,84,1.025,4,2,3.65,148,10.3,1,1,0,0,1
39,105,1.02,3,1,6.59,130,16.9,1,1,1,0,1
64,102,1.015,4,1,6.9,124,10.9,0,1,1,0,1
35,86,1.01,4,1,4.84,123,11.3,1,1,0,0,1
39,89,1.02,1,0,1.27,121,13.6,1,1,1,0,0
48,70,1.02,2,0,7.15,146,13.6,1,1,1,0,1
45,85,1.025,2,0,1.21,135,13.5,1,1,1,0,1
68,114,1.025,1,0,1.44,144,13.4,1,1,0,0,1
63,87,1.02,0,0,2.36,126,11.0,0,1,1,0,0
52,79,1.025,0,3,3.16,127,12.1,0,1,0,1,0
49,92,1.015,0,0,8.54,127,13.6,1,1,0,0,1
59,87,1.01,0,1,6.91,121,14.4,0,1,1,0,1
64,118,1.01,0,2,4.18,134,10.4,1,1,1,0,1
36,78,1.01,4,0,9.8,124,14.7,0,1,0,0,1
74,115,1.02,1,4,2.81,138,16.8,0,1,0,1,0
61,99,1.02,0,3,6.29,129,15.2,0,0,1,0,1
49,82,1.02,1,0,8.55,128,8.8,1,1,1,0,1
66,100,1.015,0,4,8.12,144,12.5,1,1,0,0,0
54,115,1.01,3,2,1.36,141,12.1,0,1,0,1,0
48,112,1.025,0,0,7.12,148,11.2,1,0,1,1,1
61,82,1.025,0,2,2.95,139,12.7,1,1,0,1,1
37,101,1.005,3,2,3.88,127,12.2,1,1,0,0,1
37,86,1.005,1,1,5.15,124,8.1,0,0,0,1,1
47,72,1.025,3,2,8.01,138,10.2,0,1,0,0,1
59,70,1.01,1,0,2.08,132,10.0,1,1,0,0,1
52,74,1.02,0,4,1.53,146,11.3,1,0,1,1,1
35,101,1.025,1,3,1.96,133,9.7,1,1,0,1,1
73,94,1.025,0,2,2.57,127,8.6,1,1,0,0,1
39,114,1.005,0,0,1.07,135,9.9,0,1,0,0,0
36,74,1.01,0,1,9.3,149,16.1,1,1,0,0,1
64,106,1.025,3,2,3.53,149,15.6,1,1,0,0,1
51,92,1.02,2,3,2.18,147,12.2,0,1,0,0,1
63,81,1.02,0,4,6.56,141,16.3,1,0,1,0,1
76,103,1.015,0,3,7.98,124,10.2,1,1,1,0,1
38,92,1.02,4,1,7.66,120,13.5,1,1,0,0,1
43,85,1.025,0,3,7.33,138,9.4,0,1,0,0,1
55,118,1.025,1,0,0.98,142,15.9,0,1,0,0,0
77,74,1.02,1,1,7.93,138,9.2,1,1,0,0,1
46,113,1.005,2,0,5.27,136,8.3,1,1,0,1,1
46,116,1.01,0,3,6.67,143,10.6,0,1,1,0,1
38,97,1.025,4,4,9.59,142,16.6,0,1,0,0,1
62,75,1.02,1,0,8.2,140,9.2,1,1,1,1,1
43,82,1.02,0,1,8.34,147,11.1,1,0,0,0,1
74,112,1.025,0,4,2.22,129,11.0,0,1,1,0,1
66,99,1.015,0,1,5.03,124,15.6,1,1,0,0,1
47,95,1.01,0,1,9.52,141,12.0,0,1,0,0,1
68,86,1.025,4,1,6.04,126,13.8,1,1,0,1,1
53,78,1.02,0,2,1.47,135,11.8,1,1,1,0,0
48,85,1.015,3,4,7.45,148,13.2,0,1,0,0,1
39,118,1.025,1,1,0.91,122,8.6,1,1,1,0,1
61,87,1.01,0,0,7.55,146,11.6,0,1,0,0,0
62,82,1.015,0,0,8.86,131,16.1,0,1,0,0,0
60,98,1.02,1,0,4.54,133,14.6,1,0,0,0,0
44,112,1.005,2,1,4.43,147,17.3,1,1,1,0,1
58,114,1.01,3,4,3.39,139,15.5,1,1,0,1,1
51,93,1.015,2,2,8.83,120,12.3,0,1,1,0,1
50,114,1.025,1,4,5.7,126,14.4,1,1,0,1,1
51,113,1.025,0,3,6.0,145,15.4,0,1,0,0,0
35,115,1.015,4,1,6.79,137,10.6,0,0,0,0,1
55,82,1.025,4,1,3.35,142,8.6,1,1,0,0,1
77,94,1.015,0,1,4.61,141,11.9,1,1,0,0,1
56,110,1.01,0,0,7.55,123,9.4,1,1,0,1,1
39,115,1.025,2,1,9.86,135,10.6,1,1,0,0,1
70,70,1.01,2,1,0.83,130,17.0,0,1,1,0,0
55,78,1.02,1,1,0.91,137,16.0,1,1,0,0,0
43,73,1.02,1,1,4.57,142,13.6,0,1,0,0,0
61,97,1.02,3,0,6.77,135,11.8,0,1,1,1,1
46,81,1.02,0,1,4.17,126,10.5,1,1,0,0,1
52,93,1.025,1,1,10.0,140,13.4,1,1,0,0,1
69,115,1.015,0,0,2.36,144,13.1,1,1,0,0,1
49,78,1.025,0,2,0.58,122,15.4,1,1,0,0,0
64,104,1.025,4,0,2.31,144,16.8,1,1,0,0,1
67,107,1.01,1,3,8.93,124,11.1,1,1,0,0,0
70,104,1.015,3,0,1.88,137,10.0,1,1,0,0,1
74,102,1.005,1,1,5.05,144,11.8,0,1,0,0,1
64,104,1.005,3,1,4.48,149,12.2,0,1,0,1,1
60,115,1.015,1,0,6.82,136,8.4,0,1,0,0,0
55,89,1.005,0,1,1.02,120,16.2,1,1,0,1,0
71,71,1.015,3,2,6.76,135,17.5,1,1,0,1,1
77,113,1.01,0,0,3.87,134,16.8,1,1,0,0,1
65,95,1.01,1,0,9.3,132,16.2,0,1,1,0,1
51,111,1.025,1,1,8.56,126,17.4,0,1,1,0,1
51,82,1.005,0,0,4.3,122,16.6,1,1,1,0,1
68,99,1.015,0,2,9.93,143,14.5,0,1,0,0,0
58,101,1.01,2,3,0.99,142,9.6,1,1,0,0,1
67,105,1.025,0,0,7.99,146,9.5,0,1,0,0,1
38,88,1.005,1,1,4.62,132,8.5,1,1,0,0,1
43,91,1.005,1,1,4.62,135,11.9,1,1,0,0,0
36,70,1.005,0,1,2.12,142,15.7,1,1,0,1,1
69,80,1.01,2,0,5.39,120,12.7,1,1,1,0,1
72,95,1.01,3,1,1.3,120,11.5,1,1,1,0,1
49,117,1.005,0,0,6.36,147,9.0,1,1,0,0,1
77,88,1.01,1,0,2.8,135,8.5,1,1,0,0,1
76,88,1.005,0,1,7.39,149,11.8,1,0,0,0,1
37,81,1.02,1,0,6.27,121,8.9,0,1,0,0,1
65,72,1.01,1,0,7.59,137,9.0,1,0,0,0,1
75,87,1.015,0,0,7.62,146,11.8,1,0,0,0,1
76,118,1.01,0,0,2.37,140,12.8,1,1,0,0,1
57,74,1.005,1,0,0.51,144,9.8,0,1,0,0,0
46,117,1.015,0,0,3.97,142,14.5,0,1,0,0,0
42,93,1.025,0,0,9.23,149,12.0,1,1,0,0,1
55,83,1.015,4,2,5.99,137,8.9,1,1,1,0,1
55,107,1.015,0,0,7.41,124,14.1,1,1,1,0,1
66,72,1.01,1,2,8.86,124,11.4,0,1,0,0,0
51,75,1.015,0,1,9.11,127,8.5,0,1,0,0,1
71,81,1.015,3,2,5.53,128,17.0,0,1,0,0,1
58,80,1.005,0,0,5.64,143,13.4,1,1,1,1,1
42,108,1.01,0,4,8.58,133,12.5,0,1,0,0,0
52,95,1.005,1,2,8.17,132,16.2,1,1,0,0,0
45,70,1.01,3,0,7.14,137,16.9,0,1,0,0,1
44,85,1.025,3,0,6.24,123,10.1,1,1,0,0,1
60,117,1.015,0,1,6.36,137,15.7,1,1,0,0,1
40,118,1.01,3,4,3.95,141,15.9,1,1,0,0,1
51,116,1.015,2,1,8.49,139,8.5,1,1,0,1,1
57,78,1.015,4,1,6.37,134,14.8,1,1,1,0,1
76,74,1.02,4,0,2.62,126,8.6,1,1,0,0,1
71,77,1.005,1,1,2.78,132,13.6,1,1,0,0,1
62,90,1.01,2,0,8.69,121,14.4,0,1,1,1,1
50,102,1.025,1,1,6.44,128,11.5,0,1,0,0,1
46,108,1.02,1,0,4.29,149,16.4,1,1,0,1,1
55,112,1.005,0,0,2.28,124,15.6,1,0,0,1,1
58,89,1.025,0,2,6.3,120,16.8,1,1,1,1,1
62,114,1.025,0,2,2.25,147,11.0,1,1,0,1,1
71,91,1.015,4,0,4.97,146,8.2,0,0,0,1,1
55,82,1.005,0,3,6.94,138,15.7,1,1,0,0,0
67,108,1.02,0,0,5.87,139,10.1,1,1,1,1,1
36,80,1.01,0,1,9.26,138,12.4,1,1,0,0,1
71,87,1.01,1,2,0.88,141,15.8,1,1,0,0,0
53,99,1.02,4,2,3.16,148,10.1,1,1,0,0,1
62,102,1.015,2,3,1.04,132,11.0,0,1,0,1,0
49,113,1.015,0,0,2.35,125,12.2,1,0,0,0,1
35,72,1.025,4,0,1.68,129,10.6,1,1,1,1,1
77,70,1.005,0,1,7.46,148,12.4,1,0,0,0,1
62,105,1.025,4,0,4.01,130,8.1,1,1,0,0,1
69,75,1.01,0,0,9.29,142,10.0,1,1,0,0,1
66,106,1.02,2,1,0.72,149,15.9,1,1,0,0,0
62,98,1.005,0,1,6.7,144,11.9,1,1,0,1,1
43,80,1.02,4,1,9.72,135,14.0,1,1,0,0,1
58,82,1.005,0,0,2.17,145,10.2,0,1,0,0,1
38,80,1.01,0,0,4.7,144,14.2,1,0,0,0,1
75,107,1.01,3,0,7.17,142,17.5,1,1,0,1,1
37,94,1.005,0,1,6.51,146,13.7,0,1,0,1,0
56,84,1.015,2,0,5.88,120,14.0,1,1,1,0,1
74,82,1.005,2,3,3.6,138,9.1,0,1,0,0,1
73,111,1.01,1,0,7.42,124,11.8,0,1,0,0,1
59,102,1.02,0,3,6.71,145,16.2,1,1,0,0,1
56,82,1.025,4,1,2.05,147,15.9,0,1,1,0,1
68,107,1.02,3,0,9.66,146,13.0,1,1,0,1,1
54,93,1.01,1,0,5.78,125,16.6,1,1,1,1,1
70,89,1.02,0,0,5.49,125,9.4,0,1,0,0,0
71,113,1.015,0,1,8.56,124,14.3,1,1,0,1,1
73,86,1.015,0,1,6.58,125,10.4,0,1,0,0,1
61,119,1.005,1,1,1.21,144,14.1,1,1,1,0,1
66,93,1.02,3,1,5.31,132,8.8,1,1,0,0,1
76,95,1.02,2,2,7.92,149,17.0,1,0,0,0,1
63,109,1.01,2,1,7.15,120,15.5,1,1,0,0,1
75,101,1.005,1,0,9.72,120,9.9,1,1,1,0,1
66,98,1.005,0,3,0.74,144,14.1,1,0,0,0,0
58,83,1.02,2,2,2.98,133,15.2,0,1,0,1,1
37,106,1.025,2,4,5.72,127,10.0,1,1,1,0,1
61,91,1.02,2,0,6.39,128,8.9,1,0,0,0,1
43,103,1.02,0,3,3.11,142,11.3,1,1,1,0,1
74,96,1.02,1,3,8.35,129,9.3,1,1,0,0,1
57,97,1.015,0,1,2.06,125,13.4,1,1,1,1,1
41,91,1.005,0,1,0.51,128,12.0,1,1,1,0,0
51,112,1.015,2,4,9.55,137,12.4,0,1,1,0,1
71,72,1.025,0,4,4.22,134,13.2,0,1,0,0,1
41,91,1.01,4,1,9.6,123,17.3,0,1,1,1,1
64,117,1.025,0,1,3.14,121,15.5,0,1,0,0,1
47,90,1.005,1,3,1.1,149,14.0,0,0,0,1,0
52,85,1.01,3,0,7.84,125,11.5,0,1,0,0,1
65,78,1.025,1,0,8.44,136,8.3,0,1,0,0,1
56,82,1.005,3,4,5.17,126,9.1,1,1,1,0,1
48,79,1.025,2,3,1.2,142,14.9,0,1,0,1,0
52,118,1.01,4,4,6.71,142,11.5,0,0,1,0,1
69,90,1.01,0,1,2.23,149,11.2,1,1,0,0,1
51,118,1.025,0,1,8.57,139,16.4,1,1,1,0,1
53,111,1.015,1,4,3.1,134,12.6,0,1,1,0,1
65,109,1.025,2,0,8.55,143,16.5,0,1,1,1,1
73,76,1.025,1,2,4.56,140,16.4,0,1,0,1,1
70,115,1.025,0,1,6.17,121,8.8,0,1,0,1,1
49,91,1.015,0,0,8.0,140,17.0,0,1,0,0,0
63,87,1.02,0,0,0.88,131,8.7,1,1,0,0,0
74,90,1.01,2,1,8.3,129,17.2,1,1,0,1,1
50,119,1.005,0,1,1.82,144,12.3,1,1,0,1,1
67,83,1.01,0,0,3.9,145,15.2,1,1,0,0,1
59,79,1.01,0,1,4.99,136,14.7,0,1,0,0,0
50,102,1.02,2,1,9.01,146,12.9,1,1,0,0,1
64,78,1.01,3,2,0.71,137,13.9,1,0,0,0,1
68,87,1.01,1,0,5.81,135,17.0,1,1,0,0,0
36,82,1.015,0,2,6.6,129,16.8,1,1,0,0,1
74,86,1.015,0,0,3.51,127,14.2,0,1,1,1,1
77,92,1.015,1,0,3.26,148,14.2,1,1,0,0,1
72,94,1.015,1,0,5.16,140,10.3,1,1,0,0,1
52,85,1.015,1,2,2.28,147,15.9,0,1,0,1,0
39,93,1.005,4,0,4.95,144,14.0,0,1,1,0,1
74,100,1.02,4,0,7.77,141,15.8,0,1,0,1,1
40,80,1.025,0,0,8.53,132,14.2,1,1,0,0,1
46,92,1.015,0,4,4.16,135,10.8,0,1,0,0,1
46,110,1.02,0,3,6.36,127,9.8,0,1,0,0,1
46,108,1.025,1,0,0.5,131,8.7,1,1,0,0,0
43,91,1.01,1,0,5.73,136,13.6,0,1,1,0,1
76,102,1.01,2,4,9.76,135,10.7,0,1,0,0,1
56,110,1.02,0,0,3.47,128,14.0,1,1,0,0,1
50,111,1.005,3,0,6.15,144,8.6,1,1,0,0,1
38,117,1.005,1,0,7.74,138,11.6,0,1,0,0,0
37,87,1.02,4,4,6.28,136,10.5,0,1,1,0,1
50,83,1.005,2,2,4.48,143,11.5,1,1,1,0,1
48,97,1.005,2,0,1.95,127,8.5,1,1,1,0,1
75,80,1.01,0,0,4.91,131,14.9,1,0,0,0,0
72,93,1.005,2,4,3.3,128,9.1,0,1,0,0,1
38,105,1.005,0,1,7.11,149,8.1,1,1,1,0,1
36,88,1.02,2,1,4.7,125,17.0,1,1,0,0,1
44,82,1.005,0,0,8.57,144,9.8,1,1,0,0,1
45,102,1.015,0,2,2.34,147,15.9,1,1,0,1,1
73,88,1.015,0,0,4.47,129,17.2,1,1,0,0,0
60,116,1.02,0,2,5.8,128,13.1,0,1,0,0,0
71,101,1.015,0,0,1.7,147,13.0,0,1,0,0,0
60,84,1.01,4,0,6.09,148,11.5,1,1,0,0,1
38,80,1.02,0,1,3.26,123,12.0,0,1,1,0,1
60,92,1.005,2,3,2.68,130,12.6,1,1,1,1,1
72,74,1.015,0,1,1.85,140,9.4,0,1,0,1,1
62,91,1.01,1,0,3.82,141,11.5,1,1,1,1,1
36,111,1.02,0,1,9.33,125,15.8,0,1,0,0,0
36,87,1.02,0,2,0.79,145,9.7,1,1,1,0,1
50,76,1.005,0,2,8.6,137,14.9,1,1,0,0,1
57,102,1.025,1,1,4.27,123,14.2,0,1,0,1,1
57,72,1.015,0,0,5.84,131,8.5,0,0,0,0,1
47,97,1.01,4,1,5.37,128,8.2,1,1,0,0,1
55,70,1.02,1,0,9.29,134,11.3,0,1,0,0,0
73,118,1.015,3,4,7.82,142,14.6,0,1,1,0,1
59,116,1.01,4,1,9.86,128,11.1,0,1,0,0,1
71,106,1.01,2,1,8.05,125,14.3,1,1,0,0,1
47,91,1.02,4,0,3.31,130,14.3,0,1,0,0,1
49,117,1.015,0,0,9.65,126,15.7,1,1,0,0,1
62,113,1.01,3,1,9.84,144,8.9,1,1,0,0,1
37,88,1.02,0,0,1.67,133,13.5,1,1,0,0,0
57,83,1.015,1,3,9.06,147,8.6,0,1,0,0,1
38,72,1.015,1,1,6.81,135,9.7,1,1,0,0,1
37,88,1.02,4,0,9.26,134,11.1,1,1,0,1,1
73,102,1.015,4,0,9.2,139,14.7,1,1,0,0,1
42,90,1.025,0,2,8.97,128,17.3,1,1,0,0,1
77,70,1.01,0,0,8.91,138,11.3,0,1,1,0,1
59,95,1.01,2,1,1.62,149,13.0,1,1,0,0,1
75,79,1.015,2,1,1.86,131,10.5,1,1,1,1,1
46,104,1.02,0,0,1.62,149,14.4,1,1,1,0,1
39,82,1.005,1,2,1.36,130,11.5,0,1,0,0,0
67,75,1.015,3,2,3.86,147,12.6,1,1,0,0,1
59,112,1.005,2,4,7.0,149,13.4,0,1,0,0,1
59,75,1.015,1,1,3.87,127,14.5,0,1,0,1,0
69,104,1.005,2,1,7.34,122,8.6,1,1,1,0,1
49,85,1.015,1,0,8.29,138,13.3,1,1,1,0,1
76,110,1.02,4,1,6.83,122,12.1,1,1,1,1,1
60,77,1.005,1,0,4.92,144,9.3,1,1,0,0,1
44,72,1.025,1,2,3.31,145,10.0,0,1,0,0,1
58,74,1.02,3,0,1.68,149,16.4,1,0,1,0,1
69,90,1.015,0,1,5.19,122,16.3,0,1,0,1,1
63,100,1.005,4,0,7.34,125,8.3,1,1,0,1,1
72,83,1.01,2,1,5.71,130,14.5,0,1,1,0,1
39,106,1.02,4,1,7.35,149,13.3,0,1,1,1,1
58,88,1.005,0,1,3.68,139,16.9,1,1,0,0,1
53,106,1.02,2,4,1.13,133,16.6,0,1,0,0,0
43,89,1.005,3,2,7.83,121,13.5,1,1,0,0,1
60,71,1.01,2,0,2.59,131,9.3,0,1,0,0,1
59,76,1.025,0,1,6.35,135,12.4,0,1,0,0,0
69,102,1.01,0,1,8.14,147,14.9,1,1,0,0,1
70,119,1.015,1,2,1.82,122,17.0,1,1,0,0,1
48,111,1.02,1,3,6.19,140,11.5,1,1,0,1,1
40,75,1.025,2,0,7.05,135,15.5,1,1,0,1,1
66,76,1.02,0,3,7.59,129,14.5,1,1,0,0,1
60,113,1.005,3,0,1.9,139,8.7,1,1,0,0,1
49,87,1.015,1,2,8.34,124,13.3,1,1,1,1,1
65,112,1.015,0,0,1.39,132,9.7,1,0,0,0,0
71,98,1.02,0,0,5.44,131,14.5,1,1,0,1,1
72,88,1.015,1,3,4.71,146,13.8,1,1,0,0,1
71,94,1.02,1,1,2.61,120,17.2,1,1,0,0,1
53,73,1.005,1,4,3.37,139,16.9,0,0,0,1,0
48,82,1.005,2,0,2.06,130,8.1,0,1,0,0,1
70,101,1.02,0,1,4.54,145,8.8,0,1,0,0,1
71,96,1.01,4,2,0.84,138,15.3,0,1,0,1,0
45,103,1.01,4,0,8.94,148,14.5,0,1,1,0,1
61,97,1.005,0,0,2.05,134,15.6,1,1,1,0,1
36,78,1.025,3,0,8.92,137,10.5,0,1,0,0,1
56,77,1.01,2,4,8.7,135,16.1,1,1,1,0,1
36,90,1.02,1,2,4.79,126,12.2,1,1,0,0,1
54,115,1.005,1,1,5.23,129,10.5,0,1,0,0,1
51,99,1.015,3,0,3.37,144,8.1,0,1,0,0,1
38,98,1.015,4,0,9.97,135,16.3,0,1,0,0,1
48,78,1.01,1,1,6.87,136,13.1,1,0,0,1,1
41,82,1.025,0,4,9.54,147,17.3,1,1,0,0,1
49,87,1.01,1,2,4.44,126,14.8,1,1,1,0,1
64,107,1.025,0,1,8.89,130,8.8,0,1,0,0,1
50,91,1.01,1,1,4.76,147,13.6,1,1,1,0,1
74,100,1.015,3,4,8.73,136,8.2,1,1,1,0,1
36,104,1.025,0,1,1.74,124,13.3,0,1,0,0,0
53,111,1.015,0,4,6.55,120,11.3,1,1,0,1,1
35,111,1.02,2,0,6.95,122,14.1,1,1,0,1,1
65,79,1.02,0,2,6.73,135,13.1,0,1,0,1,0
38,78,1.005,0,1,4.75,143,10.5,1,1,0,0,1
61,100,1.015,2,2,7.0,148,9.5,0,1,0,0,1
59,113,1.015,4,1,2.77,134,11.8,0,1,0,0,1
56,109,1.005,2,0,6.16,123,17.4,0,1,0,0,1
77,93,1.02,1,0,5.77,131,12.1,0,1,0,0,0
44,110,1.02,1,4,3.52,120,15.1,0,1,0,0,0
67,118,1.025,0,0,7.9,136,8.5,1,1,1,0,1
64,77,1.025,3,4,1.27,143,11.6,1,1,0,0,0
64,119,1.02,1,2,2.13,134,13.5,1,1,0,0,1
50,89,1.01,4,1,4.98,149,15.1,1,1,1,0,1
43,86,1.015,4,4,8.97,143,13.0,1,1,0,0,1
51,97,1.025,0,2,5.96,139,12.9,0,1,0,0,1
69,75,1.01,4,1,8.5,139,15.3,0,1,0,0,1
49,111,1.025,4,0,5.42,129,11.0,1,1,1,0,1
62,102,1.005,1,3,7.96,130,8.9,1,0,0,0,1
54,97,1.015,0,2,3.6,137,11.3,0,1,0,0,1
67,70,1.025,2,2,8.24,121,9.5,1,1,1,1,1
67,110,1.02,0,2,4.32,147,17.2,0,1,0,0,0
70,104,1.005,1,0,5.81,125,13.5,1,1,0,1,1
47,93,1.005,0,3,2.17,135,12.2,1,1,1,0,1
38,75,1.02,1,0,9.24,143,16.7,1,1,0,0,0
57,76,1.005,4,0,7.16,126,16.6,1,1,0,0,1
42,78,1.015,0,0,8.66,142,11.9,1,1,1,0,1
47,106,1.025,2,0,2.47,138,16.3,0,1,0,0,1
58,85,1.005,0,1,1.14,131,8.6,1,0,0,0,0
74,103,1.015,2,0,3.7,137,16.4,0,0,0,0,1
64,104,1.02,2,0,5.41,129,11.0,1,1,1,0,1
64,104,1.025,0,0,8.12,126,13.4,1,1,0,0,0
59,89,1.02,1,2,4.28,123,10.6,1,1,0,0,1
67,92,1.025,3,1,3.06,136,17.4,1,1,1,0,1
43,111,1.005,0,1,4.04,136,8.7,1,1,0,1,1
60,104,1.005,2,2,7.18,123,12.2,0,1,0,1,1
58,116,1.025,2,1,3.69,140,13.9,1,1,0,1,1
67,115,1.015,0,0,9.8,124,13.8,1,1,0,0,1
73,92,1.015,4,4,2.16,120,15.0,1,1,0,0,1
59,73,1.015,1,0,7.65,138,14.9,0,1,0,1,1
49,79,1.01,0,0,6.1,141,15.5,1,1,0,0,1
75,112,1.015,0,1,2.71,145,10.2,1,1,0,0,1
75,80,1.005,1,2,7.66,142,11.5,1,1,1,0,1
40,109,1.01,2,3,4.75,130,11.6,0,1,0,0,1
54,78,1.015,1,0,6.98,120,17.1,1,1,1,0,1
50,109,1.005,2,2,6.79,127,11.9,1,1,1,1,1
55,81,1.01,2,2,1.55,123,10.1,1,1,0,1,1
49,86,1.005,1,0,8.48,148,14.0,0,1,0,0,0
73,101,1.025,1,0,6.97,144,12.1,1,1,0,0,1
76,92,1.005,4,2,7.92,146,10.4,1,1,1,0,1
38,84,1.01,4,0,4.75,146,14.8,1,1,1,0,1
58,97,1.015,1,0,2.35,141,9.8,1,1,0,0,1
37,107,1.01,2,0,3.6,134,14.0,1,1,1,0,1
35,74,1.015,0,0,9.06,136,12.1,1,1,0,0,1
64,109,1.015,0,0,9.41,137,11.0,1,1,1,0,1
47,87,1.02,2,0,5.08,122,17.0,1,1,0,1,1
52,90,1.025,1,0,3.34,137,11.1,0,1,1,1,0
74,84,1.02,0,3,7.44,145,11.3,0,1,0,0,0
45,72,1.01,2,0,7.78,126,16.3,0,1,0,0,1
76,115,1.02,4,1,8.25,147,9.2,1,1,1,1,1
63,95,1.015,4,4,0.8,136,9.0,1,1,0,1,1
38,84,1.01,1,3,0.59,144,10.7,1,0,0,1,0
59,114,1.02,1,0,3.89,137,13.6,1,1,0,0,1
70,89,1.005,0,0,1.95,139,11.7,0,1,1,0,1
70,90,1.025,2,1,8.15,127,13.8,1,1,0,0,1
74,95,1.005,4,3,5.56,130,9.5,1,1,1,0,1
62,110,1.01,3,0,8.34,122,10.5,0,0,0,0,1
42,92,1.02,2,1,2.18,144,13.4,1,1,0,1,1
55,118,1.015,0,3,6.46,126,10.1,0,1,0,0,1
69,94,1.02,1,1,6.01,134,12.0,0,1,1,1,1
52,73,1.01,1,2,3.73,129,13.4,0,1,0,0,0
59,79,1.01,3,2,5.41,131,17.2,1,1,0,0,1
75,91,1.01,0,0,6.1,131,8.8,1,0,0,0,1
39,72,1.01,1,1,8.95,138,12.4,1,0,0,0,1
42,88,1.02,0,1,1.03,138,11.8,1,1,1,1,0
57,100,1.005,2,2,8.32,134,15.8,0,1,0,0,1
37,78,1.015,2,3,9.81,140,16.6,0,1,1,1,1
71,98,1.015,1,2,7.45,140,16.6,0,1,0,1,1
65,106,1.025,2,0,7.5,145,11.6,0,1,0,1,1
63,115,1.01,1,2,2.57,124,10.9,1,1,0,0,1
75,76,1.01,0,1,5.47,147,12.3,1,1,1,0,1
54,107,1.01,0,1,7.21,132,11.3,0,1,0,0,0
37,93,1.005,4,1,6.22,144,14.8,0,1,0,0,1
57,77,1.01,0,2,4.16,128,10.0,1,1,1,1,1
74,103,1.025,0,2,9.43,141,14.3,1,1,0,0,1
55,95,1.025,0,1,5.38,146,16.8,1,1,1,1,1
47,97,1.005,0,3,9.71,146,10.7,0,0,1,1,1
42,97,1.01,1,0,5.86,142,14.4,1,1,0,1,1
39,115,1.02,1,0,8.04,129,9.4,0,1,0,0,1
59,76,1.02,4,1,7.55,127,9.2,1,1,0,0,1
73,72,1.015,2,4,6.78,128,9.1,0,1,0,0,1
71,91,1.005,0,0,0.64,125,9.3,0,1,0,1,0
75,107,1.02,2,0,1.24,143,10.1,1,1,1,0,1
39,115,1.015,3,4,6.02,137,13.3,0,1,0,0,1
42,113,1.025,3,3,9.16,129,15.3,1,1,0,0,1
38,87,1.015,1,3,6.21,143,9.2,0,1,0,0,1
75,81,1.01,0,0,2.74,134,16.3,0,1,0,0,1
56,100,1.01,3,3,3.54,132,16.0,1,1,1,0,1
48,108,1.025,2,1,6.42,130,14.9,0,1,0,1,1
53,74,1.005,1,1,6.17,121,12.0,0,1,0,0,1
47,113,1.01,0,0,9.58,127,8.0,0,1,0,1,1
69,110,1.01,2,2,5.53,137,15.0,1,1,0,0,1
38,98,1.015,0,0,3.87,122,16.4,1,1,0,0,1
67,112,1.015,0,0,5.49,142,11.2,1,1,1,1,1
56,105,1.015,0,1,7.97,146,14.8,1,1,0,0,1
35,83,1.02,0,0,5.63,144,8.6,1,1,0,0,1
45,113,1.025,1,0,3.6,122,14.7,1,1,0,0,0
50,87,1.005,0,1,3.72,140,8.6,1,1,1,0,1
38,76,1.015,0,2,7.69,144,13.6,1,0,0,0,1
63,92,1.005,0,0,1.13,126,13.7,1,1,0,0,0
73,102,1.015,0,2,3.11,149,10.9,1,1,0,1,1
72,114,1.01,1,2,1.95,137,8.8,1,1,0,0,1
58,85,1.005,0,2,9.47,140,17.0,0,0,0,1,1
43,106,1.02,0,1,1.36,140,13.1,1,1,1,0,0
42,94,1.015,1,2,7.7,128,13.5,1,1,0,0,1
48,78,1.025,0,0,6.49,137,13.8,1,1,0,0,0
49,97,1.01,0,0,6.51,120,16.5,1,1,0,0,1
56,78,1.015,3,2,7.75,123,8.6,1,1,1,1,1
71,81,1.005,1,4,4.3,123,16.5,0,1,0,0,0
49,87,1.015,3,0,4.31,136,10.3,1,0,0,0,1
40,96,1.01,1,1,3.24,145,8.7,1,1,0,0,1
35,95,1.025,4,4,6.18,142,14.2,1,1,1,0,1
54,95,1.025,0,3,9.33,121,17.3,1,1,0,0,1
75,79,1.025,1,0,9.28,146,8.5,0,1,0,0,1
70,86,1.01,1,1,7.18,134,12.0,0,1,0,0,0
36,101,1.015,4,0,9.11,132,13.0,0,1,0,0,1
40,93,1.01,1,2,9.65,128,10.4,0,1,1,1,1
36,112,1.01,3,0,8.05,126,17.3,1,1,1,0,1
37,117,1.015,1,2,4.37,148,14.1,0,1,0,0,1
41,77,1.02,2,4,5.09,148,16.0,0,1,0,0,1
54,99,1.025,3,4,9.35,131,11.9,1,1,0,1,1
75,95,1.005,4,3,6.87,131,11.4,1,1,0,0,1
75,93,1.005,2,0,8.3,133,13.3,0,1,1,1,1
39,96,1.015,0,0,1.6,142,12.1,1,1,0,0,0
59,84,1.005,0,1,2.34,134,14.8,0,1,0,0,0
72,97,1.02,0,1,3.77,120,10.5,1,1,0,0,1
52,80,1.01,0,0,2.29,149,12.3,1,1,1,0,1
35,108,1.025,0,1,9.11,128,16.5,1,1,1,0,1
59,71,1.005,1,3,2.56,145,15.2,0,1,0,0,0
51,78,1.005,3,3,5.79,135,9.6,0,1,0,0,1
49,119,1.015,0,0,1.31,128,16.4,1,1,1,0,0
39,114,1.015,1,1,1.97,135,13.6,0,1,0,0,0
51,92,1.01,0,1,2.85,121,14.5,1,1,0,0,1
55,102,1.025,3,3,9.84,129,10.8,0,1,1,0,1
57,88,1.005,0,1,8.07,144,12.2,1,1,0,1,1
77,82,1.01,1,4,6.9,137,15.7,1,1,0,0,1
44,83,1.025,4,2,9.2,132,11.1,1,1,1,0,1
51,101,1.01,0,4,9.58,121,9.6,1,1,0,0,1
35,118,1.005,2,2,4.81,148,11.6,0,1,0,1,1
71,91,1.015,3,3,3.61,148,8.7,1,1,0,1,1
41,89,1.015,0,3,3.5,132,14.8,1,1,1,1,1
46,102,1.015,4,0,0.84,143,9.4,1,1,0,0,1
74,74,1.02,3,0,3.16,122,10.7,1,0,1,0,1
35,89,1.01,0,3,3.87,149,16.4,1,0,0,0,1
54,83,1.005,0,0,0.85,134,13.1,1,1,0,1,0
65,96,1.01,1,1,8.88,122,11.1,1,0,0,0,1
38,95,1.015,3,3,8.55,142,13.2,1,1,1,0,1
60,101,1.01,0,3,2.89,129,10.1,1,0,0,0,1
46,99,1.025,2,0,8.12,125,8.2,1,0,1,0,1
56,96,1.01,0,1,8.06,142,13.7,1,1,0,1,1
35,95,1.02,3,1,3.68,141,14.8,1,1,1,1,1
35,87,1.02,2,0,7.12,133,16.4,1,1,0,0,1
37,114,1.015,1,3,3.25,128,15.3,0,1,0,0,0
46,92,1.005,1,2,1.17,137,16.8,0,1,0,0,0
55,113,1.025,3,4,5.3,127,17.4,0,1,0,0,1
47,116,1.005,0,0,4.66,146,15.1,1,0,0,0,1
47,93,1.005,2,1,1.81,125,16.2,1,1,0,1,1
75,73,1.025,0,3,5.16,134,14.4,1,1,0,0,1
52,110,1.02,2,1,9.52,133,9.6,1,0,0,1,1
67,72,1.015,2,0,7.45,134,9.7,1,1,0,1,1
40,112,1.01,1,4,7.52,139,9.0,0,1,0,1,1
59,99,1.02,2,3,7.7,125,17.0,1,1,1,0,1
57,116,1.015,1,1,7.57,141,14.4,0,1,0,0,0
58,85,1.02,4,1,0.69,131,15.5,1,1,1,1,1
71,76,1.025,0,0,9.28,129,11.1,1,0,0,1,1
60,108,1.005,0,4,8.39,138,12.4,1,1,0,1,1
38,91,1.025,3,3,3.11,127,8.4,1,1,0,1,1
72,110,1.01,3,0,5.75,124,16.4,0,0,0,0,1
69,100,1.025,1,0,6.34,146,16.1,0,1,0,0,0
45,118,1.005,4,3,1.75,129,15.5,0,1,0,0,1
70,82,1.02,2,0,2.91,130,8.6,1,1,0,0,1
59,110,1.015,4,4,0.72,139,9.7,1,1,0,0,1
54,110,1.01,1,4,8.71,133,11.2,1,0,1,0,1
35,98,1.02,0,3,0.74,133,10.5,1,0,0,0,0
64,97,1.015,1,2,3.53,148,16.0,1,1,0,0,1
38,113,1.005,4,1,1.24,121,9.9,1,1,0,0,1
57,88,1.025,0,0,7.92,149,13.1,0,1,1,0,1
