age,diabetes_duration_years,hba1c,fasting_glucose,systolic_bp,bmi,tingling_feet,burning_pain,vibration_loss,ankle_reflex,neuropathy_risk
70,16,11.8,207,123,34.5,0,1,0,1,0
31,29,13.0,208,163,27.7,1,0,0,0,1
77,26,7.3,225,127,24.4,0,0,1,2,1
63,22,6.9,96,148,23.7,0,0,0,0,0
64,24,12.9,221,156,33.5,0,1,1,0,1
75,13,8.6,99,136,21.7,1,1,0,0,2
42,21,9.2,149,143,40.4,0,0,1,0,2
46,1,7.4,114,128,24.9,0,1,1,0,0
39,4,9.1,131,115,33.3,0,0,0,1,0
32,3,7.5,136,139,22.3,1,0,0,0,0
33,23,11.2,185,121,41.4,1,0,0,1,1
54,16,9.7,203,124,37.0,1,1,0,0,1
66,13,12.2,121,148,24.4,1,0,1,1,2
72,31,8.2,163,173,37.6,1,1,0,1,1
67,24,9.8,290,173,21.2,1,0,0,0,1
58,15,7.7,242,124,39.1,1,1,0,0,1
30,5,13.4,105,167,31.7,1,0,0,0,0
59,22,9.9,266,176,22.1,0,1,0,1,1
68,22,7.0,233,110,33.3,1,0,0,0,1
39,11,7.8,183,116,24.2,0,0,0,1,0
58,24,6.2,255,118,36.5,1,1,0,0,1
73,10,5.7,94,110,37.4,1,0,0,2,2
61,34,10.0,96,114,38.8,1,1,1,0,2
73,11,8.4,294,156,42.3,1,0,1,0,2
30,29,13.7,97,119,36.0,0,0,1,0,2
70,22,7.0,122,111,31.8,1,0,1,0,1
46,33,12.2,151,132,41.2,1,0,1,2,2
41,8,8.2,291,165,42.4,1,0,0,1,1
31,32,7.4,205,128,39.3,1,0,0,0,1
38,23,13.7,249,147,43.5,1,0,0,1,1
41,5,12.3,218,156,44.5,0,0,0,1,0
54,31,10.9,180,161,25.5,0,0,1,0,1
65,29,11.4,237,158,23.8,0,1,0,1,1
73,6,13.9,144,132,30.7,0,1,1,0,1
79,25,10.5,280,159,44.9,1,0,0,1,1
64,25,6.4,167,126,21.3,1,0,1,0,1
51,31,6.1,296,157,37.5,1,0,1,1,2
62,14,11.2,95,111,41.1,0,0,0,1,0
79,17,11.1,141,178,44.9,0,0,0,1,1
50,16,11.9,91,171,35.1,0,0,1,2,2
69,28,6.4,128,122,28.9,0,0,1,2,2
51,9,13.5,210,170,23.3,1,0,1,0,2
57,2,10.2,121,120,44.5,1,0,1,0,1
33,4,11.0,205,136,43.0,0,1,0,0,0
55,20,5.8,268,144,39.9,1,0,0,0,0
52,6,13.7,286,127,43.5,1,0,1,1,2
77,1,10.3,181,177,20.6,0,0,0,0,0
78,3,10.3,121,170,35.4,1,0,0,1,1
52,3,13.5,182,150,26.1,1,1,0,0,0
70,33,13.4,220,152,38.9,1,1,0,0,1
37,15,7.4,151,158,21.5,0,1,0,1,0
61,4,13.4,102,120,25.7,0,0,0,0,0
68,15,11.8,159,176,41.1,1,1,0,0,1
73,7,5.7,110,160,38.5,0,0,0,0,0
30,4,7.5,278,161,44.8,1,1,1,0,1
59,3,9.0,103,152,35.7,1,0,1,1,2
57,23,10.5,178,167,26.9,0,0,0,0,1
46,14,11.5,160,179,33.2,0,0,0,1,1
52,6,7.3,196,138,43.5,1,0,1,1,0
67,33,12.6,239,140,35.9,1,0,0,1,1
53,9,12.7,217,137,41.9,1,0,0,0,1
51,12,10.9,121,159,19.6,0,0,0,0,0
34,31,13.3,258,145,28.6,1,1,0,0,1
54,3,12.4,121,128,43.3,0,0,0,0,0
36,13,7.4,259,176,20.0,0,1,1,1,1
51,13,12.3,269,121,32.5,0,1,0,0,0
73,34,13.6,170,133,28.0,1,0,0,0,2
66,21,6.7,271,174,35.8,1,0,0,1,1
63,34,13.8,191,130,23.2,0,0,1,1,2
65,28,5.7,279,135,36.0,1,0,1,1,1
78,14,9.9,174,144,44.8,1,1,0,0,2
69,18,12.1,132,167,26.1,1,0,0,1,2
49,19,12.2,220,151,31.0,1,1,0,0,1
66,19,11.7,255,138,19.8,1,0,0,2,2
46,33,10.0,298,138,30.3,0,1,0,0,1
33,20,11.0,256,118,29.6,1,0,1,0,2
79,29,11.4,287,111,33.7,0,1,0,2,2
47,8,9.7,134,111,25.7,1,1,1,0,1
57,25,10.6,135,127,27.5,0,0,1,1,2
79,17,12.7,204,178,34.9,1,0,0,0,1
45,1,8.2,193,166,42.6,1,0,0,0,1
72,30,9.9,102,132,25.1,0,1,0,0,0
37,28,5.6,141,128,36.6,0,0,0,2,0
73,33,11.3,98,128,32.6,1,0,0,0,1
47,13,7.2,274,167,21.7,0,0,0,0,0
79,24,9.6,158,158,33.7,0,0,0,2,2
58,22,7.3,132,154,37.4,1,0,0,1,1
69,13,5.7,96,137,34.6,0,0,1,0,0
45,12,9.6,133,159,21.7,0,0,1,0,1
59,7,9.1,261,120,41.2,1,0,1,0,1
78,29,9.1,191,164,20.1,1,0,1,1,2
63,29,7.3,157,118,25.1,1,0,0,1,1
59,26,13.6,211,123,35.0,1,0,0,0,1
50,27,5.5,166,130,24.7,0,0,1,0,1
51,24,13.1,133,157,21.6,1,1,1,2,2
76,31,11.8,296,167,32.3,1,0,0,0,1
54,7,7.0,129,178,37.8,0,0,0,1,0
51,17,9.5,294,118,29.7,1,0,0,0,2
57,33,13.9,260,176,37.2,0,0,1,1,1
68,34,11.0,151,127,41.4,1,0,1,0,2
62,18,6.6,260,121,43.9,1,1,1,1,1
31,5,9.4,236,125,25.1,0,0,0,0,0
33,1,9.5,138,146,34.7,0,0,0,0,0
45,7,12.3,282,129,25.9,0,1,0,1,0
41,34,13.3,166,129,41.6,0,0,0,0,1
46,3,6.2,242,124,42.1,0,0,1,1,1
65,12,8.2,130,134,27.4,1,0,0,0,1
45,15,8.0,112,126,35.8,1,0,0,1,1
68,4,14.0,275,121,42.1,1,1,1,1,1
52,33,10.3,132,151,32.2,0,0,0,2,2
37,16,13.0,194,148,37.7,0,0,1,1,2
38,29,9.1,202,165,39.8,0,0,0,0,1
43,6,11.6,257,162,41.7,0,0,1,0,1
38,23,7.9,247,156,32.4,0,1,1,1,0
76,13,13.3,251,134,43.5,1,0,0,1,1
55,1,9.4,199,159,35.4,1,1,0,0,0
65,12,12.3,227,142,22.9,1,0,0,0,1
32,27,7.7,194,138,34.9,0,1,0,0,0
39,25,11.4,149,112,26.8,1,0,0,0,1
54,22,8.9,218,148,28.7,0,0,1,0,1
33,34,5.8,229,113,40.0,0,1,0,1,0
59,18,9.0,263,146,44.3,1,0,0,0,2
79,16,10.2,182,115,41.6,0,1,0,0,1
40,29,6.8,164,119,27.5,0,0,1,1,1
48,30,7.1,234,121,30.8,0,0,1,0,1
79,30,9.5,147,175,44.6,0,1,0,0,1
42,20,8.4,127,112,43.0,0,1,0,0,1
65,22,9.2,95,174,44.4,1,1,0,1,1
32,34,9.4,279,173,30.3,1,1,0,0,1
77,4,6.7,291,144,39.8,1,0,0,0,0
43,31,7.0,227,133,41.7,0,0,0,1,0
39,14,12.7,115,156,20.2,1,1,1,1,2
67,8,6.9,147,161,25.9,1,0,0,0,0
69,5,11.2,106,143,42.0,0,1,1,0,1
56,8,9.1,142,134,29.1,1,0,0,0,1
53,11,13.7,295,178,26.2,0,0,1,0,2
45,29,6.1,94,138,26.1,1,0,1,1,1
39,21,12.6,156,173,28.8,1,0,1,0,2
56,13,9.7,196,162,25.3,1,0,1,1,2
36,19,5.5,237,167,19.1,0,0,0,0,0
57,3,7.7,268,150,23.5,0,1,0,0,0
55,34,9.0,263,160,41.9,0,0,1,2,2
47,19,8.2,296,127,21.0,0,0,1,1,2
42,32,8.6,156,150,29.7,0,1,0,1,1
37,14,13.3,220,170,30.9,1,1,1,0,2
56,7,8.6,240,133,39.2,0,0,0,1,0
43,20,9.1,226,156,25.6,0,1,0,0,1
70,32,12.0,228,137,27.1,0,0,0,2,2
73,31,12.2,264,145,19.4,1,1,0,0,1
35,22,6.2,266,130,42.5,1,1,0,2,2
49,5,11.5,261,165,36.8,1,0,1,1,1
57,31,9.6,202,178,25.8,0,1,0,0,0
52,15,6.6,230,135,42.1,0,1,0,0,0
41,17,7.8,225,163,21.3,0,0,1,1,1
53,19,5.9,280,153,28.6,1,0,1,1,1
73,10,8.6,111,142,33.7,0,0,0,0,1
51,34,7.7,127,135,32.1,1,1,0,0,1
55,25,8.7,116,131,36.0,1,1,1,0,2
51,28,10.4,115,129,26.7,0,0,0,0,1
36,15,11.7,112,111,38.7,0,0,0,1,1
44,20,10.6,209,150,29.5,1,1,1,2,2
77,13,11.3,192,163,22.3,0,1,0,1,0
59,20,12.9,154,166,38.3,0,1,0,1,0
33,31,12.9,163,127,42.7,1,1,0,0,1
35,18,12.8,136,114,28.5,1,0,0,1,2
77,28,6.8,150,155,34.3,1,0,1,0,1
76,4,7.6,263,130,36.9,0,0,0,1,0
31,24,9.8,221,131,40.6,1,0,0,0,2
60,9,8.5,248,112,24.1,1,1,1,0,2
53,32,6.6,93,118,33.8,0,0,0,2,1
64,32,7.9,118,111,38.2,1,0,0,2,1
76,21,13.8,162,137,24.2,1,0,0,0,1
60,27,8.4,168,143,31.3,0,1,0,0,0
54,8,9.1,133,162,31.1,0,0,0,2,1
37,19,5.6,92,168,40.8,1,0,0,1,0
41,29,11.6,276,119,39.2,0,0,0,2,1
31,19,9.0,168,111,25.0,1,0,0,1,1
44,5,6.4,210,157,25.1,1,1,1,0,1
69,22,13.7,270,115,37.8,1,0,0,0,2
61,10,12.1,228,153,38.2,0,0,0,1,1
40,15,11.7,223,163,23.7,1,1,0,2,2
46,2,13.6,136,145,29.7,0,1,0,1,0
50,22,9.0,96,117,40.5,0,0,0,0,1
51,19,11.6,204,119,21.1,1,0,0,1,2
62,12,7.3,199,142,28.7,1,0,1,1,2
58,34,11.4,157,128,35.8,0,1,0,1,0
44,20,5.6,90,127,39.0,0,0,0,1,0
50,7,6.6,273,160,36.0,0,0,1,0,0
31,24,9.1,166,132,29.3,1,0,0,0,1
71,3,5.6,132,110,44.8,1,1,1,1,1
67,6,9.4,245,168,20.1,0,1,0,0,0
32,33,9.9,246,112,31.9,0,1,0,0,1
54,34,10.8,107,119,32.3,0,0,0,0,0
42,33,6.4,176,158,25.2,1,1,0,1,0
53,29,7.0,162,165,33.5,0,0,0,0,0
60,23,10.7,279,125,24.7,0,0,0,0,0
44,4,11.1,196,148,30.5,1,1,0,0,0
35,5,5.7,95,153,30.2,1,1,0,0,0
70,34,10.1,233,117,39.1,1,1,0,1,2
39,16,12.2,218,117,43.5,1,1,0,1,1
38,3,6.1,111,154,24.3,1,1,0,1,0
79,14,9.0,135,120,44.8,1,0,0,0,1
70,33,8.3,279,134,43.4,0,0,0,1,0
79,28,13.3,240,126,21.9,1,0,0,1,1
70,15,7.1,238,164,42.7,0,0,0,0,0
34,4,8.2,140,165,33.7,0,1,0,0,0
74,20,13.1,217,153,41.9,1,1,0,1,2
73,25,8.3,184,162,43.6,1,1,1,1,2
70,22,10.0,127,144,41.3,0,1,0,0,1
48,28,5.8,245,148,29.5,0,0,1,0,1
49,10,13.9,133,111,35.6,0,1,0,0,0
62,16,12.5,180,134,31.1,0,1,0,1,1
72,23,10.9,256,147,28.5,0,0,0,1,0
66,19,6.0,259,177,25.5,1,0,0,0,0
60,1,6.1,131,141,30.5,1,0,0,1,0
68,1,10.1,149,150,40.0,1,1,1,1,1
42,26,7.9,215,116,40.9,0,0,0,0,0
67,34,10.8,146,127,43.9,0,0,0,0,0
74,2,10.6,166,126,26.6,1,0,0,0,0
35,28,12.6,185,168,35.9,0,0,0,1,1
76,20,7.9,96,120,37.0,1,1,1,0,1
37,27,10.4,140,160,24.0,0,1,0,1,1
72,28,12.1,200,116,28.5,1,0,0,0,1
39,31,9.7,294,136,27.9,0,0,0,1,1
70,7,12.6,121,168,44.6,0,0,0,0,0
33,8,6.6,96,146,43.9,1,0,0,2,0
43,32,11.7,165,114,40.4,1,0,0,0,2
33,11,13.5,257,171,31.3,1,0,1,0,2
53,26,8.3,232,164,25.9,0,0,0,0,0
76,25,8.6,148,125,42.8,0,0,0,2,2
50,7,6.2,202,165,26.0,0,0,0,2,0
39,20,11.0,174,160,32.6,0,0,0,0,1
75,30,10.2,229,177,25.4,1,1,0,1,1
54,1,5.8,166,155,44.3,0,1,0,1,0
35,18,11.9,259,170,20.1,0,0,1,0,1
45,8,12.5,128,142,23.5,0,1,0,0,0
73,29,13.2,152,164,38.9,1,1,1,0,2
57,22,10.1,219,127,22.9,1,0,1,1,2
65,32,9.3,118,121,44.5,1,0,0,0,1
62,14,12.9,150,130,27.4,0,0,1,0,1
59,2,8.9,118,135,42.9,0,0,0,0,0
65,7,11.1,127,130,36.2,0,0,0,2,1
54,3,10.7,96,131,35.5,0,0,0,0,0
42,15,8.7,119,164,42.8,1,1,1,0,2
68,34,6.2,204,155,32.3,0,0,1,1,1
44,22,5.7,273,150,29.4,1,1,1,1,1
67,18,9.1,253,114,24.7,1,1,1,1,2
59,18,9.6,259,153,22.8,0,1,0,1,0
43,34,12.5,93,125,39.6,0,1,1,0,2
79,18,9.0,94,144,22.3,1,0,0,0,1
33,29,7.9,135,114,29.2,0,0,1,1,1
30,12,9.4,164,171,29.6,0,0,0,2,1
32,18,7.5,219,135,36.3,0,1,1,0,0
74,31,6.3,194,170,26.2,1,1,0,0,1
79,15,6.5,143,160,40.8,0,0,0,0,0
65,30,8.2,197,178,24.4,0,0,0,1,1
33,28,5.6,148,165,39.5,0,0,1,0,1
72,15,7.4,122,159,41.1,0,0,0,1,0
43,33,12.2,111,145,24.0,0,1,0,0,1
54,2,7.5,136,133,40.0,0,0,0,0,0
68,8,6.4,223,139,37.6,0,0,0,2,0
32,33,13.6,113,178,41.7,0,0,1,1,2
36,18,10.8,266,157,32.3,0,1,0,1,1
37,26,6.0,206,131,25.1,0,1,1,0,1
73,21,6.0,215,142,42.7,0,1,0,0,0
36,28,10.7,140,178,39.5,1,1,1,0,2
77,20,10.1,207,159,19.5,1,1,0,1,1
54,20,6.1,130,132,43.4,1,0,0,1,1
46,4,7.4,156,119,43.7,1,0,0,0,0
55,34,13.4,178,145,28.2,0,0,0,0,1
33,13,10.4,181,126,19.3,0,0,0,1,1
78,31,9.2,210,162,33.4,1,1,0,2,2
47,7,7.6,296,117,42.8,1,0,0,0,0
33,17,6.6,170,153,22.2,0,0,1,0,1
46,12,8.9,219,170,34.4,0,0,1,1,2
76,30,13.3,180,115,38.0,1,0,1,0,2
46,34,5.9,189,146,22.5,0,0,1,2,2
74,22,13.9,167,163,32.3,0,0,0,1,1
54,21,7.3,132,132,21.3,0,0,0,1,0
32,9,9.0,212,166,33.5,0,1,0,1,1
41,12,5.9,121,160,30.5,1,0,1,2,2
56,17,10.5,229,167,25.9,1,0,1,1,2
46,16,9.6,112,128,41.2,1,1,0,1,1
51,5,11.2,233,136,28.9,0,0,0,2,1
68,19,10.1,261,134,37.2,1,1,0,1,1
68,28,8.9,91,130,39.6,0,1,0,0,1
72,17,11.8,96,134,23.6,1,1,0,0,1
77,22,5.7,110,160,22.1,0,1,0,0,0
65,15,10.1,275,144,19.2,1,0,1,1,2
45,19,6.5,184,179,27.0,1,0,1,1,2
66,26,9.2,240,159,40.2,1,0,0,0,2
58,23,12.2,215,124,39.1,1,0,1,1,2
43,10,6.7,277,133,41.7,0,0,1,0,1
36,22,13.5,210,158,38.8,0,0,1,2,2
70,11,13.1,114,177,19.6,0,1,0,0,0
57,26,9.0,124,116,29.0,0,0,0,1,0
42,1,5.6,262,163,19.2,1,0,0,1,0
45,21,12.2,224,147,19.9,0,0,0,0,2
50,8,13.0,286,154,31.4,0,1,0,2,1
33,20,7.0,121,118,28.4,0,1,0,0,0
68,17,13.3,142,164,33.5,0,0,1,0,2
64,15,13.3,158,161,20.7,1,1,0,1,1
44,21,9.5,114,158,34.3,1,0,0,0,1
55,1,12.3,184,164,20.7,0,0,0,1,0
75,3,9.3,175,179,30.0,0,0,0,0,0
36,31,10.3,191,112,28.2,1,0,0,0,1
47,31,8.2,166,177,24.8,0,1,0,1,0
54,21,6.9,219,147,27.1,1,0,0,1,0
66,23,11.8,175,179,19.0,1,1,0,0,2
50,17,5.5,150,158,27.4,1,1,0,0,1
37,22,10.4,226,117,21.0,1,1,0,1,1
49,22,12.8,140,154,43.0,0,0,0,0,1
47,8,7.4,91,138,20.9,1,0,0,2,1
48,8,8.3,262,158,43.8,0,0,1,1,1
32,14,10.5,121,133,31.8,0,0,0,0,0
67,24,7.6,289,130,32.3,0,1,0,1,0
47,22,12.7,169,132,39.5,0,0,0,1,1
56,15,8.6,186,137,37.1,0,1,0,1,1
44,20,10.4,164,141,25.2,1,0,1,2,2
75,27,7.4,249,131,19.7,1,0,0,2,1
50,28,5.9,97,171,39.2,1,1,1,1,1
51,22,7.0,174,176,22.4,0,0,0,1,0
37,31,5.9,210,115,34.6,0,0,0,0,0
40,9,9.5,109,174,43.5,1,1,1,0,2
72,23,10.5,282,131,33.3,1,0,1,0,2
41,5,5.9,238,160,26.4,1,1,0,0,0
77,17,6.3,96,177,23.6,1,0,0,0,1
68,5,9.6,210,166,19.7,0,0,0,2,1
56,7,12.3,211,164,35.2,0,1,0,1,0
64,8,10.8,226,151,33.5,1,1,1,0,2
31,7,6.4,175,161,31.0,1,0,0,0,0
64,22,13.0,219,170,24.0,0,1,0,1,1
60,21,13.3,236,128,25.2,0,0,0,0,0
37,4,8.3,149,110,43.9,1,1,0,0,0
49,32,10.7,287,150,19.5,1,1,0,0,1
37,29,9.7,276,172,28.4,0,0,0,0,1
33,30,13.5,158,157,20.0,1,1,0,1,1
60,3,9.8,134,141,24.0,0,0,1,0,0
61,5,13.7,151,159,43.3,0,0,0,0,0
42,19,7.2,227,123,22.9,0,0,1,0,1
51,8,8.4,212,126,34.6,1,1,0,0,0
55,31,12.1,282,139,28.0,0,1,1,1,1
46,27,12.2,115,160,35.5,0,0,0,1,1
58,13,11.7,277,171,41.2,0,0,1,1,2
56,6,12.8,107,133,26.5,0,0,0,1,0
51,1,11.5,148,172,21.0,0,0,0,0,0
47,30,10.9,238,123,24.3,0,0,0,0,1
34,11,9.4,135,143,30.4,0,0,1,1,1
41,31,9.5,101,168,32.4,1,0,0,1,1
31,16,9.0,295,174,43.5,0,0,0,0,1
71,15,10.8,202,142,19.4,1,0,1,2,2
36,5,9.0,249,167,38.7,0,0,0,2,1
76,15,6.8,256,127,20.9,1,1,1,2,2
55,1,6.4,298,121,21.0,0,0,0,0,0
68,15,13.4,272,175,36.0,1,0,0,1,1
44,8,5.7,144,111,42.6,0,1,0,1,0
77,22,6.4,99,179,26.5,0,0,0,0,0
62,27,9.3,124,137,26.0,0,1,1,1,1
76,34,7.7,169,151,35.1,0,0,0,0,0
32,30,8.9,95,112,39.2,1,0,1,0,2
71,12,6.5,216,157,41.6,1,1,0,2,1
77,2,6.6,157,122,25.5,1,1,0,2,1
31,22,12.3,279,166,38.2,1,1,1,2,2
46,17,12.0,98,112,27.0,0,0,0,2,2
30,23,6.4,246,172,33.2,1,0,0,1,1
65,29,11.2,160,147,24.0,1,1,0,1,1
72,29,10.7,297,168,22.8,0,0,0,2,1
46,19,11.6,223,137,43.3,1,0,0,0,1
31,17,9.5,133,135,33.2,1,1,0,1,1
62,8,7.8,153,174,19.1,0,1,0,1,0
58,7,11.1,156,170,39.6,0,1,0,2,1
35,11,8.7,133,166,37.0,0,1,0,1,0
72,3,7.4,205,110,27.5,1,1,0,0,0
65,2,9.0,295,141,31.1,1,0,1,1,1
53,19,12.0,231,141,30.7,1,0,1,1,1
40,28,9.5,226,136,26.1,1,1,0,0,1
34,28,8.0,240,122,44.5,0,0,0,0,0
59,25,12.6,146,126,33.1,0,0,0,1,1
39,11,13.0,146,137,42.3,1,1,0,0,1
66,2,9.2,232,161,34.2,1,1,0,2,2
56,12,8.7,281,145,36.9,0,1,0,0,1
56,12,10.7,96,156,19.8,0,0,0,1,1
53,25,6.0,237,175,32.3,0,1,0,0,0
32,31,11.4,281,141,37.8,0,1,0,0,0
67,17,12.1,108,141,22.2,0,1,0,0,0
55,12,8.9,223,179,36.6,0,0,0,1,0
74,30,7.0,268,164,21.2,0,0,0,1,0
77,2,5.7,128,149,40.0,1,0,1,1,1
68,16,10.9,282,137,44.4,1,1,0,2,2
47,1,7.8,160,140,35.3,1,1,0,1,0
32,34,9.4,114,140,21.0,1,1,0,1,2
67,1,8.8,191,135,34.3,1,0,0,0,0
71,3,7.0,240,113,38.3,0,1,0,0,0
77,34,9.8,275,167,43.3,0,1,0,0,0
54,12,9.4,100,132,20.2,1,1,0,0,1
42,27,10.8,251,178,39.2,0,1,1,0,1
54,25,7.6,120,169,22.4,0,1,1,0,1
53,12,7.3,255,152,39.6,1,0,1,1,2
70,33,12.4,207,135,42.1,0,1,0,1,1
45,9,11.5,203,176,41.4,1,0,0,2,2
72,1,12.1,263,177,36.0,1,0,0,2,2
70,23,6.5,229,164,32.0,0,1,0,2,1
71,28,7.4,98,156,41.7,0,0,0,0,0
40,3,10.4,230,168,32.5,0,0,0,0,0
50,5,12.8,281,125,23.9,1,1,0,0,1
60,29,13.1,109,167,43.5,0,1,0,2,2
44,13,12.6,148,110,28.7,0,1,0,0,1
74,4,5.9,174,154,35.2,0,1,0,0,0
78,6,12.5,239,115,24.2,0,1,0,0,0
65,6,13.1,154,161,21.9,1,1,0,0,0
72,11,6.0,149,128,33.3,0,0,0,1,0
30,27,9.0,214,152,33.4,1,0,1,1,2
57,4,10.1,130,128,28.6,1,0,1,1,2
62,27,7.5,170,148,27.1,0,0,0,1,0
32,16,9.9,262,141,28.7,1,1,0,0,2
44,18,13.0,93,174,39.7,1,0,0,0,1
62,7,12.9,159,156,28.3,1,1,1,1,2
61,11,13.5,262,122,43.0,1,0,0,0,1
52,8,9.6,275,145,21.9,1,0,1,0,1
55,6,9.0,172,179,43.2,0,0,0,2,1
77,5,11.2,183,136,36.9,1,1,1,1,1
46,6,9.0,240,133,28.0,0,1,1,0,1
38,2,5.9,249,129,19.2,0,0,0,1,0
34,31,11.6,152,118,39.9,0,1,0,0,1
58,32,7.9,97,148,44.2,0,0,1,1,1
35,9,5.9,298,110,44.5,1,0,1,1,1
76,15,5.7,298,120,30.0,0,1,0,1,0
70,21,13.4,209,110,20.8,1,0,1,0,2
64,28,7.6,174,153,27.2,1,1,1,2,2
50,27,9.3,296,160,27.1,0,1,1,0,2
74,5,13.6,180,126,21.7,0,1,0,0,0
74,17,9.5,242,175,32.6,0,0,0,0,1
52,24,6.2,250,132,34.7,1,1,0,0,0
64,31,10.2,283,150,37.9,0,0,0,0,0
75,4,6.2,205,168,20.3,0,0,0,0,0
31,20,6.3,195,134,26.2,1,0,1,0,1
71,17,12.7,233,126,28.2,1,0,0,1,1
38,10,8.0,272,128,42.2,0,1,0,0,0
42,21,11.3,253,155,42.4,1,0,0,0,2
72,21,9.8,161,144,25.8,1,0,0,1,1
63,16,7.4,169,132,31.7,0,1,0,0,0
45,33,9.9,96,153,30.0,0,1,0,0,0
34,10,6.1,158,118,32.7,0,1,1,0,1
30,18,8.5,176,141,26.4,1,1,0,0,2
69,33,9.9,97,168,31.0,0,0,0,1,1
51,29,7.4,220,151,22.8,0,0,0,0,0
77,31,11.1,252,171,37.4,1,0,0,0,1
75,24,5.9,203,128,28.6,1,1,1,0,1
55,12,9.6,125,144,33.1,1,1,0,0,1
63,20,11.6,189,117,34.7,1,0,0,0,1
79,6,9.2,168,152,40.7,1,0,0,0,0
50,8,12.9,119,154,21.1,0,0,1,1,1
36,14,10.9,104,115,31.6,1,1,0,1,1
54,5,13.6,285,122,42.2,0,1,1,1,1
41,3,7.9,176,120,27.6,0,0,0,1,0
60,22,13.5,147,179,30.6,1,1,0,1,1
76,8,10.7,245,178,21.2,1,1,0,0,0
56,14,11.8,259,116,38.5,1,0,1,0,2
51,7,13.2,186,164,21.2,0,0,1,0,1
63,4,10.2,235,164,35.4,0,0,0,0,0
46,19,12.8,222,128,28.7,0,0,0,2,2
40,24,10.1,226,115,27.8,1,0,0,1,1
58,16,10.6,191,118,34.2,0,0,0,0,1
63,6,9.3,204,129,33.8,0,0,0,0,0
66,8,6.7,226,134,29.5,1,0,0,1,0
78,25,10.2,107,159,26.2,0,1,0,1,0
77,32,13.8,273,159,32.2,0,0,0,0,0
55,25,12.2,232,147,25.9,1,0,1,0,2
74,10,11.9,296,175,21.7,0,0,1,0,2
74,17,11.0,167,166,39.8,0,0,0,2,2
74,3,8.5,151,131,37.3,1,0,0,0,0
61,9,6.9,252,165,21.2,0,0,0,1,0
66,18,7.4,129,145,23.2,1,1,0,1,1
34,30,5.6,268,160,21.6,1,0,0,1,1
49,5,11.2,213,177,39.6,1,1,0,0,0
36,32,12.4,149,110,39.1,0,1,1,1,1
72,27,7.8,145,157,29.6,0,0,0,1,0
52,21,6.3,173,142,40.4,0,0,0,0,0
30,24,8.4,292,133,44.3,0,0,0,0,0
68,3,8.0,130,158,44.2,0,0,0,2,0
32,16,9.3,271,178,44.5,0,1,0,0,0
74,15,7.7,106,167,41.0,0,0,0,1,0
32,25,8.4,194,157,24.6,1,1,0,1,1
35,8,13.2,114,166,20.5,0,0,1,0,1
60,4,8.3,215,173,40.1,1,1,0,1,1
56,32,12.2,182,162,27.0,0,1,0,0,1
58,30,10.8,226,169,27.8,1,1,1,0,2
44,30,8.4,273,152,20.9,1,0,0,1,2
65,17,12.5,240,150,37.6,0,0,0,1,0
34,19,10.6,207,135,30.2,0,1,0,1,0
32,31,5.6,91,168,24.3,1,1,0,2,1
54,17,6.1,134,158,36.0,0,0,0,0,1
61,2,11.9,208,173,44.5,0,0,0,1,0
50,29,9.3,282,114,32.0,0,0,0,0,1
77,30,8.9,255,153,34.8,0,0,0,0,1
46,22,6.7,223,127,23.2,1,0,1,1,1
38,11,6.8,265,166,23.2,0,0,1,0,1
55,33,12.3,261,149,30.9,1,0,0,0,1
51,19,12.5,296,155,41.0,0,1,0,2,1
70,3,10.3,96,167,42.6,1,0,0,2,2
75,22,8.0,155,133,35.7,0,0,0,0,0
52,18,13.4,279,137,28.4,1,0,0,1,2
40,30,10.8,247,155,38.5,0,1,0,0,1
39,1,12.3,165,177,26.6,1,0,0,2,1
52,20,5.5,141,163,24.7,0,0,0,0,0
34,5,9.3,183,142,39.7,1,1,1,0,1
55,12,12.9,125,176,38.5,0,0,0,1,1
33,11,8.4,124,144,41.9,0,0,0,0,0
72,24,11.7,155,148,34.0,0,1,0,0,0
56,18,11.1,267,156,42.3,1,0,0,0,1
67,8,6.8,220,114,19.7,0,0,1,2,1
63,29,12.1,195,146,25.6,1,0,0,1,1
32,22,6.5,165,110,39.9,0,0,0,2,0
79,2,11.7,93,165,30.0,0,1,0,0,0
61,23,13.9,144,116,25.2,1,1,0,2,2
55,16,13.6,269,173,39.7,0,1,0,1,1
47,8,12.3,276,117,40.4,0,1,1,0,1
36,4,10.0,288,173,30.9,0,0,0,2,0
74,14,11.2,109,166,31.1,0,0,0,1,1
42,9,11.7,108,137,39.3,0,0,0,1,1
35,11,5.6,225,135,39.1,0,0,0,1,0
64,16,6.4,284,143,41.5,0,0,1,1,1
60,13,10.6,116,131,35.8,0,1,0,2,1
71,17,5.6,296,129,23.8,0,0,1,0,1
66,14,13.2,225,123,33.3,0,0,0,2,1
72,29,9.7,107,132,28.9,0,1,0,2,2
33,17,7.7,118,176,19.7,0,0,0,0,0
71,1,8.8,135,128,24.1,1,1,0,0,1
33,20,12.7,253,148,24.3,0,0,0,0,1
74,33,13.4,220,146,21.1,1,0,0,1,2
37,2,6.5,226,110,30.8,0,1,0,1,0
67,17,12.1,227,128,32.2,0,1,0,0,1
40,23,10.4,173,124,27.8,0,0,0,0,0
31,22,10.5,283,110,29.7,0,0,0,2,2
47,1,12.1,90,140,33.3,0,0,1,1,1
47,12,7.4,221,161,22.1,1,0,1,0,2
51,13,10.0,265,152,33.6,0,1,1,1,1
41,14,8.2,190,155,37.5,0,0,0,2,2
46,10,6.3,185,159,41.7,0,0,0,0,0
46,12,6.4,107,129,26.8,1,1,0,0,1
65,22,6.7,167,171,38.4,0,1,1,1,1
58,18,10.7,134,152,34.8,0,0,0,1,1
78,19,6.4,201,114,32.1,0,0,0,0,0
45,30,10.3,104,175,42.9,1,0,1,2,2
70,15,10.5,268,121,35.1,1,1,1,1,2
40,14,13.2,278,166,28.5,0,0,0,0,1
73,9,10.8,93,169,37.5,1,0,0,0,1
72,5,13.9,236,164,44.0,1,0,0,1,1
74,33,5.8,177,175,42.9,1,0,1,0,2
51,5,11.5,183,136,44.5,1,0,0,1,1
59,24,5.7,166,137,21.5,0,0,1,0,1
37,8,11.7,228,146,30.5,0,1,1,1,0
75,19,8.8,117,128,30.2,1,0,1,1,2
47,12,10.7,274,160,29.0,0,1,1,1,2
75,8,8.1,164,122,23.6,1,0,1,1,1
45,8,6.9,143,154,40.6,1,0,0,0,1
76,20,11.6,154,115,36.5,0,0,0,0,0
49,29,13.2,136,110,34.8,1,0,1,1,2
68,34,7.1,207,134,30.6,0,0,0,0,0
37,18,13.3,93,135,29.1,0,0,0,0,0
59,1,6.7,123,122,39.4,1,0,0,1,0
67,11,11.8,165,128,32.7,0,0,0,2,2
58,32,13.7,271,119,34.8,1,1,0,2,2
42,16,6.8,150,154,21.6,0,1,0,1,0
46,6,9.2,190,124,31.3,1,0,0,2,2
69,9,8.4,182,140,22.4,0,1,0,1,1
72,22,8.8,191,117,20.4,0,1,1,1,2
46,8,11.9,202,139,36.9,0,1,0,0,0
38,32,11.1,172,110,26.1,0,0,0,0,1
31,26,13.7,237,125,44.1,1,0,0,1,1
71,18,7.1,220,120,34.7,0,0,1,0,1
53,12,10.1,129,136,35.8,1,0,0,1,1
50,34,9.3,286,149,24.1,0,0,0,2,1
75,4,13.3,240,153,22.4,0,0,0,0,0
31,16,5.6,158,179,32.7,0,0,0,0,0
34,24,13.9,121,166,43.1,1,0,0,1,1
46,14,9.6,113,157,20.4,1,1,1,0,2
53,17,10.8,202,149,32.2,0,0,0,1,1
37,31,8.6,268,148,24.2,0,0,0,0,1
59,4,12.7,204,112,39.3,1,1,0,1,1
79,34,10.3,275,164,36.7,0,0,0,0,0
51,3,11.1,259,110,21.5,0,1,0,0,0
53,8,11.0,124,132,35.0,1,1,0,0,0
55,12,8.6,121,176,44.6,0,0,1,0,2
37,2,6.1,271,171,32.7,0,0,0,0,0
41,29,12.4,134,143,26.4,1,0,1,0,2
43,23,8.0,265,126,23.0,0,1,0,1,1
59,33,12.7,197,157,44.7,0,1,0,0,0
64,18,10.7,175,162,33.7,0,0,0,1,0
60,22,8.5,266,170,28.7,0,0,0,2,1
57,14,10.6,123,120,24.6,1,0,1,0,2
75,29,11.0,233,124,43.7,1,0,0,1,1
56,15,11.5,100,120,35.3,0,1,0,0,0
65,15,12.5,236,116,20.5,1,1,1,1,2
30,4,6.9,181,156,20.5,0,0,0,2,1
70,5,13.5,246,117,43.4,1,0,0,1,1
43,3,9.0,143,114,37.5,1,0,0,0,0
39,12,12.8,270,175,21.7,0,0,0,1,0
79,20,7.4,284,172,35.2,0,1,0,1,0
71,20,5.7,299,130,29.9,1,1,1,0,1
36,1,10.4,299,121,39.5,1,0,0,0,1
69,3,8.3,165,120,26.1,1,0,0,1,1
43,9,13.9,299,163,29.0,0,1,0,1,1
65,20,6.4,249,119,23.4,0,1,0,1,0
56,9,5.9,189,125,25.6,0,0,1,1,1
40,31,5.9,205,124,23.9,0,0,0,2,1
71,28,7.3,213,167,19.6,1,0,1,1,1
78,2,10.4,172,113,20.2,1,0,0,1,1
66,3,9.8,145,131,40.7,0,0,0,1,0
71,14,8.5,152,144,39.9,0,0,0,0,1
39,17,6.3,221,123,22.7,0,1,1,0,1
36,4,7.5,228,140,36.4,0,1,0,2,0
46,30,7.1,220,179,38.4,0,0,1,2,2
41,14,11.8,244,120,20.3,1,0,0,2,2
66,27,12.1,200,145,21.3,1,1,0,0,1
66,13,12.1,297,133,33.6,0,0,0,1,1
65,20,13.7,261,149,28.7,1,1,0,1,1
36,24,13.0,235,151,37.2,0,0,0,0,1
53,10,9.7,247,130,33.5,0,0,0,0,1
63,7,9.0,159,160,19.8,0,0,0,0,0
30,17,13.3,264,164,36.8,0,1,0,0,1
58,22,10.7,123,113,24.3,1,0,0,2,2
55,11,8.0,208,171,27.1,1,1,0,0,0
39,23,10.3,165,134,38.1,0,1,0,1,1
30,22,13.9,131,179,39.1,1,1,0,1,1
74,18,12.7,112,123,28.0,0,1,0,2,1
46,26,7.9,129,150,21.3,1,0,0,1,0
70,30,13.6,104,166,39.0,1,0,0,1,1
65,13,13.8,204,147,41.6,0,0,0,0,0
38,4,7.5,297,171,44.1,0,0,0,1,0
68,27,13.1,146,150,27.3,1,0,1,0,2
52,10,13.0,200,154,22.2,0,1,1,1,1
58,28,5.8,231,125,43.4,0,1,1,0,1
31,21,11.2,296,128,29.4,1,1,0,1,1
47,11,8.1,229,146,21.4,1,0,0,1,1
57,20,11.2,196,170,32.0,1,1,1,0,2
76,19,13.3,206,135,24.0,1,1,0,0,1
71,10,9.7,124,173,28.2,1,0,0,1,1
78,15,9.0,242,122,27.3,0,0,0,2,1
36,18,13.3,167,143,44.7,1,0,0,0,2
40,7,13.8,91,132,35.6,0,0,1,0,1
36,30,6.0,107,129,31.8,0,0,1,0,1
72,14,13.3,124,163,32.4,0,1,0,0,1
53,30,6.2,98,167,34.7,0,0,0,1,0
44,27,8.4,228,168,41.7,0,1,0,1,0
60,17,12.0,156,129,22.8,0,1,0,0,1
48,30,12.1,158,148,34.6,0,0,0,2,1
39,18,11.7,194,141,27.4,0,0,1,0,1
77,3,5.8,291,150,33.9,0,0,1,0,0
37,28,6.6,127,178,32.5,0,0,0,0,0
30,30,13.5,159,177,19.8,1,0,1,0,1
31,21,6.2,292,130,34.1,1,0,0,0,0
58,20,6.2,170,133,37.4,0,1,1,0,1
71,22,12.6,276,125,25.4,1,0,0,1,1
39,21,11.0,155,141,21.8,1,0,1,0,2
71,24,8.5,130,135,24.5,0,0,0,0,1
38,21,6.9,113,112,35.5,1,1,1,1,1
79,7,13.0,267,116,31.2,1,0,1,1,2
60,8,13.9,94,125,41.5,0,1,0,0,0
61,22,5.9,110,162,26.4,0,0,0,0,0
31,22,10.2,95,113,28.5,1,1,1,0,2
53,30,7.7,221,154,32.7,0,1,0,0,1
66,34,12.6,98,141,31.0,0,0,0,0,1
72,29,8.4,158,167,33.2,0,1,0,0,0
35,10,11.6,157,122,27.1,0,1,0,0,1
37,5,10.1,215,131,23.3,1,1,1,1,1
69,34,10.1,226,153,39.9,0,0,1,0,2
54,10,12.8,235,153,20.0,0,0,0,1,1
71,9,9.5,148,139,28.6,1,0,1,0,2
72,32,12.7,260,132,21.3,1,1,0,0,1
54,5,8.6,169,121,38.1,1,0,1,1,2
75,11,7.0,283,123,28.5,0,1,1,0,1
40,16,9.4,118,145,19.8,1,0,0,0,1
64,27,9.7,265,154,21.0,0,0,0,2,1
30,20,9.6,140,133,24.2,1,1,0,2,2
52,1,12.4,259,112,39.5,0,0,0,1,0
32,26,10.3,125,160,39.8,1,0,1,0,2
70,11,13.1,165,164,44.9,1,1,0,1,2
30,15,9.9,194,147,25.3,0,0,0,0,1
73,18,7.4,134,129,20.6,0,0,0,0,0
41,24,6.6,190,111,26.4,1,1,0,0,1
67,28,12.9,252,135,23.6,1,0,0,1,1
69,25,6.0,193,111,37.5,0,0,0,2,0
60,23,6.5,95,176,44.2,0,1,0,1,0
58,11,6.0,254,151,26.1,1,1,1,2,2
64,33,9.1,125,149,27.5,0,1,1,0,2
57,16,10.0,233,118,28.1,0,1,0,1,1
50,23,5.7,289,111,41.3,1,0,0,2,2
40,6,9.9,111,137,34.0,0,0,0,1,0
55,24,8.8,158,112,44.3,0,1,0,0,0
40,6,12.1,158,125,35.3,0,1,0,2,1
34,10,12.6,152,113,37.4,1,0,1,1,2
36,22,11.3,164,132,21.3,0,1,0,0,1
60,23,9.5,196,115,43.7,0,1,0,0,1
68,5,7.3,108,164,35.3,0,0,0,0,0
71,28,12.7,298,117,32.5,0,1,0,1,0
37,9,8.4,191,173,29.1,0,1,0,0,1
56,28,8.5,215,176,21.0,0,0,0,0,0
50,25,13.3,216,150,22.5,0,0,0,2,2
59,27,13.8,235,149,19.3,0,1,0,2,2
43,24,13.1,203,136,45.0,0,0,0,1,0
30,16,14.0,162,148,39.4,1,1,0,1,1
74,2,12.9,203,162,39.7,1,1,0,1,1
53,2,11.5,234,149,38.0,1,0,1,1,2
35,5,8.0,130,161,31.6,1,1,1,2,2
35,21,13.6,250,146,21.3,1,1,0,1,1
34,10,13.0,272,176,20.9,0,0,0,0,1
64,18,7.5,171,128,42.8,0,0,1,0,1
73,26,9.7,241,143,19.0,1,0,0,1,1
44,20,6.1,166,175,37.2,0,0,0,1,0
64,21,13.6,257,119,35.3,1,1,0,1,1
77,2,10.4,117,161,32.0,1,1,0,1,0
79,33,7.6,199,151,44.3,1,1,0,0,0
70,23,8.0,284,169,24.2,1,1,0,0,0
37,31,13.8,292,111,39.4,0,0,0,1,1
72,4,10.7,256,110,36.5,0,0,0,2,1
64,3,9.1,110,159,44.3,0,1,0,1,1
34,10,9.7,254,145,43.3,0,0,1,0,2
60,32,6.3,219,131,22.3,1,0,0,0,0
71,27,6.1,95,145,27.0,0,1,1,0,1
60,19,10.5,141,112,41.1,1,0,0,0,0
66,1,9.9,94,153,24.9,0,1,1,0,1
37,26,8.6,264,125,28.8,0,0,1,2,2
35,13,10.3,132,120,35.3,1,0,0,2,2
52,2,6.1,185,119,33.6,1,1,0,0,0
45,22,13.5,190,160,35.7,0,0,0,1,1
73,28,8.0,203,151,37.6,1,1,0,1,1
78,2,6.1,129,134,37.9,0,0,1,1,1
37,11,6.9,228,115,38.2,1,0,0,1,0
33,26,6.3,298,153,44.8,0,1,0,1,0
61,28,7.0,231,117,28.3,0,0,0,0,0
78,26,9.0,91,143,20.1,0,1,0,2,1
32,17,11.8,256,150,28.1,1,1,0,1,2
79,3,7.8,280,110,42.7,0,0,0,1,0
45,14,9.2,152,112,21.2,1,1,1,0,2
63,16,13.4,208,161,35.8,1,1,1,2,2
42,28,8.0,235,152,30.0,0,1,0,0,0
62,28,12.3,183,156,43.0,0,0,1,2,2
51,25,6.8,168,128,43.1,1,1,0,2,1
60,9,7.0,218,179,39.4,1,0,0,2,1
53,11,9.4,234,156,21.6,0,0,0,1,1
32,21,7.5,143,114,19.6,0,0,1,1,1
62,2,13.2,211,173,22.6,1,0,0,2,2
59,34,5.9,213,154,27.4,0,1,0,2,1
55,13,10.6,256,173,25.3,1,0,0,1,1
63,5,10.6,265,154,28.6,1,1,0,0,0
51,11,6.1,155,145,22.7,0,0,0,0,0
59,29,11.7,232,118,38.6,1,0,0,2,1
64,28,9.5,111,132,41.0,1,1,0,1,1
54,28,11.6,109,141,31.7,0,0,0,0,0
57,5,12.5,182,154,43.9,0,1,0,0,0
62,20,8.2,260,137,22.1,1,0,0,0,1
52,10,9.6,273,161,21.8,0,0,0,2,2
55,32,7.7,241,120,24.2,1,0,0,1,1
38,29,7.2,132,128,44.5,0,1,0,0,0
37,2,5.5,110,173,29.8,1,0,1,1,0
66,1,13.7,137,174,43.0,1,1,0,2,2
62,20,9.2,155,166,24.3,0,0,0,0,1
44,1,5.6,204,175,41.0,0,0,0,0,0
78,4,5.6,105,113,27.1,0,1,1,0,0
76,15,8.0,257,138,38.1,1,0,1,1,2
37,30,5.6,110,113,44.3,1,1,0,2,1
50,6,8.7,269,110,43.3,1,1,0,0,0
32,1,6.0,190,127,40.6,0,0,1,0,0
38,7,5.8,97,122,20.3,0,0,0,0,0
43,5,11.2,295,179,34.8,0,0,1,1,1
67,7,13.2,199,158,40.7,0,0,0,2,1
56,3,9.0,272,156,29.4,0,0,0,0,0
49,12,12.6,175,139,38.0,0,1,0,1,0
33,15,5.7,299,136,22.6,1,0,0,2,1
53,20,12.1,147,137,23.6,0,0,1,0,2
56,21,6.0,94,111,35.7,1,1,0,1,0
41,32,12.6,259,129,30.4,0,0,0,0,1
57,12,13.0,200,133,24.7,1,0,0,0,2
64,7,12.2,198,153,26.4,1,0,1,0,2
53,31,12.5,119,130,35.1,1,0,0,1,1
60,1,10.3,184,131,37.9,0,0,0,0,0
32,11,7.8,98,167,24.4,1,0,0,1,0
59,34,11.0,184,120,43.8,0,1,1,1,1
56,19,9.2,184,162,19.2,0,0,0,1,1
46,11,5.5,130,118,37.2,1,1,0,2,1
35,33,9.6,140,176,26.6,1,0,0,0,2
76,33,11.0,274,161,31.4,0,0,0,1,1
72,8,5.6,290,122,33.8,1,0,0,1,0
47,8,10.8,150,110,33.6,0,0,1,0,1
64,34,11.0,95,153,39.2,1,0,1,0,2
56,27,6.8,208,133,40.4,1,0,1,0,1
46,29,9.2,115,114,20.9,0,0,0,0,0
40,14,13.7,291,175,37.3,1,1,0,0,1
67,34,13.0,95,129,29.4,0,1,0,2,2
66,1,9.0,142,173,40.3,1,0,0,0,1
71,9,8.5,150,124,34.8,1,1,1,0,2
63,10,6.6,250,177,19.3,0,0,1,1,2
76,30,5.8,262,163,36.3,1,0,1,1,2
61,18,8.0,183,120,43.1,0,0,0,0,0
72,17,13.5,129,132,21.2,0,0,0,1,1
75,6,13.6,113,110,31.8,1,0,0,0,0
75,11,12.4,181,151,35.3,0,1,1,1,1
64,24,8.5,134,156,24.1,0,0,0,0,1
57,33,6.7,127,177,35.9,1,0,0,0,0
51,33,10.6,246,147,20.3,0,0,0,1,1
45,18,11.0,197,111,42.5,1,0,1,0,2
75,5,9.1,296,154,38.8,1,1,0,0,1
71,31,11.4,225,136,43.5,1,0,0,1,1
69,16,11.8,153,170,29.9,1,0,1,2,2
41,2,12.2,176,120,19.9,0,1,0,0,0
34,9,9.8,196,178,27.9,1,0,0,0,1
55,2,12.2,290,138,32.4,1,0,0,1,0
55,20,5.7,140,134,43.3,1,1,0,1,0
42,17,11.3,292,163,42.0,0,0,0,1,1
53,25,7.5,95,157,34.4,1,1,0,1,0
73,19,7.8,264,155,38.0,1,0,0,1,1
32,8,6.3,266,150,43.8,1,0,0,0,0
61,11,7.1,293,150,41.1,0,0,0,1,0
52,13,13.9,174,170,36.1,0,1,0,0,0
78,13,9.0,249,120,33.0,0,0,1,0,2
66,9,13.4,271,153,31.4,1,1,1,0,2
67,5,6.9,125,141,38.7,1,0,0,0,0
74,18,7.2,178,158,40.0,1,1,1,0,1
67,14,10.2,188,115,24.7,0,1,0,1,1
42,34,8.5,236,166,31.3,0,0,1,0,2
44,22,11.0,126,115,39.0,0,0,0,2,1
31,33,9.1,106,156,36.6,0,1,0,1,1
40,24,12.4,297,172,34.4,0,0,1,0,1
45,29,9.2,105,158,27.4,1,0,0,1,1
47,13,10.4,275,131,34.8,0,0,0,0,1
63,27,8.2,261,176,34.9,1,0,0,0,1
39,1,11.5,285,128,30.2,0,0,1,2,2
42,7,11.1,138,164,44.0,0,0,0,0,0
61,4,8.9,183,143,36.0,0,0,0,1,0
37,10,7.8,140,150,41.1,1,0,0,2,2
36,16,10.7,94,116,22.4,0,1,1,0,1
77,27,13.5,186,166,38.7,0,0,0,1,1
46,20,6.6,275,125,34.6,0,0,0,1,1
70,10,12.3,263,168,27.0,1,1,0,1,1
56,33,10.1,272,147,22.5,1,0,0,0,1
37,7,10.0,162,118,28.9,0,1,0,2,1
58,22,13.7,234,143,30.5,1,0,1,0,2
66,17,10.6,229,155,22.7,0,1,0,1,1
56,9,12.6,241,146,36.4,1,0,0,0,2
66,10,9.9,145,152,27.0,0,0,0,2,1
53,31,7.6,272,156,40.0,1,1,1,0,1
74,31,11.4,211,115,35.9,0,0,0,1,1
45,5,13.3,215,147,27.1,1,1,0,2,0
55,18,12.7,293,170,28.4,0,0,0,0,0
60,6,7.2,168,113,43.5,0,0,0,0,0
56,28,8.2,105,114,43.7,0,0,1,0,1
55,24,9.9,215,179,29.9,0,0,1,0,1
72,5,10.4,176,169,36.7,1,0,0,1,1
44,28,7.1,299,165,44.5,1,1,1,1,1
78,3,7.5,111,168,44.8,0,1,0,0,0
44,18,12.0,199,116,20.9,0,1,0,1,1
52,4,11.7,261,177,33.4,0,0,1,0,1
54,32,12.6,184,140,37.9,0,0,0,2,2
73,32,13.4,132,157,23.9,0,0,0,2,1
33,19,8.1,168,151,40.4,0,1,1,1,2
65,29,12.8,110,139,31.2,0,0,0,2,2
45,33,11.2,212,160,31.9,1,0,1,2,2
76,2,13.6,97,144,26.1,1,0,0,1,0
69,11,7.8,138,171,26.8,1,0,0,2,2
50,33,7.8,214,160,21.2,1,1,0,2,2
69,1,11.5,195,159,43.2,1,1,0,0,1
72,17,13.4,223,139,28.9,0,1,1,1,1
46,16,12.5,170,128,23.2,1,0,0,0,1
32,2,11.7,193,159,22.7,1,0,0,1,1
36,4,8.8,198,163,29.6,0,0,0,1,0
41,32,11.6,264,113,35.4,1,0,1,2,2
30,7,12.3,253,121,39.2,1,1,1,1,1
72,29,11.9,214,124,43.0,0,0,0,0,1
66,9,11.3,181,124,35.5,0,1,1,0,2
35,5,5.9,210,119,29.9,1,1,0,0,0
75,21,11.1,200,170,30.0,0,0,0,0,1
78,17,9.6,112,128,33.9,0,0,0,1,1
52,14,13.7,248,162,33.0,1,0,0,1,1
54,32,10.7,199,166,35.7,0,0,0,2,1
54,15,10.7,164,118,32.1,1,0,1,1,2
32,21,13.9,151,138,20.5,1,0,1,0,2
33,14,6.3,185,116,32.0,0,0,0,0,0
59,16,7.8,298,126,19.6,1,0,1,0,2
62,1,11.1,146,125,23.7,0,1,0,0,1
58,18,8.2,191,147,29.1,1,0,0,0,2
33,34,8.4,159,156,33.3,1,0,0,0,1
43,26,13.1,154,119,23.8,1,0,0,0,1
50,21,10.4,126,133,26.2,1,0,0,1,1
36,1,6.4,157,159,28.7,0,1,0,0,0
50,27,8.1,164,177,24.1,1,1,0,0,1
36,11,6.1,106,152,45.0,1,0,1,0,1
30,14,10.2,224,146,39.9,0,0,0,0,1
63,28,7.0,141,154,40.1,1,0,0,1,1
52,27,12.8,252,163,33.8,1,0,0,2,2
32,22,10.4,219,152,44.0,0,1,0,0,1
47,21,6.0,257,177,38.0,1,1,0,0,1
72,24,8.1,126,146,27.6,1,1,0,1,1
41,19,10.7,146,150,34.9,0,1,1,0,2
43,24,8.4,190,110,33.1,0,0,0,0,1
70,26,9.9,99,125,34.1,1,0,0,1,2
57,25,13.2,293,146,40.3,0,0,0,0,1
71,29,8.5,170,146,32.2,1,0,0,0,1
74,10,8.4,263,116,37.9,1,0,1,0,2
53,11,12.5,179,149,25.5,1,0,1,0,1
53,24,8.2,222,160,43.2,0,0,0,0,1
32,24,6.2,222,173,21.2,0,0,0,0,0
38,12,7.0,209,131,44.8,0,0,1,1,1
53,7,13.6,191,152,35.4,1,1,0,0,1
31,17,13.4,116,171,31.2,1,1,0,0,2
69,6,7.4,94,163,27.1,0,0,1,1,0
57,12,10.2,150,136,29.5,0,0,1,1,2
36,15,6.7,225,138,39.3,1,1,0,0,0
38,32,11.2,248,125,22.6,1,0,0,1,1
74,23,7.1,186,120,25.6,0,0,0,1,0
68,7,5.9,238,130,22.2,0,0,0,1,0
68,31,12.5,110,118,30.1,1,1,1,0,2
62,29,8.3,140,136,29.1,0,1,0,0,1
63,28,6.4,168,132,35.9,1,1,0,2,1
50,12,12.6,148,160,44.9,1,0,0,0,1
58,27,12.0,91,112,42.2,1,0,0,2,2
56,4,11.3,247,125,41.9,0,0,0,0,0
46,21,13.2,147,117,35.8,0,0,0,1,1
71,9,9.7,298,151,26.0,1,0,1,0,2
76,34,6.6,109,144,29.0,1,0,1,0,1
77,21,6.0,257,157,25.5,1,0,1,1,2
52,23,8.2,246,163,22.5,1,1,0,1,1
74,24,6.2,222,145,30.3,0,0,1,0,1
50,10,10.1,178,115,42.3,0,1,0,0,1
37,6,5.6,227,121,38.3,0,0,1,0,0
38,21,9.3,278,168,44.6,1,0,0,0,2
62,29,7.0,194,174,24.1,0,0,1,0,0
33,21,8.6,201,159,32.0,0,1,0,2,1
47,22,11.2,218,152,39.6,1,0,1,1,2
61,5,8.5,264,152,31.0,1,0,0,1,0
59,15,8.4,187,158,28.2,1,0,0,1,1
54,19,13.9,274,164,40.2,1,0,0,2,2
62,16,11.6,103,159,30.2,0,0,0,1,1
64,23,9.9,242,130,42.7,0,0,0,1,1
71,4,10.4,110,122,26.0,1,0,0,0,0
63,21,10.8,105,151,42.3,1,1,0,1,1
79,24,5.7,291,124,26.2,0,0,0,1,0
31,26,6.2,249,159,26.5,0,0,1,0,0
42,2,11.0,262,110,29.9,0,0,1,0,1
70,8,8.6,153,160,32.4,1,1,0,0,0
52,9,6.0,173,143,29.9,1,1,0,0,0
52,2,8.0,162,151,41.4,0,0,0,0,0
60,14,6.6,149,171,39.7,0,0,0,1,0
31,20,13.3,187,141,27.1,1,0,0,1,1
31,2,7.2,236,170,32.3,1,1,1,0,1
34,4,6.7,136,163,30.2,0,1,1,0,0
43,14,10.8,281,167,20.5,1,1,1,1,2
52,21,9.9,247,133,38.5,0,0,0,0,0
64,15,10.4,136,136,23.7,0,0,0,2,1
75,20,9.2,122,130,43.3,1,0,1,0,2
30,6,9.5,299,127,29.3,1,0,0,0,0
70,28,12.1,110,164,35.2,0,0,0,0,1
77,2,7.4,184,177,40.3,1,0,0,1,0
78,28,8.9,152,156,23.7,1,0,0,0,0
69,34,13.6,131,163,33.1,1,1,0,1,1
44,14,7.1,278,127,25.2,1,1,0,2,1
59,9,8.0,194,173,32.3,0,0,1,0,1
50,23,7.1,215,158,34.1,1,1,0,2,2
37,22,5.7,204,144,23.4,0,0,1,1,1
36,5,7.8,132,148,34.1,0,1,1,0,1
70,29,5.9,157,167,30.8,0,0,1,1,1
63,34,6.8,115,166,32.6,1,1,1,0,2
71,4,8.6,250,115,42.5,0,0,0,1,0
66,9,5.7,197,129,31.6,0,0,0,2,1
77,14,11.9,122,159,31.4,1,0,1,2,2
61,5,12.3,138,118,31.2,1,0,0,0,0
62,27,9.0,173,123,35.2,1,1,0,0,1
35,11,13.9,130,132,28.6,1,1,0,2,2
71,30,11.3,289,157,39.8,1,1,1,1,2
39,34,11.8,125,165,26.4,1,1,1,1,2
55,24,7.1,289,149,26.8,0,0,0,1,0
74,16,12.6,184,178,34.3,1,0,1,1,2
55,30,13.5,208,148,25.8,0,1,0,1,1
48,24,7.5,239,152,21.3,1,0,0,1,1
64,3,11.3,264,140,24.3,1,0,0,0,1
74,29,11.8,172,179,42.8,1,1,1,1,2
33,12,8.1,109,112,19.3,1,0,0,1,2
54,27,9.5,176,113,22.5,1,0,0,2,2
37,29,6.3,241,136,38.7,1,0,0,2,1
41,2,7.0,215,136,44.5,0,1,0,0,0
53,29,6.0,260,156,36.9,1,1,0,1,0
53,9,10.3,189,169,43.0,0,1,0,2,2
46,28,10.8,162,145,41.2,0,1,0,0,0
54,23,13.3,105,155,31.5,1,0,0,2,2
62,13,10.1,116,170,27.7,1,0,1,1,2
56,5,7.7,134,151,35.4,0,0,0,0,0
31,32,6.0,254,116,32.9,1,0,1,1,1
38,28,13.0,102,139,19.7,1,0,1,2,2
62,15,9.6,268,159,43.9,1,0,0,0,1
48,24,11.8,91,156,33.8,0,0,0,1,1
78,32,5.6,165,149,41.7,1,0,0,0,0
34,21,9.6,194,114,38.1,1,0,1,0,2
76,5,8.3,186,179,27.9,0,0,0,0,0
49,28,5.8,176,167,42.4,1,0,0,0,1
53,32,12.1,148,153,39.6,0,0,1,2,2
60,23,9.9,103,141,30.2,0,0,1,1,2
73,16,8.3,192,149,40.9,0,0,0,1,1
33,10,12.3,266,166,26.1,0,0,0,0,0
61,29,9.3,119,120,36.4,1,0,0,1,1
76,27,5.5,199,149,22.0,1,0,0,0,0
64,24,13.5,187,156,41.5,1,1,0,1,2
43,23,7.7,98,111,38.0,0,0,0,0,0
65,3,12.6,296,161,23.0,0,0,0,0,0
35,14,12.4,113,158,19.6,0,0,0,2,1
46,4,6.9,201,168,29.1,0,1,0,0,0
47,32,9.5,130,147,36.6,1,1,1,1,2
37,20,5.8,277,125,26.4,0,0,0,0,0
41,17,8.5,121,136,44.3,0,0,1,0,2
46,29,11.7,264,137,43.3,1,0,0,0,1
60,32,7.5,110,175,34.5,1,0,0,2,1
30,4,6.5,259,154,27.2,0,0,0,2,0
40,24,9.8,159,142,42.3,1,1,0,0,1
71,2,10.1,200,169,39.9,0,1,0,1,0
45,14,11.2,178,159,21.2,1,0,0,1,1
66,34,12.0,91,155,31.4,0,0,0,0,1
78,2,11.4,248,144,44.5,1,0,0,0,0
57,6,12.7,145,150,30.8,0,0,0,1,0
38,22,7.4,247,167,43.3,0,1,0,1,0
37,5,10.3,280,164,44.4,1,0,0,0,1
54,22,8.6,104,114,29.1,0,0,0,1,0
39,11,13.7,107,114,44.1,0,0,0,2,1
69,31,9.2,121,131,22.6,0,0,0,0,1
32,29,13.7,103,143,23.2,0,0,1,0,1
52,33,12.0,279,174,26.2,1,1,0,2,2
52,22,11.6,299,168,31.2,1,0,0,0,1
73,27,9.7,141,126,23.7,0,0,1,1,1
33,8,9.3,111,160,27.8,0,1,1,1,1
79,6,10.0,103,158,21.7,1,1,0,0,1
52,25,8.0,295,118,30.2,0,0,0,0,0
38,34,13.2,123,124,40.5,1,0,0,1,1
33,9,12.3,175,138,34.5,0,0,1,0,1
63,31,12.3,297,162,40.1,0,0,0,2,1
68,19,9.2,145,134,22.5,1,0,0,0,1
47,1,6.1,270,137,29.4,1,1,1,0,0
63,24,11.3,266,132,20.0,1,0,0,0,1
63,34,8.7,152,112,28.6,1,0,0,1,1
71,17,12.9,233,142,35.0,0,0,1,1,2
32,34,12.1,169,178,33.8,0,0,1,1,1
48,13,6.7,129,126,20.6,0,1,0,0,0
63,25,10.6,127,176,20.6,0,0,0,1,0
55,12,11.4,235,176,26.9,1,0,0,2,2
64,21,10.3,112,143,39.1,0,0,0,1,1
70,1,9.9,199,117,19.5,1,0,0,0,1
72,6,7.4,137,154,35.0,0,0,0,2,0
60,11,7.5,171,169,23.8,1,1,1,0,2
72,16,12.0,263,165,43.6,0,0,1,1,1
56,22,5.7,202,179,30.2,1,0,1,2,2
32,11,12.1,111,131,20.2,1,0,1,1,2
66,26,10.0,214,142,37.6,1,0,0,1,2
41,26,13.5,143,159,31.6,0,1,0,2,2
76,21,14.0,129,155,41.9,0,0,0,1,1
52,26,11.1,119,161,35.9,1,0,0,0,2
46,15,9.0,272,175,37.0,1,0,1,0,2
45,11,9.5,273,130,38.9,1,0,0,0,1
46,9,7.2,131,133,29.9,0,0,0,1,0
44,23,6.3,259,157,39.6,0,1,0,0,0
55,4,10.4,279,122,20.3,1,0,1,2,2
74,30,12.3,299,173,38.9,1,1,0,0,2
31,28,7.7,216,114,35.5,0,1,1,1,0
46,25,9.1,270,127,33.7,1,1,0,2,2
30,22,10.2,171,146,27.3,0,0,0,1,1
59,25,13.2,142,163,22.0,1,0,0,0,2
61,26,6.7,281,141,35.8,1,1,1,2,2
59,29,7.5,90,137,31.3,0,0,1,0,1
71,32,13.3,195,154,24.7,0,1,1,0,1
33,26,5.8,296,137,20.1,1,0,0,0,0
71,28,11.1,286,174,33.0,1,0,0,1,2
73,20,10.9,116,179,22.3,1,1,0,1,1
61,2,8.8,106,151,43.2,0,0,1,0,0
64,23,9.5,152,142,22.9,1,1,0,2,2
30,5,12.8,217,125,19.8,1,0,0,0,0
48,21,6.9,258,122,25.8,1,0,0,0,1
62,22,7.5,210,130,23.5,0,1,0,0,0
48,11,9.9,275,168,39.6,0,0,0,1,1
65,30,9.0,211,156,26.5,0,0,0,0,1
56,28,10.4,274,148,25.4,0,0,1,0,2
42,17,13.3,216,152,44.9,1,0,1,0,2
56,21,13.3,255,136,22.9,0,0,0,0,1
75,25,7.5,211,146,21.2,0,0,1,0,1
43,24,8.1,155,112,26.9,1,0,0,0,1
53,30,6.9,262,116,29.5,0,0,1,0,0
64,21,13.4,112,167,38.8,1,1,0,1,2
48,6,8.9,237,129,43.8,0,1,1,0,1
54,21,9.3,125,174,38.9,0,0,1,0,2
40,8,12.3,259,123,37.9,0,1,0,0,0
38,5,9.9,239,158,44.8,1,1,1,0,1
35,10,6.5,277,146,38.9,1,0,0,0,1
65,31,9.2,100,115,22.6,1,1,1,0,2
66,30,10.9,117,115,31.0,0,0,0,0,1
58,21,11.6,134,137,32.1,0,1,1,0,1
38,27,11.0,213,122,26.9,1,1,0,1,1
62,32,6.5,211,122,23.3,1,1,0,0,1
52,26,8.1,239,119,37.5,1,0,1,0,2
44,4,11.7,170,148,26.2,1,0,1,0,1
40,27,13.0,280,132,35.2,1,0,1,1,2
52,27,5.9,248,146,27.4,0,0,1,0,0
55,6,5.9,100,117,32.2,0,0,0,0,0
30,18,11.0,125,169,27.8,0,0,1,1,1
59,26,10.2,167,114,29.7,0,0,1,0,1
46,24,6.8,124,136,38.0,0,0,0,1,0
76,7,10.2,216,128,42.0,0,0,1,1,1
75,14,13.8,240,152,32.2,1,0,1,2,2
70,13,10.9,118,152,34.9,1,0,1,1,2
52,26,9.3,240,144,41.5,0,0,0,0,0
65,2,12.5,213,164,22.7,0,0,1,1,1
70,23,7.3,105,170,23.2,1,1,1,1,1
34,28,9.0,192,156,28.3,1,1,0,0,2
64,1,10.0,173,165,27.0,0,0,1,0,1
79,32,9.8,236,127,44.6,1,0,0,0,1
38,12,13.3,185,174,33.7,0,1,0,0,1
33,26,8.0,280,162,32.6,0,1,0,0,0
36,31,6.0,139,120,34.0,0,0,0,1,0
30,12,13.3,290,110,41.8,0,0,0,2,1
45,29,7.3,132,117,25.3,1,0,0,0,0
54,5,8.7,108,128,32.3,1,0,0,0,1
35,7,10.0,202,164,26.0,0,1,0,2,1
67,16,13.8,210,125,39.3,0,0,0,0,0
43,32,10.0,107,175,39.2,0,1,1,0,1
66,17,9.3,223,121,43.9,0,0,1,0,2
40,21,10.5,124,171,30.6,0,0,0,0,0
30,27,13.8,103,167,23.1,0,0,1,1,2
71,15,12.5,153,130,42.3,0,0,1,2,2
30,23,6.9,226,146,42.2,1,0,1,1,1
65,8,12.3,252,114,25.1,0,0,0,2,1
37,25,12.6,91,179,26.2,1,0,0,0,0
61,11,11.4,95,141,27.1,0,0,1,1,2
62,21,11.1,188,176,30.7,1,0,0,0,2
37,10,9.2,210,119,40.6,0,1,0,0,1
43,9,11.0,242,178,22.8,0,0,0,0,1
53,1,11.8,162,171,37.2,0,0,0,2,1
78,22,6.5,267,146,28.2,1,0,0,1,0
70,6,7.7,224,156,24.1,1,1,0,0,0
58,30,7.1,152,158,27.8,1,1,0,0,0
54,34,12.7,245,133,32.9,0,0,0,1,0
35,13,11.3,91,135,43.0,0,0,0,2,1
30,22,9.3,154,164,35.3,1,0,0,1,1
52,6,12.5,190,116,34.8,1,0,0,0,1
70,24,11.6,276,150,21.8,0,0,0,0,1
62,21,13.3,241,111,21.1,0,1,0,0,1
43,23,6.2,279,139,22.4,1,0,1,0,1
57,5,9.8,288,129,21.5,0,0,1,0,0
58,7,11.5,127,165,34.0,0,0,0,0,0
72,3,7.3,151,133,30.8,0,0,0,1,0
69,13,8.3,282,121,19.1,0,1,0,2,1
52,12,9.1,208,124,28.1,1,1,0,2,2
73,6,12.3,268,157,22.3,1,0,1,1,2
67,34,9.7,141,170,44.7,1,0,0,0,1
78,15,9.7,199,137,31.0,1,0,0,0,2
72,18,9.2,163,112,30.1,1,1,0,2,2
39,3,7.4,187,125,35.7,0,0,1,0,0
56,22,13.3,152,145,28.3,0,0,1,0,2
37,28,8.2,228,113,37.6,0,1,0,0,0
73,12,10.3,137,118,42.5,1,1,0,0,1
33,1,6.8,190,121,32.0,1,0,0,0,0
50,30,9.2,271,153,29.0,1,1,1,0,2
50,23,13.2,267,175,32.6,0,0,0,1,1
59,28,14.0,163,128,34.7,0,0,0,0,1
42,5,8.6,127,122,41.0,0,1,1,0,1
32,10,6.8,225,164,29.3,1,0,1,0,2
49,5,8.2,95,174,20.3,0,1,0,0,0
65,14,8.3,157,179,35.4,1,1,0,0,2
69,24,11.0,286,112,44.7,0,1,1,0,2
34,28,9.7,223,134,41.2,0,1,1,0,1
51,21,12.0,200,161,38.7,0,0,1,1,2
31,12,11.5,121,125,23.6,1,0,0,0,2
54,20,7.6,127,152,38.5,0,0,1,0,1
69,32,12.2,204,165,21.1,0,1,0,2,1
53,21,12.7,274,177,31.8,0,0,0,1,1
34,17,10.6,198,117,28.6,0,1,0,2,2
45,1,13.4,153,153,42.5,0,1,0,0,0
44,28,12.2,143,147,23.2,1,0,0,0,1
42,2,10.6,202,132,39.5,1,0,0,0,1
40,17,13.2,103,115,20.3,0,0,0,1,0
45,14,10.6,153,152,37.2,1,0,0,0,1
47,14,9.9,267,153,26.6,0,1,1,0,2
54,18,8.5,264,132,44.4,0,0,0,1,1
76,34,13.0,143,125,36.5,1,1,0,1,1
67,1,6.5,108,118,27.0,0,0,0,2,0
69,18,9.5,292,118,25.1,1,0,1,2,2
33,34,10.1,256,167,35.6,1,0,0,1,1
77,23,10.2,282,174,26.1,0,1,1,0,2
50,16,11.0,215,168,23.9,1,0,0,0,1
40,19,9.8,149,132,35.8,0,1,0,0,1
63,6,7.7,250,178,37.8,0,0,1,0,0
59,24,12.8,121,128,25.2,0,0,0,0,0
33,17,11.1,125,144,32.9,0,0,0,0,0
43,16,12.8,241,164,36.3,1,0,0,0,1
40,6,7.8,260,149,43.5,1,0,1,2,2
33,16,10.9,288,123,39.9,1,0,1,2,2
55,9,11.6,288,122,29.9,0,0,0,1,1
32,29,8.8,135,162,41.0,1,0,0,0,1
66,4,12.4,264,148,30.5,1,0,1,2,2
67,26,5.5,286,174,22.4,0,0,0,0,0
70,26,10.6,103,165,27.9,1,1,0,1,1
33,14,10.7,262,149,39.9,0,0,0,2,1
55,24,10.0,269,155,43.9,1,0,0,0,0
68,8,10.9,207,116,44.6,1,1,1,2,2
74,25,6.9,139,154,35.6,1,0,1,0,1
71,4,11.3,154,131,31.4,1,0,0,2,2
73,15,8.4,166,116,23.2,1,0,0,0,2
71,16,9.3,153,161,21.7,1,1,1,0,2
40,11,8.3,112,177,32.5,1,0,0,1,1
40,28,9.5,214,179,37.9,0,0,0,0,1
67,7,10.8,173,176,27.4,1,0,0,0,1
67,24,12.6,288,112,36.5,1,0,0,1,2
49,31,9.6,159,167,33.8,0,1,0,0,0
55,4,8.2,276,176,43.5,1,1,1,2,2
67,6,9.6,162,163,24.4,1,0,1,0,2
41,33,11.4,181,118,34.4,0,0,0,0,0
58,32,8.4,163,163,29.8,0,0,0,1,1
43,17,9.0,271,160,25.8,1,1,0,0,1
79,32,10.3,288,125,28.3,0,0,0,0,0
54,14,8.0,243,121,26.7,0,1,1,0,1
71,19,7.3,133,129,32.7,0,0,0,1,0
71,24,6.7,165,162,33.5,1,1,0,1,1
68,11,8.5,230,140,41.5,1,0,0,0,1
55,7,5.9,271,130,39.3,1,0,0,2,1
39,24,10.5,208,112,26.9,0,0,1,1,2
43,24,7.0,129,130,43.2,1,1,0,1,1
34,14,8.7,93,137,41.6,0,0,0,2,2
51,24,7.8,270,114,35.3,1,0,0,0,1
40,11,10.9,218,178,19.5,0,1,1,1,1
58,8,12.7,95,156,24.4,1,1,1,1,1
36,15,10.9,144,129,39.5,0,1,1,0,2
47,2,10.1,155,147,30.8,0,0,0,1,0
60,24,11.2,207,146,22.3,0,1,0,2,2
72,10,5.8,235,167,29.6,0,1,0,1,0
49,32,6.5,118,126,24.5,0,1,0,0,0
64,17,6.3,142,151,42.2,1,1,0,0,0
36,10,6.3,250,141,42.1,0,0,1,1,1
59,22,7.7,220,171,29.1,1,0,1,1,1
33,6,10.0,237,130,22.6,0,0,0,1,0
59,27,6.5,221,142,28.3,1,1,0,0,1
59,20,13.4,171,176,22.3,0,0,0,0,0
59,1,12.8,225,115,26.9,1,0,0,1,1
47,17,13.8,194,175,39.1,1,1,1,1,2
72,1,5.9,175,141,26.6,0,0,1,1,0
75,15,12.7,172,173,33.1,1,1,0,2,2
39,1,12.3,245,135,22.1,1,1,0,0,1
43,17,13.2,283,171,28.0,1,0,0,0,2
65,2,10.0,162,114,20.0,0,1,0,1,0
52,18,12.2,188,120,33.3,1,0,0,2,2
41,12,5.9,115,158,28.0,1,0,1,1,1
41,29,6.1,123,171,41.7,1,1,0,0,0
63,23,6.5,160,169,29.2,1,1,0,1,0
55,9,13.3,183,111,33.5,0,0,0,1,1
35,8,6.0,266,168,44.4,1,0,1,1,1
66,16,6.4,178,134,35.7,1,1,0,0,1
44,23,13.4,266,177,32.0,0,0,1,0,1
71,29,6.4,290,151,21.6,0,0,0,0,0
68,10,12.9,116,164,40.3,1,1,0,1,2
48,12,12.2,282,147,35.7,0,0,1,0,2
69,12,5.8,122,152,21.8,1,0,0,1,0
76,30,5.7,161,179,25.4,1,0,1,0,1
52,10,10.0,138,162,33.0,0,1,0,0,1
65,14,14.0,152,130,20.2,1,0,0,0,2
42,4,13.0,249,129,37.7,1,0,0,0,0
60,20,8.1,108,128,24.9,0,1,1,0,2
66,7,8.8,267,142,31.7,1,0,1,0,2
55,30,8.8,111,172,25.3,0,0,0,2,1
72,24,11.7,179,177,31.7,0,0,0,2,2
77,10,8.4,156,169,23.9,0,1,0,1,0
47,17,6.8,226,128,34.4,0,0,0,0,0
76,21,11.9,252,137,42.7,1,0,0,1,1
62,3,9.4,160,131,40.0,1,0,0,0,1
69,1,6.2,168,160,25.3,0,0,0,0,0
61,18,12.2,221,172,32.0,0,1,1,1,2
33,2,10.5,126,171,30.0,0,0,0,1,0
70,4,9.7,117,138,44.1,1,1,1,0,1
48,32,11.2,226,141,39.8,1,1,0,1,1
36,19,9.8,124,134,21.8,1,1,0,0,1
76,20,11.0,201,125,23.4,1,0,0,0,2
64,7,12.9,242,124,37.3,0,0,0,1,0
55,9,10.7,98,168,23.2,0,1,0,0,1
73,7,11.1,278,157,43.7,0,0,0,1,0
52,27,10.7,141,127,44.8,1,1,0,0,1
63,21,10.0,234,132,39.2,1,0,1,0,2
36,24,7.0,293,164,19.7,0,0,0,2,1
40,32,8.4,98,151,31.6,0,0,1,0,2
37,12,11.4,143,112,29.6,1,0,0,1,1
42,23,9.1,222,161,39.8,0,1,1,0,2
61,29,9.0,280,120,26.5,0,1,1,0,2
70,3,12.0,213,164,29.0,0,1,1,0,1
63,8,5.5,264,134,21.4,0,0,0,0,0
47,34,11.3,198,150,27.9,1,0,0,0,1
44,14,9.7,236,146,44.3,0,0,0,0,1
72,32,8.7,155,164,43.5,1,1,0,2,2
53,7,8.4,134,118,38.5,0,0,0,1,0
76,10,7.0,160,145,42.6,1,1,0,0,1
50,12,8.3,290,166,24.5,1,0,1,0,2
47,23,8.8,195,172,35.2,0,1,0,2,1
43,11,9.2,122,129,32.0,0,1,0,0,1
48,13,11.2,207,156,30.0,0,1,0,0,1
42,12,9.4,169,129,27.4,0,0,0,0,0
45,7,12.3,260,115,41.5,1,0,0,2,2
31,10,10.9,177,138,31.6,0,0,0,0,0
63,7,7.1,289,158,37.8,0,0,1,0,0
78,27,7.9,183,115,37.4,1,1,1,1,1
55,7,6.2,243,148,22.5,1,0,0,2,0
51,24,13.5,134,141,20.3,0,1,1,1,1
49,23,13.0,124,158,40.8,0,0,1,0,1
58,25,6.2,170,152,31.7,0,0,0,2,1
47,33,10.4,270,137,40.1,0,0,0,0,1
58,7,13.7,191,154,26.7,0,0,1,1,1
71,30,11.9,99,174,41.4,1,0,0,0,1
73,31,9.7,130,159,40.6,0,0,1,1,1
56,21,7.5,203,163,28.9,1,1,0,0,0
64,34,7.9,215,160,29.7,0,0,0,0,0
58,21,11.8,106,152,28.1,1,1,0,0,2
35,20,12.1,216,173,19.9,0,0,1,0,2
66,34,10.0,160,139,36.9,1,1,0,1,2
54,8,6.5,283,151,26.1,0,0,1,1,0
50,32,13.4,100,147,42.0,0,0,0,2,1
60,30,12.7,152,175,42.3,1,1,1,0,2
69,29,6.7,284,178,37.8,0,0,0,0,0
79,5,6.0,263,124,23.7,1,1,1,2,1
45,30,10.1,109,170,21.3,1,0,1,1,2
43,12,7.9,230,115,40.2,0,1,0,1,0
35,27,7.9,106,133,42.2,1,0,0,0,0
40,13,6.2,249,123,28.2,0,0,0,0,0
56,10,13.6,187,121,28.2,0,1,0,0,1
67,31,12.6,174,164,29.1,1,0,0,0,1
34,16,6.5,105,177,40.5,1,0,1,1,2
44,26,13.0,112,153,37.4,0,0,0,1,1
67,20,11.3,228,160,22.2,1,1,0,0,1
45,34,8.3,213,147,35.5,0,0,0,1,0
47,8,12.9,231,150,19.3,1,1,0,2,1
62,4,10.6,284,153,37.5,0,1,0,1,0
64,29,12.7,160,125,38.9,0,0,0,0,1
53,31,9.5,262,159,40.2,0,0,1,0,1
64,2,9.8,292,147,35.3,0,0,0,1,0
36,25,8.0,122,114,23.7,1,1,0,0,0
43,3,8.8,134,118,39.6,0,0,0,1,0
79,5,10.3,271,148,42.4,1,0,0,0,0
59,22,13.6,140,136,35.5,1,0,0,1,1
53,16,10.6,204,141,26.2,0,0,1,0,2
44,9,6.8,213,173,23.7,0,0,0,0,0
42,9,5.6,176,142,25.0,0,1,0,1,0
48,12,12.7,240,127,19.4,0,1,0,1,0
58,4,8.6,118,176,19.3,0,0,0,1,0
51,18,8.2,95,114,26.7,0,1,0,0,1
31,18,12.3,256,168,43.0,0,1,0,1,0
68,33,13.5,222,113,35.2,1,0,0,0,1
42,3,11.9,185,125,29.0,0,0,0,2,1
65,17,7.0,257,157,19.3,1,1,1,2,2
67,12,8.8,179,175,44.7,0,1,0,0,0
47,11,12.0,295,117,30.9,1,1,0,0,1
44,17,13.2,171,153,44.8,0,0,1,0,2
64,6,14.0,110,130,37.7,0,0,0,1,0
46,6,9.8,148,135,20.3,1,0,0,2,1
77,32,12.5,237,144,41.3,0,0,0,1,1
42,11,5.9,113,124,32.8,0,0,1,0,1
51,13,7.9,220,149,30.8,1,0,0,0,1
69,13,8.7,175,139,38.7,1,0,0,0,1
50,34,13.8,161,175,39.1,0,0,0,1,1
55,3,5.5,199,122,39.7,0,1,0,2,0
75,32,8.1,146,110,38.8,0,0,1,1,1
33,4,13.4,199,152,35.7,0,0,1,1,1
36,1,8.1,182,137,36.6,1,0,0,0,1
39,9,7.4,160,110,41.3,1,0,0,1,0
44,7,11.7,159,149,37.0,0,1,1,0,1
55,27,11.8,159,143,21.6,0,1,0,2,1
45,3,9.5,165,122,35.8,1,0,1,0,2
69,22,13.5,280,170,23.4,0,1,0,1,0
63,16,7.2,136,175,19.4,0,0,0,1,0
46,8,13.3,178,113,24.6,0,0,0,1,0
67,5,11.9,108,122,23.0,0,0,0,0,0
45,30,8.6,230,145,21.7,0,1,0,0,1
63,28,12.4,134,170,24.6,0,0,1,1,1
58,27,6.6,249,167,33.7,1,0,0,2,2
47,22,6.6,247,124,22.9,1,0,0,0,0
40,30,13.4,174,121,26.3,0,0,0,0,0
41,7,6.3,215,178,41.1,1,1,0,0,0
66,30,5.5,259,170,42.1,1,0,0,1,0
31,13,8.8,198,151,27.7,0,0,1,2,2
47,22,6.4,197,141,42.4,0,1,0,1,0
67,11,12.8,161,111,34.2,1,0,1,0,2
62,5,13.3,259,117,24.9,1,1,0,1,1
38,22,9.6,224,163,38.6,0,0,0,0,0
44,15,9.1,220,117,43.0,0,0,0,0,0
57,31,10.1,126,122,36.1,0,0,1,0,2
37,29,7.4,92,138,24.2,1,1,0,1,0
75,17,8.0,235,122,21.2,0,0,1,2,1
65,6,6.4,213,167,25.0,0,1,0,0,0
68,17,9.3,259,172,27.8,1,1,1,0,2
37,34,10.7,226,156,27.7,0,1,0,1,1
71,23,13.4,274,147,32.0,0,1,0,0,1
79,30,11.8,241,178,32.1,1,0,0,0,2
79,13,11.6,96,178,31.3,0,0,0,0,0
48,30,8.1,186,149,27.9,0,0,0,0,0
33,20,13.1,259,110,21.8,1,1,0,1,1
56,6,13.5,187,111,29.9,0,0,0,0,0
42,31,13.4,191,138,44.6,0,1,0,0,1
67,19,5.8,275,116,36.0,1,1,0,0,0
50,6,10.6,191,166,30.4,0,0,1,1,1
55,34,11.0,145,164,21.2,0,0,0,0,1
74,28,8.0,275,145,24.5,0,1,1,2,2
52,13,13.9,235,116,33.9,0,0,1,0,1
59,10,8.0,256,119,31.9,1,1,0,0,0
60,7,7.3,139,148,19.5,1,0,0,0,0
60,18,9.6,250,167,21.2,0,1,0,0,1
45,22,8.2,117,149,28.3,0,0,0,0,0
71,14,13.4,273,123,22.7,0,1,0,2,1
70,8,9.2,114,110,43.9,0,0,1,0,1
36,12,9.0,231,126,19.9,1,0,1,0,2
46,33,10.8,272,158,44.3,1,0,1,0,2
53,24,6.2,173,125,36.1,0,1,0,1,0
49,14,11.9,224,116,29.6,0,0,1,0,2
68,5,12.0,221,124,33.0,0,1,0,0,0
56,19,9.5,247,130,29.7,1,0,1,0,2
31,3,13.6,151,175,33.9,0,0,0,1,0
30,1,10.4,274,168,23.0,0,0,0,0,0
63,33,11.4,254,157,22.1,1,1,0,0,1
56,17,13.4,272,159,32.7,1,1,0,0,1
66,9,11.2,174,119,20.9,0,0,0,0,1
79,31,9.2,154,161,26.6,0,1,1,1,1
35,3,5.7,141,177,43.1,0,0,0,1,0
67,13,11.7,92,139,41.8,0,0,0,2,2
56,14,13.7,166,143,40.6,1,0,0,2,2
77,6,9.5,224,174,32.2,1,0,0,0,0
45,29,8.4,159,169,19.7,1,0,0,1,2
64,9,9.9,159,117,22.2,0,0,1,1,2
56,23,11.7,251,174,42.9,1,1,0,0,2
64,15,5.5,185,178,40.7,0,0,1,0,1
65,7,13.0,105,166,28.8,0,1,0,0,0
67,25,13.0,225,154,38.0,1,0,1,2,2
57,23,10.1,238,158,41.2,1,0,0,1,2
32,11,6.5,210,171,35.1,0,0,1,0,1
70,8,11.2,100,148,41.2,0,1,0,1,0
60,1,6.7,139,130,25.4,0,0,0,1,0
32,13,9.8,176,162,31.0,0,0,0,1,1
67,16,6.3,95,154,34.1,1,0,0,1,0
53,13,10.5,199,137,35.4,1,0,1,1,2
55,14,8.2,232,162,44.7,1,1,0,2,2
70,13,12.6,228,118,41.0,1,1,0,1,1
76,12,12.3,244,170,20.4,1,0,0,1,1
57,28,14.0,296,136,23.4,0,0,1,0,2
38,22,7.7,262,131,36.1,1,1,0,1,1
66,20,6.0,255,139,25.3,0,0,0,2,1
56,19,9.3,93,124,23.1,0,1,0,0,1
77,11,6.2,295,124,36.3,1,0,1,0,1
32,30,7.0,262,162,32.9,1,0,0,0,0
70,26,10.6,227,132,39.9,0,0,0,0,1
78,15,10.5,210,179,27.3,0,1,1,1,1
57,30,5.9,271,125,27.6,1,0,0,0,0
61,29,9.3,246,174,22.9,1,0,0,0,1
64,32,10.0,229,154,36.0,1,0,1,2,2
36,30,7.8,273,116,37.4,0,0,0,0,0
36,16,12.9,257,154,22.6,0,0,0,0,1
50,18,6.9,173,148,25.6,0,0,0,0,0
61,28,7.7,254,159,23.0,1,1,0,2,1
67,19,6.8,283,158,38.4,0,0,0,0,1
49,11,6.5,109,157,24.4,0,0,0,0,0
37,17,13.0,101,158,23.0,1,1,0,0,1
33,21,7.9,127,149,20.8,1,1,0,1,1
55,34,11.6,247,148,40.6,1,1,0,1,1
44,33,9.1,136,166,22.2,1,1,1,0,2
35,29,10.9,171,172,19.8,1,1,0,2,2
77,4,13.4,163,165,20.7,0,0,0,0,0
61,32,12.7,288,111,28.5,1,1,0,0,1
34,11,6.1,131,135,34.5,0,0,0,0,1
73,26,12.7,94,132,29.4,0,0,1,1,1
75,18,9.3,265,127,30.8,1,0,0,1,1
35,32,8.5,204,177,42.9,0,1,0,2,1
32,27,11.2,216,169,38.7,0,1,0,1,1
58,16,13.6,188,111,27.9,1,1,1,2,2
48,10,6.3,192,158,23.0,1,0,0,0,1
39,34,12.0,268,147,38.5,1,0,0,2,2
36,33,7.2,229,140,33.9,0,1,1,0,1
74,10,8.7,227,149,44.0,0,0,0,0,0
30,26,12.9,126,162,42.6,0,0,0,0,1
30,25,10.1,214,173,33.7,0,0,0,0,1
46,2,6.1,155,142,20.8,0,0,1,2,1
51,26,9.8,156,167,19.8,1,0,0,0,1
65,20,12.2,103,159,40.8,0,0,0,0,1
43,3,10.0,136,173,37.1,1,1,1,0,2
35,32,6.9,237,112,33.6,0,0,0,1,0
59,1,9.3,198,170,36.9,0,0,0,1,0
75,24,13.4,202,119,33.0,0,1,1,0,2
76,33,11.1,269,175,34.0,1,1,0,2,2
62,17,11.7,157,160,24.9,1,0,1,2,2
49,33,12.2,204,139,30.8,1,0,1,1,2
45,11,6.3,115,134,19.3,1,0,1,1,2
33,23,10.4,136,152,36.4,1,0,0,0,1
63,32,8.7,296,173,27.6,1,1,0,1,1
30,19,6.7,162,168,36.1,1,0,0,1,1
42,12,7.2,92,171,43.1,0,1,0,2,1
77,28,12.1,219,119,34.4,1,1,0,1,1
37,2,6.9,258,173,27.5,1,0,0,1,0
51,10,8.2,119,169,24.4,1,0,0,1,1
33,19,7.9,254,129,25.5,0,1,0,2,1
63,28,5.9,298,158,44.7,1,1,0,0,1
74,8,9.4,92,136,35.0,1,0,1,1,1
66,23,12.0,98,160,30.5,0,0,1,0,2
52,30,5.7,97,166,25.0,0,1,0,1,0
49,28,6.5,98,146,39.1,1,0,0,0,0
53,13,11.6,209,112,29.1,0,0,0,2,1
56,12,10.5,234,138,26.8,0,0,0,0,1
42,10,11.6,241,177,24.8,0,1,0,0,1
34,17,7.5,289,156,23.8,0,0,0,0,0
