quality_assessment,prescreen_result,microaneurysm_count_lvl1,microaneurysm_count_lvl2,microaneurysm_count_lvl3,exudate_count_lvl1,exudate_count_lvl2,macula_center_distance,optic_disc_diameter,retinopathy_risk
1,1,79,53,39,1.67,3.06,0.552,0.159,0
1,1,7,35,47,1.27,19.17,0.529,0.205,0
1,0,56,44,5,1.52,1.99,0.523,0.123,0
1,1,88,28,32,1.67,22.47,0.557,0.16,1
1,1,23,25,4,0.32,7.67,0.555,0.183,0
1,1,46,7,18,3.88,12.54,0.567,0.14,1
1,1,81,72,17,0.09,6.04,0.552,0.163,0
1,0,20,21,2,6.87,26.93,0.443,0.214,1
1,1,7,68,33,7.3,2.74,0.263,0.124,0
1,1,18,43,57,2.55,8.5,0.444,0.175,1
1,1,29,40,1,17.67,0.72,0.577,0.139,0
1,1,90,35,0,7.61,6.55,0.587,0.162,0
1,1,99,29,34,0.66,36.01,0.491,0.156,1
0,1,99,48,50,19.52,0.92,0.478,0.198,0
1,1,25,16,3,9.33,7.07,0.575,0.215,0
1,1,19,29,34,6.09,9.22,0.317,0.175,1
1,1,77,72,7,5.3,26.85,0.26,0.125,1
1,1,96,3,43,4.64,3.53,0.316,0.23,0
1,1,72,75,28,23.14,6.99,0.58,0.128,0
1,1,86,34,35,3.26,43.58,0.285,0.187,1
1,1,44,16,13,0.91,14.65,0.29,0.179,1
1,1,63,6,41,1.74,16.63,0.277,0.143,1
1,1,29,61,48,2.35,15.16,0.394,0.243,0
1,1,52,57,29,1.9,7.24,0.519,0.201,1
1,1,49,43,49,0.15,5.7,0.353,0.17,0
1,1,61,57,6,0.38,2.94,0.24,0.167,1
1,1,41,52,12,0.02,6.27,0.496,0.114,0
1,1,27,71,21,5.68,0.21,0.444,0.217,0
1,1,57,8,56,5.46,1.02,0.392,0.113,0
1,1,30,5,44,0.35,3.39,0.586,0.13,0
1,1,89,18,53,1.89,4.06,0.388,0.125,0
1,1,99,19,1,1.66,12.29,0.493,0.11,1
1,1,58,63,7,3.02,1.88,0.263,0.224,1
1,1,99,26,56,2.22,15.89,0.367,0.236,1
1,1,74,6,20,8.59,16.13,0.285,0.194,1
1,1,11,23,53,10.71,8.84,0.339,0.232,1
1,0,44,7,19,1.15,6.76,0.392,0.201,0
1,1,65,66,10,0.64,6.3,0.27,0.203,1
1,1,67,10,33,9.14,5.46,0.521,0.233,0
1,1,31,65,43,3.48,0.93,0.35,0.114,1
1,1,40,0,4,1.96,10.65,0.559,0.108,1
1,1,97,6,52,0.26,8.61,0.47,0.108,1
1,1,54,23,47,4.66,0.16,0.271,0.163,1
1,1,68,11,29,1.16,2.27,0.457,0.242,0
1,1,4,62,32,0.19,5.73,0.209,0.23,0
1,1,62,71,11,2.94,23.16,0.523,0.217,1
1,1,3,12,4,4.55,46.33,0.59,0.161,0
1,1,40,69,0,0.94,13.92,0.471,0.224,1
1,1,11,23,34,5.27,13.84,0.571,0.133,1
1,1,98,37,58,1.05,5.37,0.318,0.188,1
1,1,36,70,24,0.1,8.46,0.369,0.212,1
1,1,97,9,3,0.81,2.65,0.37,0.114,0
1,1,54,29,8,4.42,13.4,0.245,0.231,1
1,1,44,26,53,5.04,0.62,0.519,0.209,1
1,1,27,29,48,10.0,5.4,0.398,0.18,0
1,1,58,78,43,0.32,17.8,0.396,0.109,1
1,1,6,1,50,15.28,39.05,0.467,0.204,1
1,1,59,7,2,3.69,11.93,0.268,0.167,1
1,1,52,16,29,1.41,2.2,0.524,0.211,1
1,1,39,47,19,2.27,8.46,0.346,0.105,1
1,1,51,63,9,0.29,8.22,0.232,0.186,1
1,1,10,60,19,0.58,33.75,0.276,0.167,1
1,1,95,12,39,10.7,18.34,0.301,0.164,1
1,1,49,20,2,0.56,0.5,0.271,0.178,1
1,1,49,75,10,0.29,2.49,0.297,0.119,1
1,1,95,1,14,4.56,18.45,0.598,0.24,1
1,1,94,22,51,2.41,35.93,0.415,0.206,1
1,1,47,15,27,2.6,3.49,0.441,0.113,0
1,1,83,12,43,0.64,11.74,0.266,0.112,1
1,1,53,3,34,0.23,3.68,0.218,0.132,1
1,0,5,1,6,10.04,0.42,0.324,0.136,0
1,1,49,64,53,2.47,17.69,0.508,0.174,1
1,1,81,25,32,0.58,13.43,0.424,0.18,1
1,0,84,29,41,1.12,0.55,0.204,0.122,1
1,1,2,37,48,0.54,1.57,0.516,0.246,0
1,1,40,19,37,3.25,76.69,0.242,0.224,1
1,1,91,24,18,8.14,10.52,0.376,0.195,1
1,1,27,51,56,2.5,16.12,0.6,0.142,0
1,0,31,9,43,4.84,4.92,0.249,0.237,0
1,1,38,40,28,5.63,7.3,0.526,0.147,0
1,1,87,60,59,6.23,9.67,0.52,0.148,1
1,1,70,1,1,4.65,16.4,0.378,0.153,1
1,0,62,6,43,4.04,4.14,0.595,0.107,0
1,1,18,59,18,3.25,11.16,0.323,0.109,1
1,1,0,60,8,3.21,14.95,0.326,0.171,1
1,0,32,79,59,2.02,16.35,0.261,0.232,1
1,0,32,26,5,3.51,6.92,0.348,0.241,1
1,1,10,0,16,3.26,6.41,0.319,0.216,0
1,1,59,26,1,1.92,1.1,0.442,0.161,0
1,1,86,79,38,1.79,6.89,0.216,0.147,1
1,1,27,59,5,2.95,12.1,0.324,0.132,1
1,1,61,52,13,8.12,25.33,0.202,0.181,1
1,1,46,35,48,1.42,1.34,0.203,0.172,1
1,1,16,79,25,9.33,34.7,0.528,0.17,0
1,1,73,23,17,6.44,2.67,0.5,0.147,1
1,1,71,34,5,1.52,1.93,0.498,0.187,1
1,1,8,32,11,0.07,1.22,0.341,0.191,1
1,0,82,16,37,0.4,46.19,0.48,0.231,1
1,0,7,68,21,10.72,8.23,0.303,0.214,1
1,1,58,34,13,8.22,3.16,0.324,0.149,1
1,1,68,46,12,2.39,3.82,0.425,0.157,0
1,1,77,58,8,0.32,30.01,0.48,0.136,1
1,1,44,60,49,8.33,23.02,0.306,0.126,1
1,1,32,21,41,1.47,4.31,0.472,0.116,1
1,0,37,26,31,15.3,0.66,0.585,0.105,1
1,1,62,71,9,3.7,17.93,0.398,0.163,1
1,1,11,14,26,6.28,24.58,0.363,0.244,1
1,1,66,35,13,3.1,18.17,0.293,0.181,1
1,1,28,56,8,0.14,24.42,0.342,0.211,1
1,1,21,75,8,0.33,8.58,0.412,0.16,0
1,1,33,40,25,18.64,18.3,0.578,0.158,1
1,1,69,44,56,2.66,28.81,0.304,0.119,1
1,1,98,42,31,1.01,22.06,0.293,0.145,1
1,1,38,11,40,6.37,8.85,0.584,0.239,1
1,1,15,67,34,10.69,13.73,0.442,0.174,0
1,1,30,66,25,1.55,12.78,0.494,0.131,1
1,1,48,3,40,4.23,16.24,0.532,0.2,1
1,1,43,64,44,1.41,2.6,0.233,0.161,1
1,1,78,4,41,8.65,0.02,0.394,0.224,1
1,0,45,1,56,0.45,7.13,0.256,0.114,1
1,1,0,45,2,2.33,14.51,0.45,0.178,1
1,1,43,74,29,2.39,1.34,0.581,0.22,1
1,1,83,8,28,5.07,7.61,0.223,0.228,0
1,1,86,7,19,0.98,3.77,0.31,0.159,1
1,1,83,57,3,3.22,18.22,0.6,0.211,1
1,1,95,62,13,4.02,1.06,0.202,0.245,1
1,1,45,60,44,11.08,18.83,0.256,0.193,1
1,1,88,14,51,3.74,9.44,0.232,0.222,1
0,1,71,72,38,0.71,25.19,0.506,0.186,1
1,1,52,41,20,0.53,27.43,0.5,0.219,0
1,0,32,49,6,12.89,16.55,0.511,0.241,1
1,1,44,50,5,19.48,7.55,0.51,0.207,0
1,1,63,24,54,0.91,1.54,0.534,0.123,0
1,1,93,21,39,6.96,2.55,0.509,0.112,0
1,1,2,21,5,1.44,5.41,0.393,0.222,0
1,1,23,73,24,8.95,13.06,0.498,0.139,1
0,1,75,68,3,0.51,7.87,0.439,0.231,0
1,1,30,68,59,2.87,5.77,0.347,0.129,1
1,1,70,65,36,4.53,6.49,0.535,0.237,0
1,1,39,63,56,9.57,13.53,0.515,0.221,1
1,1,80,21,24,9.72,0.35,0.269,0.232,1
1,1,49,12,17,1.02,5.85,0.21,0.135,1
1,1,73,26,33,17.07,8.5,0.326,0.232,1
1,1,14,46,24,5.09,8.88,0.362,0.188,0
1,1,20,20,21,5.38,9.64,0.27,0.113,1
1,1,20,30,55,10.99,0.55,0.542,0.24,0
0,1,59,78,45,1.93,8.16,0.213,0.129,1
1,1,92,37,55,2.68,8.0,0.393,0.132,0
1,1,64,38,55,20.99,19.3,0.222,0.206,1
1,1,20,35,13,0.08,14.27,0.415,0.187,1
1,1,54,64,36,10.09,0.32,0.385,0.235,0
1,1,68,10,10,9.24,8.12,0.512,0.146,1
1,1,78,68,26,1.52,11.74,0.476,0.106,1
1,1,25,33,25,8.62,8.68,0.538,0.249,0
1,1,74,4,51,2.0,11.28,0.418,0.147,1
1,1,54,19,34,4.96,1.24,0.529,0.124,0
1,1,84,62,15,2.96,1.85,0.488,0.248,0
1,1,45,44,51,0.53,8.74,0.512,0.184,1
1,1,61,41,39,11.29,16.13,0.44,0.122,1
1,1,69,12,19,3.94,0.26,0.488,0.225,1
1,1,53,8,14,3.29,5.73,0.361,0.242,0
1,1,3,4,13,10.58,48.35,0.234,0.232,1
1,1,44,37,45,1.99,14.51,0.367,0.13,1
1,1,84,48,7,4.22,5.98,0.269,0.108,1
1,1,53,27,23,10.7,1.03,0.452,0.156,0
1,1,80,42,32,2.1,4.45,0.305,0.153,1
1,1,52,69,15,7.89,1.68,0.583,0.161,0
1,1,94,40,26,3.61,25.36,0.308,0.22,1
1,0,43,43,58,0.86,11.57,0.239,0.101,1
1,1,86,28,27,0.21,19.36,0.552,0.201,1
1,1,95,67,43,6.49,22.78,0.366,0.248,1
1,1,35,78,13,1.52,9.34,0.342,0.16,1
1,1,33,24,8,8.46,0.07,0.554,0.173,0
1,1,51,67,45,1.05,8.12,0.461,0.194,1
1,1,5,13,12,4.19,16.22,0.413,0.143,1
1,0,37,58,50,0.49,3.78,0.331,0.208,1
1,1,85,61,21,6.65,26.28,0.317,0.13,1
1,1,32,16,29,7.26,57.51,0.432,0.11,1
1,1,74,18,31,12.42,7.97,0.401,0.22,0
1,1,54,28,15,4.12,7.58,0.31,0.126,1
1,1,22,77,50,0.56,10.65,0.274,0.21,1
1,1,43,65,24,8.79,8.35,0.527,0.231,1
1,1,99,44,48,1.88,1.75,0.475,0.107,0
1,1,27,70,22,11.49,3.16,0.597,0.206,0
1,1,63,27,36,19.05,2.25,0.406,0.197,0
1,1,47,58,27,0.71,0.75,0.598,0.194,1
1,1,58,53,2,0.43,1.51,0.384,0.144,0
1,1,82,7,59,11.39,35.87,0.414,0.107,1
0,0,58,9,58,11.46,8.1,0.284,0.115,1
1,1,42,20,22,4.4,1.35,0.26,0.141,1
1,1,42,34,32,10.95,12.49,0.576,0.161,1
1,1,76,3,53,13.33,6.48,0.592,0.238,1
1,1,12,52,38,4.05,2.54,0.419,0.203,0
1,1,71,24,24,5.8,28.75,0.309,0.104,1
1,1,42,19,24,4.75,2.54,0.581,0.238,1
1,1,12,70,38,0.96,1.03,0.519,0.208,0
1,0,34,70,20,2.87,2.3,0.272,0.174,1
1,1,90,21,54,5.72,24.3,0.319,0.169,1
1,1,10,48,58,4.71,19.5,0.202,0.24,1
1,1,20,5,30,1.21,22.47,0.433,0.183,0
1,1,71,50,48,12.03,24.79,0.411,0.175,1
1,1,25,26,29,7.66,0.81,0.266,0.216,0
1,1,93,17,38,0.35,12.42,0.336,0.189,1
1,1,85,11,44,2.11,10.92,0.576,0.137,1
1,1,49,27,59,27.06,49.49,0.46,0.25,1
1,1,48,18,44,2.47,12.54,0.545,0.142,1
1,1,73,42,41,5.44,15.7,0.535,0.202,1
1,1,89,14,51,0.53,12.55,0.568,0.173,1
1,1,90,68,33,1.86,9.69,0.217,0.118,1
1,1,85,35,37,10.69,8.05,0.305,0.244,1
1,1,12,41,6,3.57,34.82,0.366,0.15,0
1,1,38,44,26,8.72,27.54,0.456,0.199,1
1,1,54,29,12,0.04,5.76,0.443,0.211,0
1,1,6,38,28,5.49,3.34,0.298,0.159,0
1,1,42,45,22,1.78,7.11,0.277,0.139,1
1,1,41,57,7,9.86,13.71,0.375,0.109,1
1,1,57,29,20,14.42,5.12,0.3,0.243,1
1,1,11,55,12,5.82,7.71,0.586,0.187,0
1,0,12,53,25,0.79,3.55,0.586,0.207,0
1,1,11,36,42,3.16,5.58,0.245,0.17,1
1,1,75,21,9,3.12,31.53,0.482,0.135,1
1,1,37,23,28,8.87,2.42,0.291,0.249,1
1,1,2,68,26,3.09,44.86,0.487,0.245,1
1,1,71,32,55,2.02,2.43,0.507,0.229,1
1,1,61,16,3,4.73,3.85,0.219,0.237,1
1,1,30,61,41,5.21,0.91,0.478,0.186,0
1,1,76,11,30,8.3,13.95,0.559,0.155,1
0,1,71,29,16,11.54,0.18,0.287,0.151,1
1,1,36,12,59,11.03,15.5,0.246,0.24,1
1,1,23,5,7,4.93,8.61,0.427,0.244,1
1,0,91,66,51,3.71,13.81,0.407,0.166,1
1,0,67,10,36,8.08,15.28,0.554,0.191,1
0,1,63,59,19,1.83,1.33,0.38,0.221,1
1,1,15,9,46,7.09,0.22,0.365,0.205,0
1,1,17,74,54,3.53,1.85,0.486,0.23,0
0,1,67,15,9,0.66,4.85,0.231,0.191,1
0,1,39,41,50,6.99,0.76,0.223,0.187,1
1,1,57,43,49,5.23,6.1,0.402,0.156,0
1,1,96,18,57,0.43,3.36,0.236,0.111,1
1,0,44,72,43,2.99,4.52,0.576,0.108,0
1,1,52,14,33,3.33,28.2,0.462,0.123,1
1,1,26,38,38,5.3,12.88,0.501,0.109,0
1,1,35,4,10,5.67,10.73,0.292,0.18,1
1,0,67,30,46,1.06,10.6,0.398,0.161,1
1,1,99,78,11,0.17,8.11,0.254,0.104,1
1,1,12,27,9,7.9,7.19,0.281,0.103,0
1,1,50,37,12,19.98,21.38,0.427,0.178,1
1,1,47,51,53,14.12,0.78,0.312,0.182,0
1,1,59,14,33,3.47,3.4,0.567,0.106,0
0,1,77,18,55,3.76,1.1,0.598,0.2,1
1,1,69,34,29,13.34,0.11,0.202,0.119,1
1,1,50,73,14,3.93,0.14,0.504,0.174,1
1,1,13,14,53,1.63,0.24,0.246,0.124,0
1,1,42,46,7,5.66,11.45,0.43,0.106,1
1,1,2,55,37,3.24,1.18,0.291,0.132,0
1,1,24,19,35,7.69,2.26,0.586,0.17,0
1,1,33,74,39,7.65,5.43,0.55,0.212,0
1,1,69,8,51,13.74,3.14,0.438,0.14,0
1,1,55,4,21,0.74,16.97,0.27,0.203,1
1,1,64,10,4,3.68,9.77,0.513,0.229,1
1,1,59,1,31,7.71,4.05,0.408,0.14,0
1,1,47,51,19,2.85,3.82,0.445,0.178,0
1,1,71,19,22,4.93,11.51,0.487,0.161,1
1,1,80,20,39,8.49,1.87,0.367,0.104,1
1,1,76,50,45,3.21,3.29,0.203,0.159,0
1,1,18,29,53,2.62,4.36,0.346,0.157,0
1,1,34,47,48,1.0,6.06,0.365,0.193,1
1,1,96,0,54,8.7,2.11,0.347,0.23,1
1,1,32,34,51,7.94,1.71,0.532,0.201,0
1,0,41,25,1,6.8,46.01,0.333,0.153,1
1,1,53,8,18,2.5,24.44,0.367,0.167,1
1,1,38,39,25,4.38,7.42,0.225,0.233,1
1,1,63,20,35,0.66,14.51,0.487,0.196,1
1,1,37,79,13,1.92,11.21,0.286,0.158,1
1,1,37,11,6,2.86,0.78,0.294,0.19,1
1,1,72,36,56,0.22,7.3,0.435,0.197,1
1,1,51,70,15,0.55,2.03,0.593,0.172,1
1,1,46,23,9,8.85,8.77,0.364,0.23,1
1,1,64,49,42,17.74,0.64,0.331,0.222,1
1,1,99,53,21,1.94,1.78,0.214,0.179,1
1,1,41,27,25,0.56,15.22,0.515,0.244,1
1,1,54,3,4,13.7,18.53,0.305,0.243,1
1,1,58,11,56,12.29,23.8,0.508,0.245,1
1,1,65,66,11,5.32,22.7,0.313,0.133,1
1,1,73,36,23,2.07,23.75,0.212,0.116,1
1,1,53,3,55,0.6,0.99,0.399,0.193,0
1,1,50,14,23,14.03,10.77,0.562,0.209,1
1,1,22,27,14,12.65,12.07,0.284,0.146,1
1,0,72,36,23,6.8,3.12,0.262,0.181,1
1,1,10,8,23,13.58,49.52,0.274,0.197,1
1,0,35,13,41,0.75,3.37,0.476,0.17,0
1,1,55,66,25,0.58,8.55,0.347,0.181,1
1,0,41,49,54,1.07,20.59,0.302,0.111,1
1,1,98,77,33,1.21,3.41,0.335,0.249,1
1,0,12,24,17,8.78,9.33,0.324,0.157,1
0,1,82,38,42,12.74,12.73,0.418,0.131,1
1,1,98,25,36,1.21,9.85,0.253,0.172,1
1,0,51,59,5,3.11,5.21,0.403,0.148,0
1,1,29,51,44,3.03,28.96,0.325,0.159,1
1,1,81,69,24,0.98,9.48,0.573,0.184,1
1,1,11,25,16,9.6,2.54,0.369,0.142,0
1,1,75,47,58,3.7,16.41,0.24,0.2,1
1,1,20,53,15,4.18,10.67,0.573,0.165,1
1,1,11,40,54,1.49,1.16,0.575,0.113,0
1,1,61,0,54,4.1,3.26,0.27,0.233,1
0,1,91,20,55,7.86,1.72,0.527,0.172,0
1,1,92,77,28,1.82,0.75,0.545,0.238,0
0,1,38,71,0,0.6,2.62,0.342,0.157,1
1,1,43,24,59,4.39,3.26,0.264,0.181,1
1,1,3,17,44,5.05,6.28,0.519,0.231,0
1,1,30,14,41,1.13,34.82,0.211,0.169,1
1,1,23,41,44,1.43,28.69,0.448,0.195,1
1,1,41,19,19,0.83,14.01,0.337,0.137,1
1,1,48,15,25,12.72,10.4,0.438,0.136,1
1,1,81,6,20,1.2,29.43,0.516,0.181,0
1,1,89,4,49,0.05,1.54,0.531,0.192,0
1,0,19,17,49,9.17,4.01,0.599,0.198,0
0,1,7,77,26,8.13,8.06,0.456,0.215,0
0,0,32,17,35,3.05,16.82,0.289,0.238,1
1,1,67,63,34,7.98,9.78,0.31,0.136,1
1,1,37,24,15,2.99,16.55,0.374,0.193,1
1,1,85,74,28,1.27,1.66,0.539,0.166,1
1,1,35,25,6,2.78,2.14,0.347,0.113,1
1,1,47,68,6,3.34,13.49,0.475,0.168,1
1,0,94,15,33,0.05,4.28,0.218,0.219,1
1,1,7,62,47,0.6,5.73,0.372,0.112,0
1,1,72,71,4,10.39,15.69,0.267,0.191,1
1,1,81,76,52,2.49,0.73,0.575,0.162,0
1,1,98,57,7,2.01,1.84,0.517,0.198,0
1,1,59,26,7,10.96,3.51,0.255,0.223,1
1,1,23,48,42,0.84,21.5,0.361,0.181,0
1,1,16,72,28,1.22,5.19,0.232,0.146,0
1,1,64,46,51,8.8,2.9,0.499,0.114,1
0,0,38,70,9,1.64,11.35,0.277,0.143,1
1,1,78,49,0,5.02,0.31,0.522,0.155,0
0,1,54,45,37,6.73,14.92,0.23,0.196,1
1,1,76,7,27,1.26,11.97,0.429,0.158,1
1,0,86,1,6,1.46,0.57,0.443,0.16,0
1,1,92,17,16,3.63,6.89,0.334,0.144,1
1,1,60,35,55,7.86,5.18,0.266,0.154,1
1,1,30,41,47,4.04,1.72,0.33,0.14,1
1,1,27,10,45,0.35,1.67,0.398,0.21,0
0,1,31,58,56,2.16,1.75,0.588,0.247,1
1,1,6,51,23,2.01,9.15,0.379,0.21,0
1,1,77,73,34,8.24,1.88,0.276,0.111,0
1,1,13,48,8,1.71,0.61,0.21,0.195,1
1,0,95,55,41,11.57,31.6,0.203,0.205,1
1,1,72,69,2,2.04,0.4,0.367,0.217,1
1,1,53,73,43,1.08,10.9,0.319,0.214,1
1,0,69,29,3,3.88,27.49,0.246,0.176,1
1,1,50,54,31,2.44,0.39,0.269,0.139,1
1,1,78,27,43,5.21,33.74,0.34,0.118,1
1,1,29,50,53,12.37,6.98,0.475,0.101,0
1,1,29,26,54,14.13,15.38,0.444,0.1,1
1,1,15,51,12,1.29,9.81,0.232,0.24,1
1,1,22,33,23,0.89,9.59,0.257,0.191,1
0,1,30,31,6,14.06,15.55,0.563,0.186,0
1,1,11,43,18,8.37,0.68,0.228,0.156,1
1,1,84,3,58,1.52,4.98,0.28,0.22,1
1,1,2,47,26,8.17,34.92,0.327,0.133,1
1,1,66,15,49,6.76,0.56,0.292,0.211,1
1,1,37,59,26,1.46,3.05,0.316,0.154,1
1,1,85,46,17,11.81,11.15,0.491,0.206,1
1,1,84,74,29,1.94,1.06,0.238,0.206,1
1,1,15,14,27,3.27,7.69,0.341,0.147,1
1,1,81,55,28,4.7,12.5,0.445,0.24,1
1,1,3,15,8,1.06,14.16,0.22,0.176,1
1,0,19,0,38,4.72,8.24,0.218,0.139,1
1,1,44,24,38,6.13,6.94,0.399,0.201,1
1,1,12,63,20,0.54,12.51,0.56,0.213,1
0,1,94,42,44,2.38,1.57,0.378,0.243,1
1,1,1,13,37,4.73,11.41,0.363,0.111,1
1,1,93,47,6,13.03,25.16,0.204,0.181,1
1,1,30,67,44,11.08,11.48,0.493,0.174,1
1,1,27,13,24,0.93,0.48,0.266,0.147,0
1,1,72,79,25,4.71,7.05,0.479,0.215,0
1,1,58,14,51,0.52,12.96,0.339,0.129,1
1,1,10,76,5,1.74,0.44,0.218,0.149,1
1,1,34,16,48,4.55,14.36,0.331,0.215,1
1,1,48,51,54,0.42,3.31,0.464,0.172,1
1,1,43,9,19,10.98,8.89,0.507,0.12,1
1,1,57,16,17,8.83,33.92,0.454,0.234,1
1,1,50,7,19,3.21,52.84,0.484,0.21,1
1,0,16,1,39,3.38,10.06,0.294,0.184,1
1,1,89,55,17,10.66,6.76,0.586,0.191,1
1,1,3,64,46,0.26,1.96,0.291,0.194,0
1,1,32,54,0,0.78,2.34,0.268,0.175,1
1,0,61,68,32,1.84,5.61,0.3,0.212,1
1,1,80,79,38,2.27,12.12,0.589,0.207,1
1,1,71,72,47,21.89,14.67,0.226,0.1,1
1,1,89,35,22,0.8,2.51,0.509,0.117,1
1,1,42,8,51,1.81,7.67,0.242,0.104,1
1,1,83,13,13,8.8,8.96,0.509,0.125,1
1,1,41,73,27,7.67,22.36,0.311,0.111,1
1,1,50,21,20,5.32,20.91,0.491,0.129,1
1,1,37,15,43,1.99,17.0,0.22,0.181,1
1,1,42,40,36,0.63,7.27,0.334,0.2,1
1,1,47,66,6,20.54,0.67,0.386,0.238,0
1,1,41,27,11,1.45,4.07,0.208,0.211,1
1,0,56,28,50,9.31,9.72,0.272,0.105,1
1,1,53,64,36,11.27,10.15,0.268,0.17,1
1,1,96,27,38,2.91,18.91,0.393,0.201,1
1,1,16,31,27,9.51,4.77,0.253,0.147,0
1,1,50,51,58,1.64,27.59,0.591,0.155,1
1,1,8,10,6,11.03,1.78,0.555,0.22,0
1,1,83,25,44,5.05,0.51,0.29,0.107,1
1,1,7,30,56,1.08,1.94,0.294,0.181,0
1,1,62,19,51,7.72,6.2,0.579,0.221,0
1,1,55,68,16,12.25,17.31,0.32,0.22,1
1,1,69,40,36,4.22,1.67,0.369,0.118,1
1,1,8,66,13,7.14,7.94,0.481,0.227,0
1,1,74,43,42,7.92,14.99,0.338,0.112,1
1,1,4,59,51,7.74,0.35,0.561,0.239,0
1,1,71,6,50,3.03,0.42,0.436,0.132,0
0,1,63,53,54,6.73,6.75,0.427,0.117,0
1,1,51,62,56,3.98,2.02,0.422,0.111,1
1,1,34,79,3,2.68,5.99,0.245,0.152,1
1,1,59,12,21,0.91,0.45,0.516,0.152,0
1,1,88,32,48,11.99,37.67,0.429,0.179,1
1,1,99,6,16,2.68,10.62,0.221,0.21,1
1,1,38,29,34,1.37,11.61,0.54,0.176,1
1,0,5,10,45,1.39,7.13,0.492,0.247,0
0,1,87,69,52,1.39,17.42,0.316,0.132,1
1,1,20,20,31,0.01,17.92,0.314,0.132,1
1,1,35,31,37,2.88,1.73,0.402,0.206,0
1,1,17,4,56,11.07,14.63,0.203,0.147,1
1,1,0,34,30,0.13,8.36,0.524,0.126,1
1,1,92,46,24,15.69,14.37,0.577,0.219,1
1,1,16,11,9,0.99,25.1,0.379,0.134,0
1,1,68,36,58,6.34,4.08,0.415,0.212,0
1,1,5,43,48,7.69,8.46,0.524,0.131,0
1,1,57,21,1,6.64,15.49,0.311,0.241,1
1,1,44,10,26,2.07,43.25,0.397,0.144,1
1,1,71,54,11,6.08,9.48,0.244,0.212,1
1,1,88,9,55,3.2,12.77,0.481,0.226,1
1,1,82,41,52,0.83,18.73,0.517,0.118,1
1,0,47,79,15,1.12,13.91,0.227,0.11,1
1,1,49,75,15,0.13,28.53,0.553,0.19,1
1,1,55,54,2,2.02,2.61,0.35,0.193,0
1,1,8,49,24,6.51,23.84,0.569,0.193,1
1,1,91,31,17,17.38,2.32,0.56,0.168,0
1,1,61,67,38,0.72,8.33,0.516,0.24,1
1,1,30,17,41,2.18,7.4,0.532,0.204,0
1,1,64,64,39,1.0,17.8,0.316,0.111,1
1,1,60,24,31,7.15,5.08,0.347,0.218,1
1,1,9,30,59,12.6,1.55,0.296,0.141,1
1,1,52,18,49,0.61,12.27,0.342,0.208,1
1,1,63,17,48,11.7,9.33,0.425,0.109,1
1,1,63,67,2,1.58,17.55,0.546,0.215,1
1,1,49,32,7,1.26,14.21,0.419,0.181,1
1,1,85,69,51,0.29,22.52,0.479,0.208,1
1,1,64,6,4,0.42,18.27,0.254,0.174,1
1,1,76,0,56,0.36,11.58,0.576,0.22,1
1,1,13,79,19,2.96,6.27,0.433,0.242,0
1,1,22,58,43,5.37,0.21,0.51,0.211,0
1,1,27,33,24,1.02,3.68,0.599,0.212,0
1,1,92,51,5,1.23,13.0,0.544,0.133,1
1,1,57,10,27,0.95,0.61,0.402,0.153,0
1,1,39,7,22,8.21,14.13,0.547,0.119,0
1,1,63,52,23,0.74,7.26,0.464,0.18,0
1,1,96,14,9,0.38,20.23,0.492,0.167,1
1,1,1,27,9,0.19,10.78,0.455,0.144,0
1,1,42,13,32,0.2,16.02,0.315,0.11,1
1,1,96,57,8,3.96,1.88,0.334,0.24,1
0,0,87,56,17,0.49,1.9,0.423,0.191,1
1,1,11,51,2,1.26,2.37,0.55,0.149,0
1,1,91,36,32,8.94,4.05,0.381,0.152,0
1,1,34,1,9,17.23,23.48,0.416,0.159,1
1,1,73,33,26,9.86,14.89,0.348,0.222,1
1,1,97,33,34,16.04,4.54,0.207,0.132,1
1,1,68,57,17,5.55,25.07,0.457,0.228,1
1,1,62,72,6,21.8,15.09,0.426,0.147,1
1,1,40,60,6,3.43,10.67,0.591,0.231,0
1,1,63,53,21,7.92,5.74,0.403,0.234,1
1,1,17,66,9,17.82,10.55,0.414,0.204,1
0,1,69,29,59,6.18,9.0,0.313,0.234,1
1,1,10,79,26,15.7,15.23,0.24,0.212,1
1,1,64,58,44,1.46,2.56,0.483,0.122,0
1,1,22,57,3,1.79,21.68,0.523,0.243,0
0,1,3,23,11,2.53,8.96,0.548,0.129,1
1,1,6,14,2,3.12,16.44,0.362,0.174,0
1,1,40,21,54,11.38,4.27,0.481,0.158,1
1,1,48,31,47,10.94,4.97,0.305,0.152,1
1,1,16,74,42,5.36,27.69,0.301,0.218,1
1,0,74,41,2,1.32,9.73,0.598,0.144,1
1,1,54,58,24,1.37,3.82,0.54,0.181,0
1,1,26,54,25,4.99,0.86,0.302,0.15,1
1,1,11,4,39,3.5,5.7,0.373,0.234,0
1,1,46,40,6,1.5,18.91,0.426,0.123,1
0,1,33,56,45,0.92,2.9,0.205,0.126,1
1,1,7,52,33,6.41,19.68,0.584,0.117,0
1,1,22,37,9,8.39,1.76,0.244,0.214,0
1,1,25,0,2,1.51,1.39,0.527,0.124,0
1,1,33,59,55,2.77,9.31,0.59,0.18,1
1,1,31,75,27,6.25,16.33,0.482,0.215,1
1,1,5,45,10,3.17,15.14,0.587,0.117,0
1,1,64,3,50,16.25,7.84,0.208,0.24,1
1,1,58,14,31,0.69,10.18,0.342,0.143,1
1,1,49,11,7,9.63,2.99,0.391,0.219,1
1,1,67,0,19,1.83,8.01,0.513,0.219,1
1,1,88,76,4,5.81,2.33,0.462,0.152,1
1,1,7,29,40,1.46,26.36,0.494,0.183,0
1,1,39,73,12,16.98,11.33,0.258,0.195,1
1,1,45,5,10,0.26,8.32,0.538,0.162,1
1,1,83,72,57,3.6,2.84,0.529,0.154,0
1,0,77,49,33,12.07,5.26,0.508,0.228,0
1,0,32,1,43,3.17,15.15,0.527,0.13,1
1,0,57,5,2,9.17,2.74,0.285,0.219,1
1,1,2,74,14,14.96,1.38,0.256,0.131,1
1,1,78,76,59,0.35,3.67,0.558,0.205,1
1,1,26,37,59,3.36,15.82,0.583,0.143,1
1,1,82,75,32,5.8,21.47,0.37,0.239,1
1,1,64,17,55,8.92,5.35,0.379,0.191,0
1,1,56,18,59,0.89,15.2,0.496,0.18,1
1,1,34,27,42,4.18,4.04,0.398,0.144,1
1,1,51,11,56,0.89,7.11,0.325,0.176,1
1,1,96,51,9,7.04,0.2,0.276,0.11,1
1,1,50,76,56,1.67,12.45,0.209,0.122,1
1,1,16,57,2,1.57,12.68,0.435,0.144,1
1,1,76,21,45,7.34,1.06,0.257,0.242,1
1,1,51,44,52,9.23,4.44,0.543,0.17,1
1,1,47,61,47,2.1,6.61,0.593,0.16,0
1,1,57,41,40,3.48,14.88,0.383,0.216,1
1,1,75,66,13,5.91,17.35,0.246,0.204,1
1,1,25,8,52,6.84,12.7,0.433,0.2,1
1,1,26,63,32,7.35,2.43,0.43,0.191,0
1,1,23,14,32,2.47,4.41,0.253,0.119,1
1,1,80,29,35,3.84,2.84,0.459,0.159,0
1,1,10,25,22,0.58,10.14,0.326,0.235,1
1,1,85,68,54,14.84,10.42,0.538,0.244,1
1,1,7,21,54,6.04,0.16,0.435,0.165,0
1,1,47,53,53,2.35,13.16,0.373,0.1,1
1,1,31,57,0,2.47,2.61,0.585,0.175,1
0,1,28,78,26,0.47,16.16,0.396,0.134,0
1,1,95,52,50,3.05,17.89,0.555,0.128,1
0,1,4,18,31,5.59,15.94,0.306,0.143,1
1,1,48,33,20,15.24,5.24,0.377,0.118,1
1,0,12,13,43,5.21,4.28,0.234,0.107,0
1,0,88,21,19,5.26,5.71,0.369,0.167,0
1,1,41,12,26,7.72,7.49,0.558,0.139,0
1,1,9,63,35,3.56,2.88,0.532,0.138,0
1,1,25,55,40,0.16,26.83,0.59,0.133,0
1,1,25,71,31,11.03,7.01,0.5,0.174,0
1,1,84,41,38,2.57,0.76,0.309,0.21,1
1,1,22,65,56,20.89,58.79,0.264,0.199,1
1,1,43,62,28,2.61,6.62,0.272,0.246,1
1,1,75,41,45,5.52,29.37,0.465,0.237,1
1,1,38,33,22,3.08,4.95,0.353,0.163,0
1,1,42,28,57,1.32,2.55,0.366,0.222,0
1,1,51,25,34,13.35,13.35,0.544,0.128,1
1,1,57,22,14,4.93,5.67,0.491,0.132,0
1,1,88,35,42,2.99,21.32,0.284,0.205,1
1,1,75,8,9,0.78,6.25,0.268,0.133,1
1,1,99,41,51,35.11,4.13,0.529,0.168,0
1,1,31,66,14,11.28,34.02,0.581,0.148,1
1,0,17,6,24,2.75,17.74,0.274,0.135,1
1,1,41,22,16,0.94,2.3,0.581,0.123,0
1,1,83,31,50,0.15,6.71,0.372,0.192,0
1,1,1,22,30,0.82,1.2,0.562,0.108,0
0,1,59,15,10,3.82,1.14,0.5,0.205,1
1,1,32,68,19,8.46,19.2,0.562,0.234,1
1,1,45,12,30,2.26,26.86,0.458,0.152,1
1,0,80,9,15,2.85,13.43,0.263,0.162,1
1,1,58,58,35,3.21,45.32,0.224,0.189,1
1,1,99,1,38,0.09,0.46,0.451,0.2,0
1,1,93,79,10,0.97,4.03,0.223,0.182,0
1,1,56,51,19,3.47,1.42,0.294,0.204,1
0,1,61,0,25,1.64,15.23,0.282,0.221,1
1,1,62,69,55,3.7,22.11,0.371,0.249,1
1,1,72,53,48,0.57,5.93,0.439,0.159,0
1,1,30,18,50,8.12,17.67,0.564,0.188,1
1,1,38,27,25,7.66,18.81,0.574,0.156,1
1,1,84,4,41,5.54,1.5,0.593,0.136,0
1,1,21,75,46,3.79,4.73,0.506,0.25,0
1,1,16,29,5,2.47,2.08,0.569,0.102,0
1,0,2,18,44,5.74,11.09,0.516,0.11,0
1,1,31,41,34,7.61,4.9,0.564,0.187,1
0,0,32,24,7,8.27,11.02,0.242,0.206,1
1,1,63,34,6,2.14,20.86,0.585,0.209,1
1,0,9,8,36,1.08,5.32,0.294,0.205,0
1,1,4,38,49,2.09,35.73,0.427,0.218,0
1,1,67,55,58,0.04,5.25,0.407,0.212,0
1,1,37,37,52,2.75,2.4,0.426,0.182,0
1,1,95,14,15,1.6,7.53,0.481,0.171,0
1,1,40,45,8,7.8,5.09,0.416,0.208,0
1,1,83,36,10,5.62,1.34,0.475,0.21,1
1,1,72,59,20,0.13,0.23,0.414,0.15,0
1,1,60,61,59,0.78,13.63,0.205,0.1,1
1,1,14,30,50,3.91,27.01,0.451,0.147,0
1,0,51,29,45,4.81,5.81,0.422,0.18,1
1,1,7,65,6,7.32,0.68,0.434,0.179,0
1,1,55,6,11,17.25,13.5,0.201,0.157,1
1,1,97,29,50,6.05,20.18,0.387,0.24,1
0,1,29,32,39,3.94,3.91,0.55,0.171,0
1,1,73,37,20,2.68,2.51,0.333,0.121,1
1,1,77,18,4,6.7,4.11,0.378,0.129,0
1,1,33,8,5,13.65,23.89,0.249,0.114,1
1,1,58,31,42,2.75,5.41,0.38,0.14,0
1,1,55,29,25,4.39,10.62,0.358,0.146,1
1,1,85,5,28,1.16,0.77,0.553,0.15,0
1,0,12,60,53,9.74,3.31,0.214,0.225,0
1,1,50,36,2,6.25,2.59,0.58,0.215,0
1,1,58,78,10,2.19,0.65,0.431,0.174,1
1,1,61,70,22,10.36,1.29,0.412,0.167,0
1,1,28,77,24,17.68,5.39,0.554,0.157,0
1,1,92,19,11,1.7,8.16,0.276,0.102,1
1,0,61,29,0,1.03,3.74,0.284,0.238,1
1,1,6,17,3,8.92,5.44,0.55,0.144,0
1,1,43,62,51,4.37,14.25,0.572,0.226,1
1,1,5,60,0,10.79,2.84,0.535,0.211,0
1,1,98,56,5,2.13,0.35,0.217,0.117,1
1,1,61,21,33,4.35,2.97,0.461,0.147,1
1,1,67,48,26,4.3,25.43,0.38,0.173,1
1,1,77,17,44,1.04,0.18,0.523,0.139,0
1,1,69,60,15,24.1,1.38,0.263,0.16,1
1,0,16,77,10,5.45,0.67,0.568,0.142,0
1,1,48,67,13,5.46,4.73,0.334,0.195,1
1,1,23,6,37,1.76,10.43,0.329,0.154,1
1,0,76,6,47,5.25,24.12,0.271,0.152,1
1,1,11,64,48,8.95,15.8,0.203,0.141,1
1,1,56,39,9,8.4,2.89,0.325,0.22,1
1,1,28,23,52,12.61,10.07,0.259,0.197,1
1,1,87,31,53,0.8,10.9,0.495,0.208,1
1,1,61,9,57,1.01,0.95,0.503,0.159,1
1,1,97,8,12,6.19,5.57,0.531,0.226,1
1,1,77,38,44,8.24,3.73,0.202,0.162,1
1,1,26,2,33,5.61,1.71,0.341,0.126,1
1,1,4,68,32,0.77,0.6,0.202,0.177,1
1,1,39,6,54,4.52,0.28,0.403,0.167,0
1,1,46,11,32,6.9,19.57,0.564,0.114,1
1,1,8,22,38,0.74,4.01,0.363,0.199,0
1,1,15,62,12,0.29,6.79,0.549,0.222,0
1,1,12,16,16,1.47,3.45,0.579,0.153,0
1,0,53,77,8,0.48,1.81,0.295,0.214,1
1,1,14,63,12,0.8,3.03,0.204,0.188,1
1,1,99,64,15,1.14,1.86,0.496,0.141,0
1,1,24,27,36,3.78,14.18,0.432,0.152,1
1,1,15,57,53,0.85,23.81,0.339,0.242,1
1,1,43,17,29,4.64,5.7,0.347,0.132,1
1,0,94,43,38,1.72,17.31,0.232,0.123,1
1,1,46,63,32,1.86,5.55,0.548,0.111,1
1,1,32,36,39,17.12,5.92,0.297,0.231,1
1,1,83,2,5,8.18,6.64,0.239,0.201,0
1,1,25,13,11,2.76,17.16,0.512,0.117,0
1,1,98,6,1,2.97,27.54,0.394,0.215,1
1,0,39,16,32,0.61,13.64,0.505,0.194,1
1,1,70,69,14,9.31,21.93,0.561,0.248,1
1,1,44,78,16,0.02,10.29,0.353,0.177,1
1,1,94,38,51,0.78,18.28,0.222,0.177,1
1,1,80,4,34,3.82,8.14,0.301,0.137,1
1,1,42,78,30,1.04,14.82,0.22,0.129,1
1,1,71,51,29,5.01,12.22,0.26,0.21,1
1,1,22,25,58,0.02,13.83,0.54,0.156,1
1,1,46,38,37,0.52,2.67,0.577,0.209,0
1,1,43,44,15,7.23,1.67,0.471,0.216,0
1,1,81,76,41,4.3,10.59,0.493,0.235,1
1,1,41,30,44,0.1,6.59,0.493,0.164,0
0,1,11,76,39,1.15,14.47,0.249,0.114,1
1,1,93,22,16,1.37,1.58,0.219,0.103,1
1,1,35,39,59,9.45,29.51,0.479,0.144,1
1,0,78,31,6,4.37,12.18,0.215,0.24,1
0,1,81,3,55,3.9,0.23,0.525,0.212,0
1,1,88,45,4,0.45,8.59,0.436,0.184,1
1,1,12,74,39,5.35,3.75,0.245,0.136,1
1,1,87,41,26,0.85,3.21,0.464,0.207,0
1,1,80,38,0,3.69,23.24,0.443,0.211,1
1,1,64,69,1,4.49,18.08,0.351,0.135,1
1,1,26,55,3,9.22,0.1,0.527,0.206,0
1,1,19,46,0,8.21,2.0,0.322,0.118,1
1,1,17,37,28,1.05,12.71,0.351,0.115,1
1,1,63,17,20,12.4,18.85,0.479,0.108,0
1,1,8,1,41,0.01,12.64,0.501,0.222,0
1,1,73,53,34,2.0,7.45,0.309,0.141,1
1,1,24,29,33,0.34,41.72,0.207,0.191,1
1,1,0,3,38,6.38,15.96,0.271,0.122,1
1,1,58,6,1,3.47,6.31,0.305,0.166,1
1,1,35,78,24,0.96,8.76,0.562,0.104,1
1,1,17,56,5,0.44,0.46,0.557,0.229,0
1,1,46,29,7,1.28,33.45,0.464,0.181,1
1,1,78,43,34,12.68,4.51,0.484,0.234,1
1,1,32,76,52,5.66,10.83,0.449,0.17,1
1,1,21,28,18,1.39,10.99,0.512,0.147,0
1,1,87,35,8,11.21,0.59,0.34,0.16,1
1,1,64,47,32,0.73,3.09,0.419,0.137,0
1,1,10,18,7,5.83,10.68,0.468,0.233,0
1,1,25,62,37,2.77,24.32,0.387,0.144,0
1,1,89,1,31,1.56,15.08,0.509,0.144,1
1,1,69,13,22,1.52,8.68,0.573,0.195,1
1,1,96,79,33,3.47,2.65,0.466,0.118,0
1,1,62,34,22,13.4,29.73,0.23,0.133,1
1,0,77,20,45,6.78,5.17,0.444,0.164,0
1,1,87,16,31,5.43,1.62,0.479,0.127,0
1,1,37,31,0,10.42,0.22,0.313,0.139,1
1,1,48,22,6,4.22,29.99,0.329,0.205,1
0,1,16,5,42,1.07,15.05,0.438,0.142,1
1,1,56,28,47,18.9,2.44,0.483,0.196,0
1,1,13,62,23,3.83,1.53,0.549,0.174,0
1,1,82,69,1,1.89,32.06,0.505,0.215,1
1,1,7,3,57,7.53,2.75,0.254,0.213,1
1,0,55,57,17,3.12,6.2,0.339,0.13,1
0,1,22,30,18,0.06,9.44,0.26,0.241,1
1,1,43,21,41,1.93,0.64,0.503,0.22,0
1,1,65,26,35,3.06,4.22,0.307,0.18,0
1,1,2,15,55,2.33,28.76,0.249,0.184,1
1,1,52,5,27,4.01,12.05,0.238,0.224,1
1,1,12,79,34,1.01,4.59,0.246,0.173,0
1,1,68,6,31,4.25,15.69,0.299,0.172,1
1,1,81,13,12,21.53,18.15,0.513,0.195,1
1,1,0,2,5,7.01,1.65,0.295,0.113,0
1,1,20,48,28,5.77,8.83,0.313,0.187,1
1,1,82,35,9,1.12,4.57,0.552,0.134,0
1,1,55,28,58,4.36,7.07,0.377,0.118,0
1,1,97,3,39,8.56,6.33,0.404,0.222,0
1,1,1,39,9,1.38,7.01,0.201,0.157,0
1,1,83,40,33,0.45,7.38,0.233,0.175,1
1,1,30,21,19,5.42,0.72,0.496,0.144,0
1,1,12,78,46,5.6,1.96,0.333,0.105,0
1,1,13,3,32,8.16,8.35,0.26,0.166,1
1,0,75,22,10,4.97,27.49,0.372,0.213,1
1,1,56,3,23,9.42,13.72,0.218,0.214,1
1,1,12,67,32,1.55,2.73,0.484,0.238,0
1,1,87,17,59,0.18,4.49,0.232,0.226,1
1,1,94,0,56,6.6,4.09,0.222,0.247,1
0,1,13,31,21,2.44,14.68,0.368,0.186,1
1,1,93,20,47,1.18,35.83,0.435,0.108,1
1,1,26,37,11,0.27,4.39,0.506,0.23,0
1,0,99,25,29,7.04,0.15,0.228,0.243,1
1,1,69,40,31,8.75,27.63,0.334,0.17,1
1,1,59,48,43,2.46,13.99,0.307,0.117,1
1,1,69,40,18,10.82,17.98,0.498,0.104,1
1,1,14,58,44,2.69,2.34,0.348,0.192,0
1,1,55,3,39,15.14,10.37,0.451,0.2,1
1,1,87,12,1,20.43,2.65,0.396,0.102,0
1,1,61,60,58,8.51,0.12,0.428,0.242,0
1,1,12,50,50,1.48,1.71,0.346,0.181,0
1,1,6,34,13,2.28,25.61,0.296,0.192,1
1,1,20,64,54,3.8,2.42,0.224,0.185,0
1,1,13,48,58,1.99,8.8,0.269,0.148,1
1,1,2,48,32,8.54,34.42,0.269,0.235,1
1,1,62,13,31,13.12,0.79,0.574,0.101,1
0,1,42,36,56,21.27,16.5,0.575,0.212,1
0,1,98,29,57,2.05,9.1,0.302,0.154,1
1,1,11,13,40,1.58,3.91,0.242,0.129,1
1,1,54,74,18,0.88,4.53,0.313,0.165,1
1,1,84,26,13,0.24,0.28,0.519,0.13,1
1,0,58,61,3,0.97,2.95,0.548,0.23,0
1,1,19,2,1,1.67,5.51,0.4,0.219,0
1,0,90,69,9,2.48,12.62,0.416,0.229,1
0,1,68,38,58,0.58,3.21,0.383,0.225,0
1,1,44,18,28,8.58,8.68,0.273,0.224,1
1,1,54,75,14,4.83,13.16,0.22,0.187,1
1,1,58,38,30,4.13,11.99,0.449,0.235,1
1,1,74,9,32,3.94,8.92,0.519,0.109,1
1,1,59,46,28,1.71,8.68,0.5,0.143,1
1,1,60,22,10,13.87,12.77,0.56,0.132,1
1,1,41,58,47,1.32,4.09,0.525,0.118,1
0,0,43,19,44,5.52,5.98,0.315,0.101,1
1,1,5,44,39,1.46,33.86,0.247,0.16,1
1,1,68,43,58,22.84,11.04,0.372,0.209,1
1,1,21,17,8,12.13,7.34,0.339,0.197,1
1,1,64,47,46,1.54,8.63,0.491,0.198,1
1,1,83,74,56,21.9,1.1,0.227,0.233,1
1,1,87,0,57,4.92,8.96,0.577,0.244,1
1,1,19,31,28,6.52,18.11,0.583,0.202,0
1,1,46,63,36,1.66,7.42,0.235,0.113,1
1,1,47,6,20,1.22,1.95,0.374,0.202,1
1,1,92,70,30,9.76,5.95,0.56,0.183,0
1,1,23,45,52,1.61,3.26,0.275,0.11,0
1,1,71,23,21,12.48,4.46,0.477,0.139,1
1,1,97,68,51,2.28,2.55,0.484,0.136,0
1,1,85,35,17,0.05,4.06,0.293,0.216,1
1,0,38,66,1,4.48,17.24,0.202,0.152,1
1,0,54,49,59,2.18,14.18,0.466,0.175,0
1,1,96,58,21,18.64,6.74,0.447,0.218,0
0,1,93,57,36,2.44,15.26,0.46,0.24,1
1,1,54,45,19,1.89,37.12,0.263,0.181,1
1,1,69,69,47,4.18,5.21,0.441,0.183,0
1,1,62,22,47,6.54,39.11,0.417,0.114,1
1,1,76,11,53,16.98,2.82,0.381,0.174,0
1,0,18,27,3,0.36,30.91,0.511,0.203,1
1,1,57,57,25,2.72,19.98,0.355,0.128,1
1,1,25,60,19,5.45,2.22,0.341,0.117,0
1,1,80,54,21,0.02,4.31,0.416,0.23,0
1,0,90,33,42,3.36,12.31,0.578,0.117,1
1,1,87,17,19,8.21,2.13,0.338,0.237,1
1,1,46,34,28,0.26,8.93,0.378,0.141,1
1,1,13,47,47,2.08,7.65,0.307,0.149,0
0,1,2,36,56,2.56,3.45,0.472,0.179,0
1,1,68,40,30,6.3,3.57,0.346,0.128,1
1,1,13,5,22,1.75,7.26,0.477,0.203,0
1,1,7,79,43,1.41,3.56,0.258,0.179,1
1,1,88,38,37,0.61,1.99,0.306,0.242,1
1,1,14,3,15,27.46,14.84,0.283,0.237,1
1,0,44,15,18,3.19,8.72,0.511,0.215,1
1,1,44,51,10,0.25,5.76,0.236,0.128,1
1,1,2,18,11,0.4,2.0,0.301,0.132,0
1,1,10,16,35,0.68,9.02,0.403,0.14,0
1,1,8,44,12,1.19,9.9,0.235,0.225,1
1,1,3,1,1,6.74,6.53,0.204,0.197,0
1,1,78,1,50,4.09,4.66,0.476,0.126,0
1,1,90,54,10,7.5,20.19,0.445,0.169,1
1,1,94,3,0,0.1,12.2,0.203,0.246,1
0,1,49,11,40,1.54,4.4,0.219,0.21,1
1,1,79,53,9,2.6,8.99,0.288,0.24,1
1,1,95,59,2,2.8,2.66,0.562,0.221,0
1,1,97,28,7,0.28,0.12,0.461,0.209,0
1,1,5,60,15,3.58,20.31,0.522,0.224,0
1,1,43,45,35,1.69,17.09,0.504,0.204,1
1,1,4,48,42,1.06,10.2,0.593,0.185,1
1,1,56,17,39,5.56,16.68,0.58,0.21,1
1,1,87,75,38,0.44,15.18,0.227,0.134,1
1,1,48,73,19,10.09,19.68,0.209,0.174,1
1,1,82,23,46,11.5,22.24,0.399,0.243,1
0,1,93,16,54,1.97,17.08,0.309,0.221,1
1,0,75,55,59,21.68,19.09,0.402,0.239,1
1,1,68,51,7,2.56,6.97,0.236,0.245,1
1,0,27,70,9,16.39,12.31,0.564,0.188,0
1,1,38,19,50,21.67,4.05,0.51,0.129,1
1,1,33,28,36,8.77,19.74,0.421,0.211,1
1,1,61,74,31,0.67,19.56,0.386,0.101,1
1,1,11,49,26,4.39,0.68,0.387,0.113,0
1,1,86,14,30,6.58,4.26,0.447,0.143,1
1,1,68,30,2,0.4,1.88,0.418,0.102,0
1,1,53,12,38,11.2,1.46,0.393,0.203,0
1,1,79,55,5,9.55,5.36,0.472,0.222,1
1,1,72,18,16,13.58,9.83,0.506,0.213,1
1,1,96,69,9,3.61,4.21,0.457,0.122,0
1,0,36,27,20,1.96,3.7,0.357,0.221,0
1,1,32,21,28,3.53,0.99,0.366,0.224,0
1,1,48,27,28,6.53,4.83,0.239,0.114,1
1,1,0,79,19,2.69,6.37,0.366,0.174,0
1,1,46,32,14,2.17,5.09,0.514,0.203,1
1,1,36,44,1,0.4,11.4,0.227,0.161,1
1,1,8,47,32,2.96,3.4,0.27,0.233,0
1,1,17,62,11,2.5,12.59,0.537,0.179,0
1,1,84,25,12,5.44,21.44,0.427,0.118,1
1,1,43,0,43,2.89,8.95,0.468,0.18,1
1,1,77,61,43,0.02,4.92,0.329,0.187,1
1,1,69,71,38,3.31,1.98,0.396,0.243,0
1,1,62,2,38,7.43,26.94,0.505,0.163,1
1,1,2,76,37,14.53,13.94,0.55,0.234,1
1,1,17,4,44,1.07,2.83,0.59,0.148,0
1,1,36,44,20,2.75,1.63,0.54,0.168,0
0,1,19,11,40,9.4,0.51,0.227,0.201,0
1,1,92,47,15,0.22,2.11,0.337,0.233,1
1,1,35,13,33,2.15,13.18,0.5,0.216,1
1,0,79,52,26,4.47,9.93,0.367,0.123,1
1,1,3,44,42,2.1,34.25,0.375,0.129,0
1,1,77,31,2,3.36,3.89,0.518,0.11,0
1,1,16,29,8,13.99,15.45,0.533,0.193,1
1,1,98,11,43,0.12,1.28,0.517,0.166,0
1,1,56,43,33,0.41,8.27,0.342,0.231,1
1,0,98,24,18,1.1,6.29,0.291,0.248,1
1,1,48,41,37,2.43,18.21,0.343,0.232,1
1,0,95,20,25,3.18,12.09,0.481,0.107,1
0,1,52,60,22,0.19,2.16,0.346,0.242,1
1,0,9,65,17,10.71,41.28,0.222,0.115,1
1,1,28,20,44,7.11,17.32,0.52,0.167,1
1,1,75,25,45,1.56,4.38,0.225,0.145,1
1,1,8,31,39,1.48,17.49,0.598,0.123,0
1,1,89,16,40,0.13,31.44,0.545,0.126,1
1,1,20,3,44,2.55,22.1,0.583,0.152,0
1,1,0,38,48,1.47,8.12,0.533,0.104,1
0,1,35,14,37,4.82,8.61,0.24,0.11,1
1,1,82,32,51,3.97,1.13,0.368,0.207,1
1,1,5,60,9,15.75,1.8,0.563,0.194,0
1,1,17,13,42,7.93,40.52,0.236,0.115,1
1,1,71,46,9,0.42,14.69,0.322,0.165,1
1,1,10,1,20,6.09,0.26,0.387,0.191,0
1,0,68,65,37,0.57,7.93,0.38,0.115,0
1,1,20,47,37,1.95,4.24,0.578,0.246,0
1,1,84,63,46,4.05,3.73,0.358,0.227,0
1,1,83,65,6,3.42,8.13,0.296,0.134,1
1,1,8,47,56,5.91,3.86,0.378,0.178,0
1,0,1,17,11,8.3,2.9,0.358,0.176,0
0,1,3,50,51,8.84,27.78,0.449,0.15,1
0,1,89,3,40,0.3,0.41,0.598,0.214,1
1,1,11,32,32,5.13,5.73,0.421,0.199,0
1,1,82,22,24,16.27,7.16,0.385,0.23,1
0,1,82,52,27,7.03,5.8,0.438,0.101,1
1,1,82,12,23,3.67,10.71,0.592,0.191,1
1,0,92,70,47,32.65,0.26,0.45,0.249,0
1,1,38,57,30,0.22,21.63,0.249,0.218,1
1,1,59,62,17,0.46,6.94,0.565,0.152,1
1,1,33,64,22,7.31,8.07,0.436,0.123,1
1,1,58,41,6,3.99,6.21,0.263,0.164,1
1,1,71,39,49,0.66,5.88,0.292,0.164,1
1,1,5,20,7,2.35,2.07,0.248,0.188,0
1,0,31,79,53,0.33,7.02,0.584,0.11,0
1,1,27,32,14,3.74,5.47,0.228,0.158,0
1,1,74,69,37,0.55,6.31,0.506,0.228,1
1,1,91,41,27,0.03,0.14,0.335,0.197,1
1,1,95,36,26,1.95,1.4,0.232,0.165,1
1,1,40,71,20,1.33,14.4,0.374,0.147,1
1,1,71,0,43,2.25,5.43,0.2,0.142,1
1,1,83,76,26,2.16,13.58,0.527,0.212,1
1,1,87,25,46,4.97,1.88,0.417,0.164,1
1,1,26,79,55,5.7,11.98,0.381,0.137,1
1,1,52,38,46,0.68,3.41,0.532,0.222,0
1,1,10,46,41,3.35,12.21,0.408,0.14,1
1,1,86,55,40,11.0,0.91,0.438,0.11,0
1,1,21,57,13,0.8,4.06,0.526,0.182,0
1,1,4,27,20,17.04,1.27,0.488,0.142,0
1,1,33,56,13,0.1,9.93,0.464,0.101,1
0,1,61,70,48,0.53,4.99,0.482,0.175,1
1,1,30,71,42,0.98,0.77,0.305,0.234,0
1,1,46,44,5,3.17,7.47,0.247,0.197,1
1,1,36,64,11,1.78,0.25,0.449,0.103,0
1,1,25,3,27,2.71,17.06,0.29,0.157,1
1,1,86,60,48,14.14,27.86,0.219,0.137,1
1,1,42,60,28,2.09,16.61,0.302,0.201,1
1,1,60,42,36,9.42,30.26,0.488,0.169,1
1,1,37,18,37,0.38,22.74,0.483,0.126,1
1,0,31,0,2,8.36,22.53,0.561,0.168,1
1,1,68,18,59,11.59,2.82,0.47,0.24,0
1,1,61,50,32,1.68,2.63,0.376,0.162,1
1,1,24,63,49,3.96,16.58,0.304,0.231,1
0,1,32,62,45,1.04,6.76,0.503,0.171,0
1,1,63,28,11,0.48,28.53,0.365,0.214,1
1,1,70,18,11,7.36,22.76,0.526,0.218,1
1,1,15,42,10,4.97,22.37,0.541,0.214,0
1,1,48,69,27,6.98,3.95,0.341,0.196,1
1,1,92,38,50,2.9,1.43,0.338,0.243,1
1,1,14,22,34,1.44,11.33,0.565,0.239,0
1,1,19,0,33,2.78,5.81,0.359,0.145,0
1,1,21,60,21,0.33,27.17,0.483,0.204,0
1,1,9,78,38,1.67,19.23,0.351,0.2,0
1,1,71,24,52,1.77,26.43,0.493,0.13,1
1,1,54,3,22,6.27,8.39,0.269,0.14,1
1,1,95,0,11,0.27,7.47,0.534,0.147,1
1,1,27,39,18,1.41,18.78,0.593,0.15,0
1,1,8,20,30,1.62,7.17,0.506,0.228,0
1,1,30,42,58,4.01,23.03,0.344,0.214,1
1,1,86,9,52,1.4,0.35,0.422,0.221,0
1,1,82,65,12,0.71,4.44,0.468,0.237,1
1,1,95,16,18,1.49,18.01,0.277,0.177,1
1,1,73,12,35,2.74,2.36,0.313,0.225,1
1,1,83,9,21,3.73,5.09,0.521,0.204,0
1,1,98,51,43,0.19,0.1,0.578,0.17,1
1,1,56,9,29,1.85,3.59,0.309,0.129,1
1,1,30,46,3,7.22,3.84,0.259,0.165,1
1,1,74,8,12,4.55,13.19,0.593,0.131,1
1,1,42,45,19,3.04,11.31,0.328,0.143,1
1,1,73,67,38,3.02,5.89,0.511,0.143,0
1,1,8,53,5,2.3,13.04,0.352,0.214,0
0,1,41,67,43,2.09,5.59,0.58,0.176,1
1,1,73,3,11,2.56,5.7,0.44,0.219,0
1,1,49,74,15,10.17,10.37,0.366,0.232,1
0,1,36,0,44,3.16,12.83,0.271,0.192,1
1,1,70,58,16,5.53,18.77,0.302,0.161,1
1,1,83,24,7,8.25,13.92,0.543,0.229,1
1,1,83,8,32,2.83,11.1,0.223,0.185,1
1,1,71,24,43,9.14,8.24,0.263,0.229,1
1,1,16,70,56,24.59,3.68,0.277,0.14,0
1,1,88,25,51,3.51,3.03,0.228,0.185,1
1,1,76,55,38,2.58,18.53,0.474,0.132,1
1,1,76,48,52,8.19,12.64,0.593,0.205,1
1,1,47,64,11,5.24,10.95,0.256,0.188,1
1,1,1,60,25,4.75,3.0,0.52,0.183,0
1,1,41,8,18,10.86,35.0,0.271,0.196,1
1,1,62,9,12,5.24,0.85,0.59,0.156,0
1,1,10,10,55,5.13,18.22,0.403,0.129,1
1,1,83,35,9,1.16,2.37,0.539,0.221,1
1,1,55,55,33,5.83,4.98,0.268,0.158,0
1,1,72,31,30,12.21,5.58,0.554,0.248,0
0,1,44,71,26,4.29,10.87,0.233,0.172,1
1,1,44,34,57,11.68,7.91,0.209,0.174,1
1,1,28,3,2,2.07,2.06,0.484,0.202,0
1,1,33,61,43,0.22,0.3,0.243,0.2,1
1,1,68,62,4,2.95,12.63,0.546,0.127,1
1,1,94,7,4,0.02,7.03,0.449,0.141,1
1,1,89,75,36,0.84,4.49,0.332,0.135,1
1,1,19,68,6,1.06,3.35,0.311,0.108,1
1,1,71,60,39,3.82,17.32,0.233,0.103,1
1,0,69,62,55,14.97,15.87,0.475,0.197,1
1,1,17,60,58,0.1,17.49,0.567,0.175,0
1,1,71,36,50,1.35,2.47,0.503,0.234,0
1,1,59,3,55,17.44,19.1,0.448,0.145,1
1,1,54,55,47,10.67,42.36,0.247,0.218,1
1,1,51,42,41,9.0,9.14,0.531,0.115,1
1,1,24,20,12,0.48,0.48,0.586,0.222,0
1,1,65,57,33,5.17,12.12,0.305,0.238,1
1,1,27,15,35,1.14,7.72,0.368,0.194,0
1,1,88,52,33,5.26,12.45,0.206,0.21,1
1,1,19,17,52,2.79,2.09,0.533,0.248,0
1,1,69,56,2,5.05,9.31,0.208,0.157,1
1,1,36,37,9,2.8,7.75,0.395,0.104,1
1,1,15,31,57,11.91,9.23,0.431,0.202,1
1,1,34,18,42,0.13,13.01,0.222,0.102,1
1,1,54,47,34,1.06,7.86,0.27,0.185,1
1,1,99,73,36,8.95,3.88,0.516,0.19,0
1,1,64,25,51,6.67,3.7,0.301,0.188,1
1,1,77,44,5,1.03,11.88,0.49,0.125,1
1,1,13,44,20,0.65,10.9,0.5,0.112,0
1,1,23,14,57,1.86,5.48,0.363,0.236,0
0,1,82,17,44,3.29,4.36,0.226,0.181,1
1,1,37,30,4,0.24,9.68,0.204,0.148,1
1,1,81,14,2,9.34,3.74,0.397,0.216,0
1,1,8,14,19,3.68,33.04,0.229,0.238,1
1,1,76,64,29,12.6,9.08,0.491,0.161,1
1,1,58,45,11,1.97,8.96,0.352,0.115,1
1,1,50,74,34,0.25,1.47,0.473,0.204,1
1,1,50,15,31,10.25,9.41,0.363,0.236,1
1,0,18,54,18,0.81,3.49,0.451,0.247,0
1,1,61,29,14,2.04,6.01,0.533,0.222,0
1,1,9,40,9,3.12,7.73,0.554,0.14,0
1,1,37,66,56,3.39,6.5,0.207,0.154,1
1,0,2,16,25,0.12,16.58,0.458,0.121,0
1,1,47,25,5,3.74,1.05,0.426,0.207,0
1,1,40,72,47,0.4,1.83,0.455,0.125,1
1,1,16,63,46,1.98,1.71,0.223,0.165,0
1,1,86,57,25,18.54,16.97,0.228,0.18,1
0,1,90,74,1,1.65,1.26,0.399,0.157,0
1,1,72,2,48,8.38,35.56,0.223,0.122,1
1,1,68,27,47,3.57,34.79,0.511,0.143,1
1,1,82,3,31,1.13,48.06,0.509,0.195,1
1,1,92,39,2,6.4,38.97,0.247,0.209,1
1,1,14,74,18,4.05,1.61,0.382,0.192,0
1,1,99,56,35,3.81,10.71,0.438,0.245,1
1,1,55,64,19,0.15,5.1,0.544,0.192,1
1,1,75,46,29,2.03,13.16,0.595,0.134,1
1,1,77,79,36,6.63,5.21,0.207,0.174,1
1,0,14,33,44,7.95,4.83,0.391,0.225,0
1,1,94,44,19,8.43,23.43,0.521,0.149,1
1,1,4,31,59,0.19,6.82,0.518,0.211,0
0,1,43,43,33,0.89,13.46,0.417,0.218,1
0,1,2,10,58,21.19,10.5,0.273,0.24,1
1,1,46,35,43,0.84,10.72,0.424,0.16,1
1,1,29,12,16,1.2,4.29,0.357,0.139,0
1,1,11,56,41,8.11,2.91,0.364,0.176,0
1,1,14,24,22,2.5,21.67,0.331,0.249,1
1,1,37,69,40,0.62,0.25,0.258,0.235,1
1,0,27,36,8,0.67,1.9,0.495,0.143,0
1,1,48,3,26,0.44,1.42,0.483,0.13,0
1,1,86,25,16,1.0,29.84,0.417,0.172,1
1,0,46,12,40,3.44,0.05,0.342,0.125,1
1,1,78,71,45,0.08,0.08,0.529,0.214,0
1,1,74,50,16,0.62,2.57,0.264,0.105,1
1,1,93,46,48,11.88,3.27,0.374,0.134,0
1,1,11,32,1,10.46,8.21,0.461,0.103,1
1,1,53,79,57,8.95,32.5,0.529,0.134,1
1,1,82,41,58,6.13,6.26,0.46,0.108,1
1,1,31,30,14,5.42,3.41,0.247,0.201,1
1,1,0,39,10,1.61,16.98,0.241,0.186,1
1,1,15,15,53,2.04,4.87,0.22,0.132,1
1,1,10,55,56,1.34,1.53,0.424,0.131,0
1,1,94,73,36,19.64,15.83,0.297,0.144,1
1,1,96,35,40,5.03,0.02,0.264,0.22,1
1,1,54,79,8,16.87,2.3,0.234,0.123,1
1,1,35,55,13,1.59,10.08,0.457,0.118,1
1,1,29,47,7,4.85,1.08,0.501,0.176,0
1,1,67,79,42,7.11,2.95,0.543,0.23,0
1,1,55,57,11,0.5,5.0,0.438,0.134,0
1,1,59,14,6,5.5,5.05,0.342,0.116,1
1,1,88,71,2,0.93,36.05,0.388,0.174,1
1,1,97,14,25,1.99,11.26,0.454,0.21,1
1,1,16,20,2,6.3,0.38,0.485,0.193,0
1,1,32,63,45,2.9,2.5,0.458,0.163,0
1,1,29,6,3,12.7,9.58,0.585,0.106,0
1,1,12,51,56,1.38,12.5,0.5,0.145,0
1,1,11,18,59,0.83,4.79,0.5,0.238,0
1,1,31,45,31,2.06,19.42,0.528,0.133,1
1,1,86,37,45,9.55,28.72,0.384,0.192,1
1,0,92,12,13,9.4,9.52,0.306,0.236,1
1,1,33,43,2,2.3,8.26,0.526,0.173,1
1,1,82,21,12,8.3,13.9,0.386,0.167,1
1,1,11,70,7,0.4,15.23,0.443,0.121,0
1,1,3,34,55,0.04,2.43,0.372,0.247,0
1,1,88,2,37,10.01,6.61,0.358,0.127,0
1,1,25,15,1,10.36,5.93,0.469,0.172,0
1,1,81,44,37,0.77,28.38,0.466,0.126,1
1,1,63,15,51,1.77,1.19,0.324,0.152,1
1,1,29,65,45,9.51,28.73,0.276,0.233,1
1,0,33,37,30,0.44,8.5,0.253,0.196,1
1,1,32,23,38,9.94,3.4,0.246,0.101,1
1,1,30,49,26,4.27,20.35,0.527,0.245,0
1,1,55,56,16,5.35,0.52,0.314,0.218,1
1,1,61,55,34,4.52,3.84,0.471,0.25,0
1,1,30,65,45,4.37,13.96,0.315,0.214,1
1,1,76,77,23,1.02,17.58,0.467,0.215,1
1,1,23,76,0,1.35,1.83,0.594,0.205,0
1,1,68,72,28,4.34,28.43,0.226,0.163,1
1,1,50,61,25,2.57,0.55,0.462,0.147,0
1,1,64,13,43,3.9,5.68,0.313,0.179,1
1,0,97,65,34,1.46,1.03,0.233,0.127,1
1,1,8,59,50,3.12,1.03,0.232,0.208,1
1,1,7,20,43,0.77,24.52,0.349,0.25,1
1,1,35,34,23,0.2,23.43,0.416,0.19,1
1,1,92,29,45,15.09,9.55,0.459,0.228,1
1,1,98,38,32,6.42,33.9,0.427,0.126,1
1,1,68,24,25,3.45,6.75,0.559,0.224,0
1,1,55,43,36,4.0,15.27,0.261,0.236,1
1,0,45,58,38,3.58,1.02,0.532,0.226,0
1,1,9,5,51,11.45,5.04,0.411,0.194,0
1,1,73,2,57,7.43,7.24,0.544,0.239,1
1,1,10,35,50,1.97,15.06,0.371,0.244,1
1,1,7,0,25,1.23,4.07,0.393,0.222,0
1,1,67,33,37,0.34,39.29,0.369,0.182,1
1,1,17,64,52,0.8,13.27,0.239,0.225,1
1,1,83,25,49,3.37,7.61,0.258,0.156,1
1,0,2,17,37,1.13,4.02,0.407,0.152,0
1,1,14,35,10,1.87,10.27,0.413,0.152,1
1,0,59,5,28,0.72,11.18,0.387,0.13,1
1,1,71,74,28,12.81,11.37,0.205,0.193,1
1,1,54,43,2,0.17,8.82,0.402,0.199,1
1,1,69,39,8,2.17,5.12,0.253,0.229,1
1,1,99,29,34,1.49,16.96,0.427,0.204,1
1,1,83,77,56,0.04,2.99,0.315,0.217,1
1,1,31,73,5,13.2,9.82,0.597,0.203,1
1,1,5,30,55,1.88,6.38,0.344,0.205,0
1,1,15,57,8,3.49,22.33,0.528,0.151,0
1,1,65,54,7,4.37,8.93,0.298,0.245,1
1,1,81,35,26,4.71,19.36,0.276,0.196,1
1,0,89,78,33,3.08,30.64,0.288,0.188,1
1,0,83,29,50,4.5,1.36,0.333,0.227,1
1,1,15,47,23,6.97,8.1,0.54,0.163,0
1,1,84,77,47,15.19,21.54,0.506,0.114,1
1,1,13,16,4,5.35,20.56,0.374,0.136,0
0,1,61,26,9,3.1,2.18,0.275,0.221,1
1,1,17,62,19,2.94,6.57,0.219,0.21,1
1,0,7,76,21,6.19,2.52,0.447,0.118,0
1,1,4,13,11,4.93,22.71,0.483,0.11,0
1,1,87,25,43,2.73,0.03,0.442,0.193,0
1,1,40,42,28,2.05,2.46,0.401,0.241,1
1,1,92,74,30,24.92,5.26,0.589,0.126,0
1,1,58,0,5,7.28,2.5,0.21,0.182,1
1,1,8,23,45,1.16,36.34,0.595,0.222,1
1,1,41,19,6,1.73,2.8,0.311,0.179,1
1,1,17,71,52,11.21,4.5,0.353,0.153,0
1,1,45,7,32,5.41,1.91,0.501,0.219,0
1,1,81,29,45,1.86,26.13,0.291,0.216,1
1,1,47,17,14,2.26,5.3,0.484,0.225,0
1,1,27,76,12,2.38,3.04,0.333,0.242,0
1,1,36,12,23,1.03,2.83,0.576,0.123,1
1,0,73,47,29,3.58,8.81,0.269,0.151,1
1,1,19,59,32,7.25,38.01,0.573,0.248,0
1,1,37,25,19,4.15,36.56,0.516,0.189,1
1,1,40,8,18,5.33,40.0,0.268,0.201,1
1,1,86,52,18,4.52,4.89,0.355,0.233,0
1,1,61,70,37,0.3,24.58,0.242,0.204,1
1,0,19,8,23,1.04,5.88,0.44,0.202,0
1,1,22,25,4,2.16,7.15,0.584,0.116,0
1,1,49,32,21,11.0,7.34,0.232,0.176,1
1,1,4,32,59,2.14,0.66,0.303,0.201,0
1,1,59,51,21,1.98,1.95,0.502,0.221,1
1,1,90,39,27,0.42,21.72,0.383,0.162,1
1,1,72,3,16,17.89,22.67,0.336,0.119,1
1,1,42,27,30,7.54,2.26,0.44,0.155,1
1,1,35,53,46,7.26,3.6,0.318,0.164,1
1,1,2,67,6,2.42,17.71,0.332,0.213,1
1,1,60,48,16,0.41,2.28,0.522,0.103,0
