age,ankle_brachial_index,systolic_bp,diastolic_bp,fasting_glucose,total_cholesterol,triglycerides,smoking_pack_years,intermittent_claudication,vascular_disease_risk
40,0.55,106,87,112,300,156,2,0,2
72,0.96,147,80,191,177,196,31,1,1
83,0.62,144,83,206,231,135,21,0,2
84,0.74,162,79,159,283,313,27,0,1
65,1.04,188,89,239,234,204,25,1,1
78,1.11,117,76,134,308,104,44,1,1
42,0.68,188,97,147,228,170,20,0,2
43,1.16,127,106,129,266,172,10,0,0
72,0.45,130,72,138,289,237,26,0,2
44,1.29,177,67,123,198,298,42,0,1
68,0.78,143,108,288,186,86,6,0,1
50,0.69,146,103,90,319,220,37,0,2
42,1.23,136,102,185,225,214,42,1,1
57,0.52,148,69,111,288,178,8,1,2
69,0.72,144,110,284,182,277,33,0,2
56,0.72,180,103,285,185,101,42,0,1
69,0.78,180,111,216,224,394,25,1,2
69,1.16,150,112,215,173,100,5,0,0
72,1.16,130,96,274,191,97,11,0,0
56,0.93,118,87,283,189,127,36,0,0
78,1.29,182,83,199,296,172,43,0,1
55,1.16,115,91,287,136,105,39,0,0
72,1.01,158,85,139,309,118,0,0,0
41,0.58,112,98,113,224,244,34,0,2
41,0.89,143,66,155,174,269,3,0,1
63,0.59,119,73,229,262,235,39,0,2
44,0.67,108,95,211,161,347,7,1,2
75,1.02,169,96,222,207,107,1,0,0
42,0.57,139,74,168,298,295,11,0,2
79,0.48,110,100,99,271,110,7,0,1
71,0.88,170,89,111,265,335,40,0,1
53,0.4,187,65,198,213,263,30,0,2
77,0.95,157,86,224,298,198,20,1,1
82,1.21,187,69,175,232,370,30,1,1
44,0.57,127,97,93,139,220,31,1,2
76,0.74,177,81,155,137,152,19,0,2
65,1.22,123,86,175,181,223,18,1,1
56,1.03,117,83,274,231,324,29,1,0
58,0.52,166,99,177,309,126,8,0,1
50,0.74,112,99,115,166,215,19,1,2
46,1.08,166,108,111,165,255,17,0,0
52,1.0,160,83,286,278,288,12,1,1
64,0.54,142,91,151,301,271,29,1,2
51,0.46,177,75,108,304,385,28,0,2
70,1.01,119,106,258,195,226,29,1,1
67,0.95,166,92,111,223,122,4,1,0
54,0.45,165,74,116,276,170,3,0,2
72,1.28,150,99,219,208,167,30,0,0
50,0.63,138,82,110,281,276,41,0,2
78,0.75,129,69,178,235,260,32,0,1
71,0.56,105,70,111,217,254,0,1,2
55,1.15,179,86,226,308,373,18,0,0
48,1.27,119,94,248,130,136,14,0,0
80,0.59,151,82,262,236,344,1,0,2
51,0.65,142,109,90,147,222,3,0,2
58,1.04,137,65,104,244,315,2,0,0
53,0.88,153,68,247,308,106,22,0,1
51,0.49,131,106,102,168,252,39,0,1
63,1.24,156,112,167,316,85,42,1,1
48,0.95,180,112,123,140,118,5,0,0
60,0.67,188,88,242,285,95,29,0,2
51,0.84,116,81,274,268,335,22,0,1
84,0.85,165,107,122,310,386,40,0,1
76,0.87,141,85,174,225,364,14,0,1
44,0.85,110,72,207,291,304,44,0,2
48,0.91,188,110,105,314,161,16,0,0
59,0.75,183,82,158,234,336,8,1,1
45,0.53,138,97,244,130,220,1,0,1
79,1.0,112,94,243,272,99,40,0,0
52,1.11,188,73,279,281,181,28,1,1
55,1.16,110,75,108,297,161,41,1,1
59,0.42,164,68,111,314,205,30,0,2
44,0.76,130,66,274,199,116,31,1,2
82,1.28,153,91,183,196,221,0,0,0
56,0.46,122,82,124,153,144,29,1,2
49,1.11,118,101,231,180,391,27,1,1
69,0.51,124,98,176,255,279,25,0,2
46,1.14,146,75,202,313,304,17,0,0
50,1.0,169,66,224,201,329,0,1,1
47,1.05,166,95,199,173,88,40,0,0
76,1.28,162,108,182,318,134,18,0,1
70,1.25,120,89,99,155,111,34,0,0
40,0.67,149,106,137,194,329,32,0,2
64,0.74,143,83,183,130,97,7,1,2
67,0.77,123,96,135,253,372,26,1,2
62,0.56,112,100,199,132,270,36,0,2
68,0.74,128,71,176,235,354,41,0,1
61,1.28,120,78,115,207,212,7,0,0
49,0.84,117,109,235,287,391,43,0,1
56,1.26,134,65,282,232,219,31,1,1
52,0.46,117,97,92,162,277,18,0,2
55,0.44,189,98,194,242,288,29,0,2
51,0.92,187,80,163,150,212,35,0,1
54,1.06,131,95,118,272,363,9,0,0
78,0.6,142,66,222,192,395,35,0,2
58,0.85,142,76,158,317,171,15,0,1
60,1.19,155,83,232,176,169,2,0,0
71,1.09,127,79,179,224,151,21,0,0
44,0.61,120,80,115,180,159,21,1,2
54,0.7,150,80,125,162,150,20,1,2
71,0.68,148,92,93,255,96,29,1,2
40,1.05,184,75,179,237,130,26,0,0
54,1.27,153,70,118,245,178,1,1,1
74,0.65,120,91,256,229,399,7,1,2
59,0.93,115,81,111,266,266,42,0,0
70,1.29,130,103,279,160,150,22,0,0
59,0.54,184,75,282,286,130,38,1,2
63,0.99,119,77,135,206,97,37,0,0
79,0.7,162,112,192,267,196,40,1,2
49,1.29,186,77,194,266,234,35,0,0
53,0.5,122,72,165,174,288,13,0,1
74,0.81,173,89,271,132,239,30,0,1
68,0.63,170,105,223,211,154,18,0,1
48,0.43,134,101,208,252,283,29,0,2
49,1.27,135,78,228,284,253,15,0,0
41,0.91,129,85,90,289,243,11,0,0
62,1.03,187,107,154,137,155,23,0,1
57,0.96,186,108,224,275,219,41,1,1
40,0.53,168,84,260,283,394,37,0,2
50,0.55,137,84,131,209,291,31,0,2
76,0.96,107,106,182,189,249,18,0,1
75,1.1,122,91,251,252,366,39,0,0
72,0.95,156,97,224,133,340,4,0,0
75,0.91,136,95,248,162,163,44,1,1
63,1.07,153,80,213,160,311,1,0,0
64,0.62,141,71,145,290,254,31,0,2
62,1.06,175,80,218,199,327,26,0,0
61,0.77,132,110,190,272,249,1,0,0
72,1.01,136,68,243,296,336,36,1,1
58,0.65,145,67,118,288,263,36,1,2
73,0.52,140,94,252,202,218,21,1,2
62,0.43,113,83,126,253,316,33,1,2
65,1.12,121,91,99,161,248,26,0,0
61,0.58,114,93,286,193,371,16,0,2
42,0.73,121,113,203,295,202,38,0,1
43,1.09,160,108,93,299,366,22,1,1
72,0.81,115,81,288,182,398,9,0,0
50,0.6,149,65,216,269,167,21,1,2
59,0.58,121,85,204,292,392,14,0,1
71,0.77,168,97,278,208,364,39,0,2
54,0.91,159,89,181,181,394,35,0,1
64,0.75,183,75,224,236,376,42,0,1
56,1.21,109,99,266,221,120,38,0,0
61,0.4,181,100,278,225,330,15,0,2
73,0.76,174,103,231,244,218,27,0,2
72,1.07,146,114,289,319,327,34,1,2
64,1.2,188,92,241,234,174,31,0,0
53,0.72,171,84,140,280,286,23,1,2
69,1.01,107,103,120,258,178,20,1,0
61,0.92,170,107,219,209,211,40,0,0
61,0.58,164,89,289,316,323,18,1,2
58,1.01,133,110,180,304,110,31,0,0
77,0.62,182,72,260,149,300,33,1,2
43,1.11,111,96,177,146,365,17,0,0
47,1.18,108,84,268,154,172,10,0,0
84,0.83,154,112,287,197,99,10,1,2
78,0.45,125,114,100,221,324,17,0,1
49,1.06,113,108,266,254,349,0,0,0
67,0.82,164,105,105,207,198,39,0,1
60,0.49,180,84,205,151,123,0,0,2
40,0.7,116,73,258,144,97,23,0,1
76,0.66,160,77,247,198,288,40,0,2
73,1.05,109,102,262,272,160,21,0,0
50,0.78,167,86,288,245,332,6,1,2
55,0.93,131,94,105,192,356,16,0,0
78,0.85,153,101,248,304,328,11,0,2
53,1.05,124,106,100,291,261,0,0,0
40,1.05,133,87,167,222,377,2,0,0
70,0.8,187,75,97,215,345,29,0,1
83,0.52,140,78,101,145,180,22,1,2
82,0.77,112,80,177,200,380,7,0,0
51,0.54,134,103,150,180,262,43,0,2
66,1.26,165,92,255,136,100,16,0,0
56,1.26,105,114,272,243,376,5,0,0
55,0.81,139,104,230,137,147,11,0,1
40,0.42,187,91,252,130,308,20,0,2
69,0.74,150,110,151,289,316,10,0,1
76,1.21,122,74,109,218,191,1,0,0
62,0.66,159,110,143,253,213,19,0,2
66,0.96,185,84,187,302,104,19,0,1
76,0.57,135,91,156,265,144,30,0,2
55,1.14,168,86,215,248,307,35,1,1
63,1.2,124,109,280,192,333,23,1,1
67,0.95,133,96,193,229,313,21,1,1
69,0.96,147,96,184,176,338,8,0,0
65,0.74,189,113,209,166,187,16,1,2
63,1.04,159,102,160,257,375,33,0,0
70,0.83,177,111,98,192,143,10,0,1
64,1.07,134,104,207,234,295,5,0,0
41,1.27,137,69,278,188,166,22,1,1
46,1.14,122,104,139,259,169,44,1,0
62,0.87,153,73,276,225,113,39,0,1
68,1.28,157,71,265,161,324,25,0,0
74,0.95,155,82,106,196,285,8,0,0
69,0.46,114,110,141,235,359,7,0,1
68,1.06,169,104,288,243,245,25,0,1
70,1.14,132,65,140,221,260,11,0,0
81,0.52,122,113,158,279,96,32,1,2
41,1.01,165,70,177,258,315,44,0,0
54,1.23,113,78,283,299,315,6,0,0
55,0.63,164,88,274,265,222,15,0,2
47,0.93,130,81,232,146,93,25,1,1
67,0.65,147,81,174,305,268,24,0,2
79,1.1,137,108,190,248,93,34,0,0
56,0.92,124,85,167,273,316,42,0,0
53,0.79,120,112,204,217,244,28,0,1
60,0.43,187,99,219,277,155,41,0,2
66,1.25,136,113,116,287,306,27,0,0
60,0.85,115,98,141,290,111,15,1,1
71,1.12,166,77,206,218,81,18,1,1
55,0.75,130,78,140,303,190,39,0,1
67,1.16,105,68,255,239,329,5,0,0
77,0.54,116,88,206,293,223,26,0,1
68,0.61,161,70,108,223,340,2,1,2
75,0.7,177,84,195,169,223,33,0,1
63,0.48,154,96,247,156,187,16,0,2
60,0.8,176,87,163,302,90,31,0,1
78,0.84,188,105,166,203,87,23,0,1
47,0.5,123,78,230,281,388,34,1,2
67,0.78,109,86,244,160,395,34,0,1
57,0.58,135,81,263,231,287,31,0,1
58,1.19,126,104,108,148,86,14,1,1
58,0.86,188,66,236,185,299,36,1,2
77,1.26,180,113,258,194,209,24,0,1
83,0.71,187,71,104,259,110,20,0,1
65,0.71,170,99,245,168,346,13,0,1
45,0.7,108,100,197,269,312,22,0,1
65,0.64,134,114,189,287,144,6,1,2
67,1.11,127,78,117,297,140,4,0,0
83,0.65,162,84,139,270,264,13,0,2
71,0.66,125,92,122,218,173,18,0,1
73,0.44,158,77,133,147,173,42,1,2
84,1.27,163,113,144,201,368,6,1,1
76,1.2,173,108,210,225,219,7,0,0
64,0.66,111,71,175,141,262,3,0,1
61,0.87,180,67,226,248,317,5,1,2
70,0.83,179,69,125,311,378,36,0,1
45,0.48,150,97,287,311,185,9,0,1
70,0.88,182,110,219,173,199,13,0,1
40,0.5,167,73,260,195,181,12,0,2
79,0.79,143,91,243,182,302,37,0,1
48,0.48,171,79,158,189,340,41,0,2
51,0.93,171,98,112,308,398,6,1,1
60,0.44,145,82,149,218,97,20,0,2
81,0.97,136,68,223,258,211,32,0,0
42,1.04,140,98,150,234,355,10,1,1
81,0.91,107,109,154,220,132,5,0,0
44,0.82,174,85,188,278,227,35,1,2
76,0.45,174,82,216,184,319,10,1,2
52,0.41,160,100,130,260,133,33,0,2
68,0.71,172,99,186,192,107,29,1,2
67,1.09,172,71,115,234,318,8,0,0
64,0.98,117,98,102,192,156,6,0,0
49,0.51,153,110,170,158,242,36,0,2
73,1.02,171,101,233,146,372,17,0,0
54,0.92,151,66,216,315,307,28,0,0
69,0.55,184,105,133,242,216,20,0,2
52,1.08,128,80,247,261,105,13,0,0
76,1.15,144,92,219,191,80,15,1,1
44,0.61,128,94,157,239,232,25,0,2
53,0.97,161,95,127,241,167,30,1,1
49,0.74,128,72,240,314,237,10,1,1
73,0.45,173,102,118,202,121,31,0,2
70,1.18,167,99,146,195,155,25,1,2
44,1.14,123,71,146,134,315,32,0,0
45,0.69,166,82,104,275,330,36,1,2
52,0.88,175,112,155,300,291,10,0,1
79,0.86,134,100,187,298,298,19,1,2
52,0.56,169,85,170,266,172,12,1,2
72,0.53,106,68,167,237,94,33,0,1
76,1.16,176,96,179,150,178,32,0,1
62,1.18,172,80,284,168,345,42,0,1
60,1.05,110,82,235,249,264,3,0,0
47,0.47,168,98,150,303,233,7,1,2
73,1.22,114,86,128,217,87,10,1,0
70,1.28,128,91,96,273,265,1,1,0
70,1.1,107,76,176,285,144,21,1,1
59,0.72,151,105,190,223,335,3,0,1
74,0.77,184,96,213,216,222,41,1,2
41,1.18,151,71,115,291,275,24,0,0
63,0.65,160,104,205,230,121,43,0,2
50,0.53,157,102,168,280,209,14,0,2
43,1.14,184,108,241,273,381,11,0,0
65,0.57,177,104,254,170,328,32,0,2
53,1.22,184,74,185,225,163,31,0,0
81,0.94,154,100,112,164,256,5,0,0
59,0.9,120,74,250,220,327,42,0,0
75,1.1,108,71,219,192,265,0,1,0
64,0.41,115,67,247,277,360,37,0,2
78,1.04,128,76,278,249,283,39,0,0
49,0.94,135,96,164,195,317,37,0,0
74,0.87,154,94,229,206,219,19,0,1
44,0.6,136,74,171,263,255,43,0,1
43,1.15,183,85,138,207,189,4,0,0
59,0.63,163,102,166,217,196,36,0,2
62,0.84,116,84,223,220,395,39,0,1
82,0.54,121,79,99,266,221,1,1,2
44,1.28,106,85,278,179,233,13,0,0
68,0.58,143,95,267,216,299,16,0,1
83,1.12,154,83,280,228,80,17,1,1
68,0.64,174,107,93,193,217,16,0,2
71,0.63,155,72,221,308,294,39,0,2
61,0.78,135,106,194,166,132,30,0,2
84,1.16,129,86,254,219,215,41,0,0
82,1.02,161,110,205,302,81,30,0,0
83,1.18,132,110,286,160,248,35,0,0
46,0.44,149,111,272,201,108,18,1,2
72,1.26,130,76,122,293,398,31,1,1
61,0.47,172,81,141,316,119,16,1,2
80,1.05,133,106,280,145,207,23,1,0
67,0.59,183,76,168,248,132,44,0,2
60,1.16,159,95,165,310,348,39,0,1
75,1.18,184,72,239,251,329,3,1,1
43,0.9,144,112,273,288,235,4,1,1
82,0.76,109,82,203,292,375,40,0,1
45,1.11,162,91,186,294,186,0,0,0
58,1.19,165,106,275,191,308,25,0,0
50,1.06,126,107,242,296,228,41,0,0
56,1.22,141,70,90,313,397,2,0,0
57,0.96,178,92,117,286,368,22,0,0
52,1.0,135,93,189,221,260,12,0,0
80,0.91,118,82,265,222,320,21,1,1
50,0.84,138,109,198,137,283,30,0,1
66,0.99,157,107,203,233,365,7,0,0
55,0.91,187,110,283,223,275,29,1,2
54,1.06,125,110,144,287,118,11,1,0
53,1.24,141,87,195,298,218,21,1,2
54,0.74,128,100,190,272,187,42,0,1
57,0.77,168,74,196,312,222,14,1,2
51,0.41,121,91,219,206,128,29,1,2
65,0.87,150,82,250,266,294,23,1,2
81,0.52,135,105,138,149,276,24,0,2
79,1.04,154,77,253,293,297,1,0,0
57,1.1,154,87,247,245,217,0,0,0
65,1.05,147,104,235,306,158,19,1,1
57,0.89,121,107,253,142,377,44,0,0
40,0.88,182,87,217,147,371,43,1,2
55,0.98,174,104,113,314,124,25,0,0
76,0.9,123,114,207,137,89,7,1,0
60,1.08,154,113,218,299,276,18,0,0
47,1.21,166,93,263,137,97,30,0,0
41,0.88,131,74,113,189,343,14,0,0
58,0.5,144,94,110,187,187,41,0,2
68,0.52,141,86,118,244,139,1,0,2
69,0.74,120,95,153,245,220,1,0,1
42,0.85,181,106,99,281,308,28,1,2
47,0.6,183,87,230,173,218,32,0,2
74,0.81,130,68,228,233,338,9,1,1
57,0.52,163,104,191,308,151,20,1,2
65,0.62,169,66,208,265,288,20,0,2
64,1.06,137,78,275,297,392,42,0,0
47,1.29,138,104,95,290,309,12,0,0
57,0.57,164,90,268,207,92,15,0,2
63,0.71,155,86,99,278,128,18,0,1
44,0.72,168,110,281,162,370,23,0,2
65,0.6,125,104,166,234,380,22,1,2
49,0.58,111,82,201,238,215,3,0,1
50,0.52,169,72,203,184,249,30,0,2
43,1.22,169,106,252,194,199,7,1,1
49,0.98,168,100,200,186,158,41,0,1
76,0.66,122,75,106,199,325,24,1,2
51,0.63,165,110,92,271,398,22,1,2
49,0.93,186,80,247,154,138,10,0,0
51,1.03,120,106,116,257,156,27,0,0
44,0.63,169,79,262,296,396,44,0,2
82,0.71,165,104,221,152,333,22,0,1
66,0.66,179,111,250,300,354,44,0,2
72,0.48,168,83,260,232,136,44,1,2
71,0.75,134,72,248,313,142,42,1,2
44,0.88,114,81,108,274,87,35,0,1
62,0.99,179,82,228,288,122,33,0,0
63,0.78,174,66,126,181,232,10,1,1
41,1.29,133,101,168,157,361,7,0,0
69,0.96,126,112,173,264,338,33,0,0
49,1.2,118,88,278,250,356,7,1,0
40,1.22,110,81,190,147,219,16,1,1
52,1.14,148,79,289,263,106,21,0,1
75,0.64,167,88,91,277,327,7,0,2
42,0.79,154,87,267,254,250,0,1,2
83,0.4,165,91,116,216,261,13,0,2
83,0.81,124,86,267,131,133,4,1,1
55,0.66,179,111,113,282,196,26,0,2
53,0.5,170,77,188,240,348,22,0,2
79,1.15,119,113,117,263,354,11,0,0
84,1.01,142,76,145,300,195,29,0,1
44,1.3,109,99,123,286,173,7,0,0
64,0.85,119,92,170,138,285,39,0,1
77,0.7,115,74,250,271,137,1,0,1
68,0.64,155,74,112,302,111,4,0,2
56,0.79,137,109,225,144,128,12,0,0
48,0.68,140,88,250,303,181,16,0,1
57,1.29,145,92,153,209,221,34,1,1
51,0.56,179,103,213,241,125,14,0,1
84,0.42,139,101,108,244,171,11,0,2
78,0.52,161,73,229,174,268,34,0,2
67,1.2,168,100,93,173,99,41,0,0
71,1.02,177,99,280,138,232,2,0,0
59,1.11,179,107,261,221,268,9,0,0
79,0.69,137,113,209,197,106,1,0,2
40,0.96,137,66,208,269,328,14,1,1
51,1.04,122,105,238,252,322,6,0,0
61,0.69,115,102,101,258,318,19,0,2
47,1.05,166,87,288,301,128,7,0,0
51,0.97,151,76,235,297,96,25,1,1
77,0.67,165,85,128,253,210,7,0,1
63,0.45,184,93,164,261,261,29,0,2
77,0.61,160,100,122,171,215,44,0,2
78,0.96,128,107,289,290,134,19,0,0
80,0.94,169,101,256,228,304,30,0,0
67,0.86,179,91,248,240,238,28,1,2
51,0.63,110,70,116,259,343,29,1,2
70,0.8,180,84,204,267,84,30,0,1
77,0.53,130,112,258,201,212,3,0,1
77,1.0,187,107,116,271,113,28,0,0
67,1.18,169,105,99,190,318,43,0,1
48,0.82,158,86,240,156,80,29,0,1
61,0.59,166,87,122,206,397,21,1,2
46,1.15,188,98,243,206,89,31,0,1
43,0.68,116,68,248,311,373,11,1,2
68,0.93,128,96,244,158,87,29,1,0
84,0.47,143,80,102,137,232,4,0,2
49,1.05,178,68,265,195,172,1,1,1
81,0.81,126,92,272,231,396,5,0,1
60,0.78,152,92,147,205,116,42,0,1
43,1.24,182,105,136,307,292,42,1,2
63,0.84,108,86,187,298,110,34,0,1
60,0.42,133,72,136,267,189,9,0,1
57,1.26,110,90,288,282,231,15,0,0
65,0.41,151,103,133,155,269,21,1,2
47,0.88,159,94,222,245,213,13,1,2
62,0.97,159,114,191,283,130,39,0,0
48,1.21,153,73,95,215,317,15,1,1
64,1.01,129,90,179,232,155,38,1,1
75,1.13,149,106,236,269,332,0,0,0
71,1.09,112,75,98,315,289,15,0,0
46,0.59,115,89,166,283,232,19,0,1
72,1.03,105,98,124,142,269,31,0,0
70,0.97,174,91,200,211,145,1,0,0
56,0.62,132,74,251,160,102,21,1,2
74,0.52,113,79,280,146,106,4,0,2
61,1.08,153,114,116,272,396,1,1,1
68,1.27,170,69,135,151,199,38,0,0
57,1.06,126,76,262,145,236,43,0,0
49,1.07,143,72,229,253,126,40,0,1
54,0.55,127,70,128,290,373,31,0,2
46,0.62,165,88,219,170,151,10,0,2
77,0.93,171,65,264,261,140,25,0,0
53,0.43,147,89,189,226,100,30,0,2
65,1.0,149,109,217,221,358,14,0,0
57,0.53,184,111,142,198,393,11,1,2
57,0.77,145,75,171,299,259,25,0,1
45,0.69,123,87,95,298,225,10,1,2
84,0.5,148,100,273,264,123,21,0,2
82,0.92,130,104,111,244,151,27,0,0
64,0.73,120,71,210,153,259,21,0,1
80,0.44,126,91,228,173,88,20,1,2
51,0.8,110,109,192,197,124,43,0,0
69,0.93,141,85,129,269,275,9,0,0
58,0.52,173,69,131,312,381,37,0,2
60,0.93,182,97,96,133,167,24,1,1
55,0.67,128,80,160,218,384,38,0,2
74,0.63,182,75,120,132,209,13,0,1
46,1.12,177,96,145,283,155,34,0,0
81,0.82,144,114,159,188,283,8,1,2
58,0.74,179,88,179,243,139,37,1,2
77,1.13,114,73,253,138,394,36,0,0
65,1.22,135,100,253,303,104,3,0,0
80,0.68,155,71,220,142,333,14,0,2
57,0.45,158,92,274,262,332,28,1,2
51,0.89,157,87,197,240,392,9,0,1
44,1.04,124,103,248,252,311,32,1,0
65,0.93,135,77,281,182,199,6,1,0
44,1.02,120,71,247,253,241,16,0,0
77,0.98,174,85,260,190,257,3,0,0
57,1.26,147,103,257,262,294,9,0,0
45,1.18,115,77,223,205,171,0,0,0
40,0.52,152,100,242,258,131,41,1,2
50,0.81,144,76,183,292,161,19,0,2
55,0.81,123,72,115,285,175,6,0,0
65,0.81,169,112,156,180,141,8,0,1
78,1.24,162,107,239,152,263,31,0,0
57,0.69,131,100,259,198,381,27,0,2
75,0.95,189,111,262,290,118,27,0,0
76,1.21,145,108,203,208,118,1,0,0
65,0.45,118,87,96,194,363,3,0,1
72,1.19,188,98,126,245,244,16,0,0
40,1.09,139,87,201,222,298,5,0,0
66,0.59,106,102,180,153,270,7,0,1
76,0.69,186,93,117,138,328,11,1,2
61,0.68,189,114,197,292,124,18,1,2
58,0.6,117,88,152,190,165,28,1,2
52,0.97,140,86,209,273,378,31,1,1
76,1.28,185,76,212,201,389,27,0,0
42,0.55,180,80,150,201,230,4,0,1
66,0.61,146,65,267,152,142,42,0,2
74,0.66,128,94,215,319,181,11,1,2
48,1.24,119,100,223,301,279,4,0,0
59,0.96,111,106,153,316,246,32,0,0
65,0.59,107,106,178,220,141,30,1,2
74,1.12,124,88,205,192,334,24,1,1
60,1.23,147,103,118,140,261,6,0,0
71,0.76,130,102,120,216,312,38,0,2
61,0.56,149,96,95,210,209,24,1,2
53,0.68,132,96,280,204,328,28,0,2
68,0.6,149,76,251,137,82,10,1,2
70,0.58,164,74,241,219,380,20,1,2
56,0.55,144,76,275,306,290,22,0,2
62,1.19,113,77,211,137,316,5,0,0
75,0.48,175,79,148,244,342,37,0,2
64,0.77,144,94,164,163,82,22,0,1
57,0.41,118,77,113,161,140,9,0,1
55,0.66,186,112,279,206,140,34,1,2
41,1.04,114,107,91,229,89,4,0,0
65,0.58,152,65,139,211,306,17,0,2
73,1.3,119,82,169,206,348,20,0,0
51,0.44,149,103,176,223,305,14,0,2
49,0.52,172,76,124,256,324,11,0,1
68,1.11,162,114,210,192,98,39,1,1
41,1.28,123,108,132,182,291,6,0,0
55,1.26,152,73,175,228,141,27,1,1
75,1.12,132,113,124,196,274,34,0,0
81,1.28,148,68,223,287,162,6,1,1
75,1.16,126,91,273,188,110,17,0,0
61,0.45,144,92,176,241,121,19,1,2
45,1.16,179,88,112,282,298,25,1,1
74,0.84,148,68,247,290,346,33,1,2
80,0.81,135,92,190,145,318,38,0,1
76,0.4,109,84,259,178,375,36,0,2
70,0.96,133,93,237,132,280,13,0,0
80,1.0,173,97,228,158,241,14,0,0
84,1.11,186,94,177,143,330,15,1,1
41,0.69,170,67,274,190,288,22,1,2
74,0.52,118,83,244,246,255,33,0,2
67,0.8,163,85,270,158,187,19,0,1
46,0.73,157,104,96,278,181,18,0,1
60,1.08,133,85,265,263,366,9,0,0
83,0.61,176,84,174,281,126,33,0,2
64,0.52,108,97,168,157,127,39,0,2
57,0.8,136,102,161,314,380,37,0,1
80,0.97,153,73,174,252,257,7,0,0
84,0.65,142,114,161,314,370,20,1,2
82,0.5,133,95,181,235,115,0,1,2
52,0.8,105,96,200,151,297,44,0,0
47,1.27,107,105,197,153,206,41,1,1
53,1.27,146,87,254,233,131,17,1,1
56,1.04,187,87,206,147,359,22,0,0
52,1.1,182,106,258,285,341,15,0,0
50,0.58,136,80,243,186,387,41,1,2
49,0.74,127,85,165,203,107,24,1,1
56,0.94,130,76,280,130,124,4,0,0
68,1.08,186,70,187,230,157,10,1,1
83,0.55,183,78,184,155,118,42,0,2
41,0.81,142,86,216,219,218,5,0,1
40,0.55,126,95,92,162,283,13,0,1
66,0.97,186,104,179,254,328,43,0,1
58,1.09,116,111,146,312,257,25,0,0
57,1.15,167,106,143,202,241,26,0,0
74,1.06,188,92,287,147,370,13,0,0
48,0.54,120,69,147,249,195,42,0,2
64,1.15,162,90,237,215,324,28,1,2
61,0.7,119,91,268,139,358,17,0,1
52,1.15,178,93,257,271,208,17,0,1
82,0.63,109,80,234,205,239,13,0,1
68,0.83,185,90,258,225,177,6,1,2
61,0.92,155,72,154,168,261,27,0,0
55,0.43,145,75,102,293,193,4,0,2
58,1.21,108,67,281,180,276,39,1,1
47,0.86,151,66,174,307,295,14,0,1
51,0.57,126,65,269,240,220,33,0,2
41,0.54,135,65,101,272,302,4,1,2
44,1.02,133,84,153,188,125,3,1,1
53,0.47,145,106,261,290,112,16,1,2
55,0.8,165,95,101,197,120,0,0,1
73,0.89,157,114,115,311,295,9,1,1
81,0.61,120,80,131,180,80,33,1,2
49,0.52,159,112,193,260,344,32,0,2
47,0.84,121,67,245,219,266,41,0,1
83,0.71,122,103,261,249,200,26,0,1
64,0.53,141,70,137,230,167,23,0,2
66,0.59,164,107,267,291,105,42,1,2
49,0.82,133,101,100,171,118,27,1,2
75,0.52,126,105,188,138,389,18,0,2
78,1.24,158,100,125,237,229,1,1,1
46,1.1,181,76,246,143,304,0,0,0
54,0.69,185,74,129,226,178,44,0,2
52,0.63,149,99,234,231,104,24,0,2
72,1.19,156,103,126,262,189,2,1,1
74,0.78,162,66,201,240,180,6,1,2
41,1.18,107,95,266,221,202,24,1,1
79,1.07,105,104,161,162,345,14,0,0
50,0.48,159,109,270,210,287,3,0,2
60,1.13,149,79,197,214,188,1,0,0
53,0.89,161,97,200,136,385,5,1,2
64,1.01,121,66,158,169,108,34,0,0
62,0.6,133,91,240,292,393,33,0,2
83,0.4,122,114,143,137,339,20,0,2
40,0.7,113,88,227,244,147,21,1,2
45,0.57,180,91,136,317,158,40,0,2
75,0.79,119,95,168,171,334,28,1,1
57,0.48,182,71,244,249,211,13,0,2
81,1.21,113,90,121,262,92,41,0,0
76,0.51,135,86,145,317,257,6,0,2
44,1.09,106,66,268,134,132,4,0,0
40,1.25,158,80,198,301,135,14,0,0
69,0.53,152,89,263,255,134,13,0,1
40,0.71,105,80,124,219,368,36,0,1
53,1.06,167,87,177,194,148,34,0,1
67,1.04,138,100,248,210,319,27,0,0
70,0.43,169,113,204,212,137,36,1,2
62,0.46,115,78,124,259,371,25,0,1
81,0.51,113,104,193,186,348,5,0,0
70,0.91,111,73,279,307,214,7,0,0
46,0.45,150,104,253,309,136,9,0,2
59,0.93,141,95,165,268,216,21,0,0
59,0.71,153,114,277,159,361,9,0,1
70,1.0,112,71,169,303,390,18,1,1
48,1.1,165,109,138,251,102,31,0,1
50,1.11,140,65,158,272,263,13,0,0
45,0.43,106,85,200,189,233,23,0,2
82,1.25,149,93,286,216,195,17,1,1
57,0.93,110,72,109,269,154,26,1,1
68,1.21,141,73,265,220,156,17,0,0
40,0.95,161,83,255,135,131,3,0,0
83,0.84,180,111,217,134,268,28,0,1
72,1.06,123,99,272,303,351,30,0,0
42,0.6,156,91,185,295,227,2,0,2
77,0.49,187,85,193,292,175,16,0,2
84,0.48,135,87,100,312,331,2,0,1
76,1.16,151,107,164,193,152,6,0,0
80,1.22,143,78,266,263,211,30,1,1
55,1.13,155,76,101,143,385,26,1,2
77,1.21,159,69,263,181,377,37,0,1
74,1.29,125,98,120,307,190,2,0,0
65,0.87,137,71,129,146,217,12,0,1
75,0.54,125,69,183,266,135,17,0,2
60,0.95,114,99,173,297,282,21,0,0
75,0.72,108,89,116,165,299,44,0,1
58,0.71,152,94,242,203,269,11,0,1
48,1.06,161,106,267,220,219,38,0,1
66,0.48,116,75,187,178,119,18,0,2
70,0.43,114,72,124,309,380,29,1,2
54,1.03,171,102,260,160,327,43,1,1
71,0.63,112,92,269,314,305,30,0,1
68,0.75,173,76,222,207,115,16,0,1
48,0.68,126,109,128,237,389,27,0,2
83,0.95,139,98,280,222,118,40,1,1
76,0.54,108,95,161,232,91,3,0,1
56,1.05,120,85,236,304,333,4,0,0
53,1.23,141,80,196,205,80,34,0,0
78,1.15,126,88,235,226,163,6,0,0
79,1.22,189,86,207,317,243,15,1,1
45,1.24,166,77,168,251,245,25,0,0
77,0.74,154,73,168,223,338,19,0,1
71,1.12,164,109,213,151,257,3,1,1
45,0.85,131,111,118,159,252,31,0,1
71,0.64,156,72,106,289,227,8,1,2
73,1.07,144,87,104,295,317,2,1,1
73,0.62,176,113,257,259,253,31,0,2
51,0.5,175,74,164,250,218,44,0,2
48,1.03,134,105,92,193,109,1,1,1
44,0.66,156,81,255,307,139,27,0,2
56,0.68,142,93,226,312,259,4,1,2
67,1.19,119,113,208,285,99,13,1,0
61,0.52,132,66,214,132,189,44,1,2
45,1.09,163,75,265,316,365,9,0,0
71,0.75,144,72,146,277,380,43,0,1
58,1.2,177,85,266,228,283,31,0,1
84,0.8,109,113,219,319,347,37,0,1
56,0.77,143,97,250,148,374,27,0,1
49,0.79,160,114,105,263,145,0,1,2
54,1.15,183,71,94,174,294,2,1,1
78,0.41,139,105,270,199,255,38,0,2
77,1.03,121,89,152,319,348,24,0,0
60,0.58,123,73,145,207,397,29,0,2
79,1.19,122,106,249,143,97,35,0,0
42,0.74,178,112,232,311,226,37,0,2
69,0.71,106,107,278,254,234,29,1,2
54,1.04,170,102,101,210,109,14,0,0
66,1.05,153,91,234,317,208,30,0,1
70,0.97,184,108,227,207,215,42,0,1
55,0.7,136,74,179,160,142,24,0,1
67,0.95,142,112,261,174,229,22,0,0
84,0.45,130,90,245,198,227,25,1,2
79,1.26,157,91,109,209,221,21,0,0
76,0.81,154,86,170,149,226,15,0,1
82,0.67,176,110,269,305,374,16,0,2
48,1.17,173,113,225,279,172,26,0,0
48,0.69,136,84,203,297,373,16,0,2
51,1.3,176,90,206,307,385,16,0,1
67,1.02,126,101,193,307,105,19,0,0
46,0.98,151,100,199,138,256,1,0,0
74,0.54,105,93,116,231,179,35,0,2
75,0.95,179,77,128,208,99,22,0,0
77,0.54,142,71,196,309,232,27,0,2
40,1.11,159,75,178,175,215,25,1,1
73,0.52,110,107,152,207,190,42,0,2
61,0.72,188,108,164,266,183,44,1,2
69,0.83,124,67,127,290,207,11,0,0
59,1.12,166,108,162,186,100,16,0,0
47,0.97,122,99,196,288,282,40,0,0
84,1.07,186,65,268,168,254,27,1,1
46,0.62,175,106,169,310,169,10,0,2
41,0.61,136,65,224,226,150,37,0,2
69,0.74,128,97,250,242,220,44,0,1
51,0.42,158,90,166,211,319,10,0,2
75,1.15,155,107,264,245,167,14,0,0
81,0.73,116,112,124,315,231,25,0,1
77,0.46,186,67,157,205,305,28,0,1
66,1.18,172,88,152,193,118,25,1,1
73,1.27,138,99,184,247,275,22,0,0
77,0.98,165,104,183,156,163,10,1,0
50,0.72,167,109,220,234,284,3,1,2
59,0.77,177,80,130,138,136,9,1,2
69,0.63,143,111,180,306,390,41,0,2
82,1.04,180,106,249,192,395,39,0,0
71,0.72,141,113,264,242,388,32,1,2
65,0.43,116,99,255,279,230,3,0,1
62,0.44,120,78,211,131,251,35,0,2
80,0.95,123,97,95,296,156,7,0,0
63,0.66,180,73,210,314,393,21,1,2
41,0.55,105,83,279,241,243,20,0,1
80,0.9,169,94,97,280,135,29,0,1
71,0.65,123,74,143,191,248,29,0,2
54,0.47,156,75,177,142,154,15,0,2
45,0.57,148,90,242,250,223,1,0,2
55,1.1,148,90,244,238,352,22,0,0
50,1.17,106,78,102,176,238,33,0,0
84,1.18,181,80,222,277,279,29,1,2
48,0.88,108,103,160,142,348,27,0,1
42,1.26,123,94,147,312,230,4,0,0
46,0.54,149,73,286,284,340,34,0,2
69,1.01,137,77,245,235,338,8,1,0
61,1.03,121,103,126,288,206,37,1,0
43,0.45,161,65,254,219,377,18,1,2
44,0.65,121,103,212,151,377,40,0,2
61,1.25,108,66,224,161,360,6,0,0
43,1.08,112,87,263,193,175,25,0,0
79,0.45,141,98,179,151,159,13,0,1
43,0.89,106,65,275,319,154,31,0,1
82,0.98,130,105,172,176,231,38,1,0
84,1.28,145,106,163,130,184,29,0,1
54,1.04,117,106,273,300,167,9,0,0
55,0.97,187,69,195,216,205,1,0,0
81,1.22,128,103,199,167,395,37,0,0
59,0.99,177,96,184,298,125,4,0,0
49,1.24,166,74,199,271,144,5,0,0
72,0.84,169,86,95,236,219,27,0,1
70,1.05,135,88,177,132,166,14,0,0
77,0.97,122,99,119,194,343,28,0,0
83,0.9,119,95,98,173,347,29,0,0
40,0.69,128,108,154,145,160,43,0,2
64,1.21,169,112,139,265,301,43,1,1
76,0.64,119,114,232,214,314,30,1,2
57,0.54,155,112,147,191,156,30,0,2
64,1.04,124,85,223,131,204,34,1,1
54,0.89,156,74,160,205,344,25,0,2
43,0.64,181,91,135,215,198,8,0,1
74,1.18,109,97,180,185,363,6,0,0
43,0.66,158,80,227,274,289,12,0,2
81,0.46,141,69,185,318,249,19,0,2
59,0.41,166,88,261,136,368,27,0,2
51,1.23,115,108,126,214,381,29,1,1
69,0.76,146,112,143,163,399,40,0,2
80,0.59,110,91,191,189,144,26,0,1
61,0.91,149,78,128,151,390,29,0,1
75,0.84,161,74,149,279,271,40,1,2
73,1.3,143,80,130,278,201,23,1,1
66,1.2,141,93,137,257,290,29,0,0
64,0.64,144,79,167,142,83,0,0,1
78,1.03,162,86,91,256,86,23,0,1
51,0.75,111,107,241,173,191,19,0,0
51,0.73,186,70,99,288,172,7,0,1
60,0.73,144,111,259,154,332,16,0,2
72,0.98,139,91,223,225,343,30,0,0
46,0.88,178,93,220,184,380,3,0,1
58,1.08,118,109,279,158,340,33,1,1
63,0.54,187,92,251,164,142,32,0,2
84,0.78,113,83,163,205,250,28,1,1
59,1.17,173,97,255,209,167,18,0,0
44,0.4,143,74,271,202,224,13,1,2
69,0.96,149,75,174,205,318,24,0,0
46,1.11,165,108,114,219,113,0,1,1
59,0.75,154,94,283,272,343,21,1,2
56,1.2,144,78,125,197,328,3,0,0
73,1.06,132,80,154,178,209,34,0,0
46,0.95,140,71,261,305,366,38,0,0
50,0.58,114,68,253,173,190,32,1,2
57,1.0,165,80,261,167,379,15,0,0
69,1.15,172,99,177,241,137,44,0,0
59,1.06,141,73,124,141,335,34,1,1
41,0.92,128,113,277,189,83,11,0,0
46,1.04,138,100,175,295,283,35,1,1
66,1.28,105,73,199,223,198,6,1,1
54,0.41,125,96,264,144,159,3,0,2
58,1.0,175,110,233,165,101,11,1,1
73,1.11,148,90,216,198,288,6,0,0
41,0.98,144,108,253,219,265,14,0,0
67,0.65,183,83,276,300,350,5,0,2
41,1.14,182,107,278,148,227,16,1,1
50,1.22,156,68,158,207,366,16,1,1
45,1.02,105,95,263,220,321,43,0,0
62,0.86,157,77,180,249,301,3,0,2
49,0.73,171,110,231,295,261,6,1,2
72,0.7,137,74,190,155,266,35,0,1
58,1.05,115,112,109,235,325,6,0,0
50,0.95,145,84,117,235,333,37,0,1
63,0.54,172,70,204,306,298,35,0,2
67,0.53,153,108,217,190,211,41,1,2
84,0.46,164,112,95,195,275,32,1,2
51,1.02,150,72,111,269,146,22,1,1
67,0.68,188,99,176,233,342,27,0,2
44,0.42,120,79,225,165,374,27,0,2
58,0.7,188,93,218,197,306,32,0,1
47,1.15,138,114,160,288,371,21,1,0
83,0.62,128,72,209,170,130,38,0,2
76,0.97,112,73,278,285,371,21,0,0
67,0.8,172,93,214,304,190,3,0,1
83,0.89,134,87,150,313,299,23,0,1
82,0.94,157,76,165,158,367,15,0,0
44,0.81,157,92,256,144,315,12,0,0
47,0.45,169,111,170,214,285,14,1,2
63,0.91,131,108,139,271,242,32,0,0
59,0.76,117,79,169,273,202,29,0,1
74,0.58,111,114,285,157,207,22,1,2
45,1.21,184,99,98,165,382,41,0,1
44,1.06,131,93,98,267,395,4,1,1
49,0.66,140,82,165,304,195,38,0,2
67,0.89,171,104,251,311,269,33,0,1
51,1.27,160,82,240,266,256,40,0,1
54,0.62,186,74,98,143,91,4,0,2
42,1.25,118,71,205,255,151,43,0,0
62,1.02,105,66,267,212,188,3,0,0
75,0.89,143,82,147,186,225,15,0,1
46,1.28,123,106,210,206,277,10,1,1
40,0.7,171,99,132,252,340,26,0,1
47,0.65,151,102,219,313,188,22,0,2
66,0.71,155,74,283,308,166,32,1,2
61,1.08,169,84,118,312,168,22,1,1
70,0.7,111,74,262,230,342,12,0,0
82,0.49,151,77,274,168,378,4,0,1
78,0.98,111,88,239,181,380,31,0,0
50,0.6,177,106,260,192,276,39,0,2
82,0.4,162,110,148,190,366,9,0,2
60,0.58,160,75,200,196,226,14,0,2
54,1.14,184,84,223,200,194,14,1,1
67,1.25,173,80,274,157,123,22,1,1
77,1.0,138,99,245,143,193,44,0,0
62,0.68,152,77,218,294,370,33,0,2
66,0.79,142,110,240,241,250,3,0,1
58,0.58,144,73,225,309,328,12,1,2
84,1.19,187,95,278,151,207,28,1,1
55,1.0,133,100,161,130,152,8,0,0
51,0.48,189,78,90,183,295,4,1,2
62,0.73,141,107,100,303,225,11,1,2
46,0.88,111,76,97,241,396,33,0,1
69,1.12,184,87,140,214,251,7,1,1
55,1.23,181,113,120,197,260,19,0,1
71,0.52,143,96,199,256,391,15,0,2
80,1.15,122,112,253,264,181,23,0,0
60,0.46,114,65,289,230,369,19,0,2
43,0.62,160,80,180,200,240,7,0,1
46,0.42,127,114,118,195,339,28,1,2
66,0.46,160,75,217,258,291,18,0,2
82,0.43,137,93,171,260,385,41,0,1
45,0.53,149,66,253,130,297,24,0,2
59,1.19,180,80,127,164,250,36,1,1
83,0.66,188,80,167,145,374,2,0,2
83,0.83,138,91,102,265,111,18,0,1
51,0.84,110,100,257,278,319,33,1,2
53,1.3,114,97,141,134,194,6,0,0
81,0.73,178,90,113,185,167,8,1,2
73,0.64,171,75,278,160,92,7,0,2
83,1.27,142,71,167,219,91,18,0,1
56,0.93,183,102,161,130,204,36,0,1
79,0.66,148,102,229,270,221,7,1,2
59,0.66,113,89,141,161,92,23,0,1
41,0.48,172,114,184,213,255,1,0,2
60,0.9,134,72,189,180,140,28,0,0
51,1.05,166,92,221,221,398,11,0,0
52,0.83,137,70,228,264,244,4,1,1
40,1.2,116,104,273,253,211,0,1,1
57,0.84,168,93,96,187,275,12,1,2
53,0.71,180,67,144,161,311,38,0,1
70,0.63,139,100,215,147,264,7,1,2
63,0.62,166,70,165,303,397,18,0,2
51,0.68,121,113,280,238,351,27,0,2
64,1.29,138,65,222,137,118,9,0,0
75,0.72,187,79,220,213,398,33,1,2
53,0.87,165,93,153,155,161,9,0,1
57,0.65,188,79,229,147,351,17,0,2
63,0.53,166,76,250,175,254,9,0,1
65,0.98,114,70,257,254,297,20,1,1
69,0.89,154,101,258,259,102,1,0,1
43,0.46,176,71,220,304,199,8,0,2
79,1.19,156,104,243,178,191,37,0,1
68,0.86,111,106,127,315,191,6,0,0
57,0.7,146,103,123,217,273,2,0,1
43,1.1,161,103,284,137,392,25,0,0
72,0.5,137,110,167,151,245,6,0,1
77,0.83,158,68,199,227,84,39,0,1
84,0.89,159,74,231,228,382,24,0,1
41,1.1,113,77,170,282,287,36,0,0
51,0.73,149,71,168,207,127,34,0,1
61,1.17,142,99,229,301,120,26,1,1
65,1.03,123,69,128,286,258,37,0,0
53,1.09,148,82,197,136,116,34,0,1
48,1.27,166,71,183,257,228,6,0,0
49,1.16,117,102,151,154,285,37,0,0
46,0.71,139,72,266,137,216,19,0,1
80,0.98,153,103,148,260,104,22,0,1
59,1.18,145,107,140,160,356,28,0,0
54,0.87,159,106,288,197,253,21,0,1
82,1.01,183,90,124,161,305,20,0,0
73,0.56,119,70,268,264,105,41,0,2
63,1.13,118,82,205,271,333,4,1,0
41,1.08,163,102,120,291,197,39,0,0
59,1.2,150,74,129,141,232,42,1,1
52,1.04,182,73,254,166,239,9,0,0
64,1.19,132,104,231,156,141,32,0,0
75,0.55,163,76,275,214,108,0,0,2
42,1.13,142,93,213,250,177,35,1,1
51,1.26,144,85,117,206,98,15,0,0
72,1.13,155,85,101,218,257,18,0,0
67,0.95,173,91,194,163,227,4,0,0
50,1.23,113,106,159,171,176,22,1,1
56,0.49,115,76,157,193,369,2,1,2
79,0.42,124,93,186,177,199,17,0,1
53,1.27,138,90,145,146,312,2,0,0
70,1.01,173,114,94,278,248,41,0,0
44,0.5,137,90,226,144,372,2,1,2
41,0.71,132,92,151,155,147,13,0,0
78,1.07,157,78,192,290,276,7,0,0
52,1.08,140,109,171,228,271,31,0,0
59,0.55,145,89,213,219,176,29,1,2
50,0.82,134,103,123,269,130,18,0,1
53,1.13,131,72,257,151,138,5,0,0
81,1.27,154,79,190,227,206,8,0,0
43,0.96,115,91,190,226,251,29,1,1
42,0.97,121,105,213,203,172,5,0,0
50,0.82,154,99,207,302,172,30,1,2
64,0.89,136,69,128,264,252,41,0,1
62,0.49,127,68,197,157,259,20,1,2
56,0.71,149,85,102,169,96,39,1,2
70,0.86,122,84,221,223,114,14,0,0
53,0.65,126,70,98,318,92,42,0,1
57,0.72,132,93,289,179,125,20,0,1
42,1.27,153,104,223,243,83,42,1,1
84,0.4,146,67,122,238,396,13,0,1
74,0.67,119,100,287,223,272,37,0,1
78,0.93,124,81,137,139,122,11,0,0
58,0.65,136,113,170,154,362,14,0,1
62,1.01,160,101,254,269,299,36,1,1
70,0.67,176,113,239,248,168,10,0,2
63,0.97,157,89,267,130,358,29,1,1
56,1.16,147,108,108,202,386,34,1,1
66,0.99,186,99,117,167,263,34,0,1
48,0.44,126,85,208,211,387,41,0,2
71,1.12,124,66,206,294,133,41,0,0
53,0.59,184,75,281,316,223,36,0,2
61,0.97,105,102,275,242,303,27,0,0
79,0.98,155,81,196,269,336,40,0,0
53,1.12,161,95,242,294,177,9,0,0
76,0.86,146,83,197,225,379,10,0,1
53,0.74,156,93,161,141,115,1,0,1
67,0.87,181,77,198,185,88,1,1,2
83,0.89,130,85,275,230,214,16,0,1
79,1.14,167,101,249,296,110,39,0,1
72,0.58,165,69,264,313,389,12,1,2
61,1.16,166,92,164,185,275,37,0,0
79,0.73,171,79,255,236,282,1,1,1
76,1.07,165,91,235,289,183,25,0,1
74,0.7,150,68,116,162,284,26,0,1
84,1.04,153,102,191,281,130,38,0,0
67,1.12,128,67,126,288,225,36,1,1
76,0.9,150,93,131,319,105,32,0,1
42,0.96,161,75,125,131,294,17,0,0
61,1.04,176,100,194,181,130,28,0,0
77,1.02,118,91,251,210,269,3,1,0
78,1.05,106,103,232,258,217,29,0,0
62,1.16,110,99,150,181,119,37,0,0
45,0.6,180,69,166,224,290,16,1,2
53,0.59,165,80,244,253,350,39,0,2
61,1.27,140,85,236,222,244,12,0,0
75,1.17,172,89,189,261,283,19,0,0
59,0.93,134,94,166,229,366,35,1,0
81,0.41,152,114,224,137,262,4,0,1
62,1.17,120,67,278,229,204,26,0,0
52,1.08,168,101,90,304,395,22,0,0
83,1.26,112,71,238,278,201,10,0,0
84,0.41,139,103,105,204,257,34,1,2
48,0.43,128,67,266,269,379,17,1,2
80,0.87,135,105,246,220,215,43,0,1
45,1.17,138,72,172,163,343,2,1,0
67,1.29,109,85,180,232,112,30,0,0
46,0.69,118,82,264,206,109,42,0,2
58,0.43,141,74,218,210,171,14,0,2
70,0.58,185,84,180,197,322,34,0,2
74,1.19,124,104,231,193,289,38,1,1
68,0.82,169,104,164,232,201,5,0,1
83,1.17,120,113,176,157,247,28,0,0
72,0.8,115,93,136,170,348,26,1,2
82,0.45,172,113,277,213,250,27,0,2
61,0.96,148,94,173,201,134,2,0,0
42,0.79,165,100,206,176,166,22,0,1
52,0.84,135,96,115,144,198,25,0,1
79,1.25,173,70,107,224,133,26,1,1
52,0.81,181,83,253,278,102,5,0,1
79,1.12,165,95,270,177,397,32,0,0
79,0.45,113,97,285,296,334,13,0,1
52,0.83,154,68,172,161,307,2,0,1
51,0.93,122,75,151,135,211,18,1,1
44,0.5,119,70,286,217,91,39,1,2
52,0.67,128,76,283,225,93,18,0,2
51,1.07,151,101,227,275,95,26,0,0
49,0.57,175,110,275,313,172,36,0,2
54,0.52,177,95,138,237,350,41,1,2
41,0.67,184,81,196,138,80,39,0,2
77,1.17,138,68,272,270,363,40,0,0
55,1.09,127,79,132,156,343,1,1,0
72,1.1,124,102,164,230,168,44,1,1
73,0.69,149,109,140,265,306,13,1,2
64,0.49,140,76,239,310,155,27,0,2
65,0.43,150,74,132,195,267,9,1,2
79,0.93,113,70,97,133,213,37,1,1
53,1.03,118,86,215,143,270,27,0,0
81,0.74,147,105,92,154,302,12,0,1
54,0.88,188,95,258,298,201,27,0,1
74,0.65,181,80,142,263,88,44,0,2
77,0.73,165,72,257,134,387,16,0,1
70,1.06,185,103,275,278,389,4,1,1
73,1.05,126,110,235,306,291,4,0,0
48,0.43,109,100,139,280,158,18,0,2
46,1.25,163,67,100,166,389,33,0,0
77,0.64,136,93,283,212,207,40,0,2
40,1.22,180,67,239,182,243,42,0,0
62,0.86,139,74,194,306,248,38,1,1
53,0.85,108,110,152,256,90,30,0,1
64,0.81,185,96,204,267,142,24,0,1
47,1.23,189,85,225,277,118,0,0,0
79,0.59,186,70,172,305,356,21,0,2
45,0.95,151,108,162,140,196,37,1,1
54,0.69,177,96,158,208,218,28,0,2
59,1.22,182,108,161,225,381,1,0,0
56,0.55,158,92,202,268,154,40,0,2
71,1.01,164,68,104,168,386,41,0,0
45,0.78,155,94,232,258,188,29,0,1
78,1.0,117,106,194,193,215,16,0,0
67,0.54,139,108,96,176,162,35,0,2
49,0.75,120,81,199,220,297,13,0,1
48,0.5,172,92,243,265,317,16,0,2
76,1.27,107,103,154,205,250,27,0,0
73,0.59,166,74,268,255,113,5,1,2
52,1.29,183,65,179,221,126,8,0,0
50,0.78,135,95,243,177,351,10,0,1
50,0.46,105,96,215,235,304,7,0,1
69,0.42,166,84,181,235,242,22,0,2
67,0.94,105,93,98,255,345,5,0,0
62,0.95,137,101,243,244,307,20,0,0
54,0.87,146,89,204,276,390,16,1,2
50,0.46,169,102,94,217,204,38,0,2
52,0.7,120,65,199,195,383,10,0,0
67,0.72,141,79,107,193,339,38,0,2
46,1.03,156,98,142,225,354,4,0,0
70,0.78,139,87,240,201,139,30,1,2
82,0.92,176,93,286,238,377,15,1,1
61,0.66,151,114,150,254,349,11,1,2
77,1.05,106,77,180,319,112,29,0,0
53,0.44,148,66,251,310,133,24,0,2
45,1.29,157,104,167,280,259,11,0,0
70,0.98,186,69,264,248,215,2,0,0
42,0.53,178,86,287,158,238,16,0,2
56,1.05,114,79,116,200,114,3,0,0
59,1.11,149,77,219,262,296,5,0,0
46,1.11,180,94,98,169,232,14,0,0
56,0.64,162,89,143,289,82,31,1,2
81,1.26,128,85,222,233,350,20,0,0
65,0.42,126,81,92,132,100,1,0,1
66,0.74,145,100,179,139,137,2,0,1
52,0.49,109,103,231,319,246,24,0,2
79,0.75,108,98,98,297,349,26,1,2
44,0.45,186,105,266,246,371,26,0,2
40,0.98,163,98,147,222,125,22,0,0
56,0.46,126,113,199,302,312,8,1,2
76,0.95,164,114,167,212,217,35,0,0
55,0.61,174,102,227,218,231,10,0,2
57,0.56,115,114,214,303,174,38,0,2
67,0.71,150,102,224,203,137,6,1,2
42,0.98,145,90,230,308,235,12,0,0
57,0.92,111,66,124,268,321,6,1,0
80,1.01,128,98,278,308,98,41,0,0
69,1.23,112,102,184,262,311,42,0,0
71,0.58,116,105,127,236,303,12,0,1
53,0.77,114,100,254,285,149,5,0,0
56,0.64,115,106,159,162,316,3,0,2
58,0.93,124,98,97,259,351,42,0,0
47,0.66,148,109,158,247,337,24,0,2
43,0.9,127,68,163,222,279,19,0,0
63,1.14,126,75,112,211,184,8,0,0
68,0.9,149,106,218,239,246,24,0,0
50,1.15,126,77,102,139,301,36,1,0
51,0.95,143,103,190,313,87,8,1,1
53,1.18,145,100,243,272,172,40,1,1
46,1.24,160,69,172,156,82,43,0,0
42,0.86,171,103,179,284,362,18,1,2
71,1.11,139,75,277,278,386,11,0,0
50,0.82,120,91,201,288,375,34,0,1
41,1.03,122,67,139,318,322,3,1,0
56,0.43,117,109,268,257,341,18,0,2
81,1.27,126,92,210,142,182,43,0,0
62,1.2,113,99,146,297,128,5,1,0
72,1.2,174,101,283,144,222,30,0,0
61,0.65,113,78,280,253,253,31,0,2
84,0.65,122,93,130,316,151,8,0,1
53,0.76,168,101,165,241,183,25,0,1
81,1.19,142,81,124,299,202,5,1,1
59,1.17,155,78,270,280,387,36,0,0
56,0.66,162,95,166,193,239,42,1,2
84,0.89,126,112,282,239,110,33,0,1
47,0.83,160,102,122,228,245,39,1,2
46,0.99,133,69,270,183,390,20,1,1
76,0.59,159,82,93,137,306,41,0,2
75,0.48,184,82,209,226,207,26,0,2
43,0.42,108,79,91,285,265,18,1,2
69,0.74,140,68,97,200,318,26,0,1
60,1.25,178,102,169,270,121,2,1,1
82,1.02,136,105,111,299,248,24,0,0
81,1.07,118,73,162,288,329,33,0,0
66,1.25,188,83,212,142,219,20,0,0
42,0.78,122,89,288,164,331,10,0,1
70,0.83,171,113,214,249,296,26,0,2
55,0.72,174,84,119,179,299,27,0,1
52,0.56,186,78,164,200,226,3,1,2
46,1.09,113,72,260,279,178,43,0,0
50,1.22,130,73,272,297,371,40,0,0
73,1.13,152,85,104,309,111,25,0,0
81,0.44,123,98,160,266,274,20,1,2
50,0.67,174,104,150,289,212,38,1,2
71,0.93,106,105,156,132,395,3,0,0
84,0.69,132,77,240,150,323,36,1,2
72,0.54,188,90,116,255,161,42,1,2
68,0.88,182,106,183,206,249,3,0,1
70,0.87,172,109,265,226,386,22,1,2
66,1.04,157,101,278,293,296,8,0,0
78,1.3,146,94,105,139,357,39,0,0
78,0.98,134,111,231,275,295,23,1,0
41,0.69,122,84,269,130,114,28,0,2
47,1.26,113,71,175,288,101,6,0,0
82,0.91,111,108,203,283,396,17,0,0
51,0.98,157,84,237,167,282,1,1,1
59,0.72,183,80,99,312,329,27,0,1
79,0.81,109,66,147,205,204,42,0,1
44,0.78,147,74,118,300,190,40,0,2
79,1.24,173,105,221,172,290,28,1,2
52,1.13,117,99,222,180,180,44,0,0
40,0.48,174,107,127,222,281,16,0,2
72,0.68,151,92,157,317,318,30,0,2
48,0.45,149,74,207,187,371,16,0,2
78,0.87,106,77,101,189,228,30,0,1
80,0.65,113,86,141,134,249,22,1,2
73,0.47,126,98,184,171,274,9,0,1
47,1.09,124,80,164,131,322,5,0,0
72,0.48,178,72,164,317,385,37,1,2
75,0.64,189,84,160,269,357,26,0,2
51,1.09,164,74,209,271,332,10,0,0
75,0.86,115,93,155,176,115,19,0,1
58,1.14,125,113,154,183,148,4,1,0
78,0.77,186,114,178,164,338,31,1,2
60,1.13,170,106,162,176,272,4,1,2
72,0.88,157,94,135,253,160,21,0,2
82,0.48,126,88,205,146,389,0,0,1
43,0.82,184,66,189,260,259,19,0,1
43,0.9,128,98,182,202,101,14,1,0
83,0.95,170,106,99,317,112,10,1,1
50,1.24,130,85,180,193,208,31,1,1
65,0.57,175,98,108,213,211,27,1,2
44,0.95,140,96,172,318,248,27,1,1
69,1.08,141,94,206,205,213,16,0,0
41,1.2,122,78,206,136,107,33,1,1
63,0.87,131,83,109,247,314,23,0,1
80,0.59,178,94,246,191,91,1,0,1
55,1.14,184,105,206,286,185,26,0,1
57,1.21,123,91,284,251,255,8,0,0
51,0.5,162,80,111,254,265,18,0,2
65,0.61,140,89,273,147,192,35,0,2
51,1.18,137,89,112,131,380,28,0,0
65,0.84,165,88,257,305,368,10,0,1
43,0.55,110,67,208,140,228,31,0,2
66,0.98,184,88,264,155,184,26,1,1
62,0.81,108,75,206,255,328,38,1,2
60,1.27,113,96,280,276,393,23,0,0
76,0.6,129,87,175,316,170,26,0,2
73,0.73,127,76,255,213,129,26,1,2
84,0.55,172,103,226,217,80,39,0,2
50,0.44,161,85,189,270,111,31,0,2
42,0.65,173,101,267,135,274,44,1,2
45,1.14,130,98,278,169,176,43,0,0
53,0.64,108,85,185,294,103,21,0,1
45,1.03,125,90,185,250,226,41,0,0
52,0.87,129,100,215,194,175,31,0,1
68,0.87,179,113,150,181,288,34,0,1
72,1.1,135,114,240,131,91,0,1,1
56,0.96,185,98,115,170,241,33,0,0
50,0.54,111,73,207,191,182,0,0,1
41,0.6,117,82,92,159,271,41,1,2
73,0.89,159,108,283,217,145,34,0,1
70,1.16,172,106,253,167,263,28,0,1
55,0.54,113,103,162,159,118,17,0,1
83,0.5,162,94,212,255,390,5,0,2
80,0.87,147,67,262,266,136,5,0,1
76,0.57,134,114,288,230,386,26,0,1
61,1.29,172,66,179,145,143,38,0,0
74,0.4,165,67,135,292,169,18,1,2
46,0.8,171,79,154,221,283,37,0,2
54,0.55,158,105,194,205,385,2,0,2
43,1.01,143,67,198,205,210,37,1,2
63,0.97,133,102,194,180,280,19,0,0
52,1.13,125,107,252,138,340,1,1,1
68,0.91,116,98,171,286,280,6,0,0
55,0.57,186,81,233,244,105,4,1,2
40,0.45,173,67,136,308,392,24,0,2
73,1.05,127,71,204,274,334,41,1,1
73,0.8,121,95,182,290,389,12,0,0
55,0.6,165,74,110,163,178,11,0,2
71,0.63,135,99,226,219,147,4,0,1
79,0.53,116,92,97,275,100,11,1,2
72,0.66,152,84,163,227,163,17,0,2
54,1.11,126,65,264,231,211,2,0,0
56,0.96,156,106,259,218,175,3,0,0
56,1.29,109,77,198,309,234,42,0,0
74,0.87,188,72,228,308,108,18,0,1
68,0.87,184,88,146,253,200,20,0,1
51,0.57,178,86,184,179,264,24,0,2
76,0.93,167,91,216,177,228,2,0,0
52,0.95,180,111,257,174,161,6,0,0
60,0.59,110,97,251,208,362,8,1,2
78,0.48,168,90,221,216,285,3,1,2
40,0.73,162,108,267,174,119,22,1,2
52,0.55,129,67,137,199,313,10,0,2
82,0.85,189,94,224,232,343,18,0,1
63,0.87,187,102,217,276,204,0,0,2
63,0.95,157,74,259,163,242,3,1,1
52,0.94,124,70,191,294,323,8,0,0
75,1.01,107,81,282,316,186,41,0,0
44,0.61,168,71,139,251,195,6,1,2
53,1.06,111,78,211,303,166,25,1,0
55,0.87,107,98,135,216,276,20,0,1
45,0.79,147,110,177,208,223,9,0,1
41,0.98,149,70,131,259,349,9,0,0
84,0.85,108,97,181,167,196,0,1,2
43,0.87,138,82,113,218,176,35,0,1
55,0.42,174,70,166,201,335,2,1,2
75,1.12,189,82,227,189,81,34,0,0
60,0.78,148,94,115,204,253,44,0,1
56,0.87,146,68,215,158,84,11,0,0
42,0.75,162,89,208,189,124,26,0,1
63,0.9,156,110,219,198,124,16,0,0
45,0.45,172,67,181,294,310,18,0,2
58,0.75,153,110,180,213,395,9,0,1
73,1.0,116,69,287,141,222,42,0,0
61,1.24,155,110,278,209,121,25,0,0
42,1.16,189,104,275,214,236,7,0,1
78,1.27,111,69,140,294,172,38,0,0
62,1.1,166,74,170,315,292,1,1,0
50,0.97,163,109,168,184,232,11,0,0
71,0.78,144,102,263,243,269,38,0,2
69,0.51,154,84,92,150,220,39,0,2
75,0.63,144,106,163,246,269,30,0,2
42,0.64,189,77,182,265,264,28,0,2
79,0.79,129,106,160,239,368,7,0,1
79,0.95,110,65,139,224,334,14,0,0
75,0.96,168,94,125,278,112,25,0,0
55,0.81,148,100,269,196,391,35,0,1
71,0.65,105,109,133,316,294,40,0,1
75,0.45,185,102,175,254,330,3,0,2
77,1.29,109,72,103,304,139,32,1,1
61,1.25,148,73,283,214,231,11,0,0
77,0.56,162,105,266,161,148,10,0,2
51,0.94,122,110,287,315,114,29,0,0
79,0.67,149,97,172,242,252,44,1,2
53,0.57,162,101,244,283,220,25,0,2
46,1.02,145,113,287,142,239,29,0,0
41,1.11,139,70,91,144,262,35,0,0
79,0.77,140,81,166,131,106,32,1,2
50,0.45,146,87,136,290,167,44,1,2
49,0.76,178,101,277,160,82,30,0,2
78,0.88,106,66,227,194,208,1,0,0
45,1.2,122,82,278,311,398,14,0,0
48,0.99,139,102,129,232,172,1,0,0
58,1.04,126,92,94,246,252,11,1,1
64,0.58,159,78,103,272,165,17,1,2
44,1.05,173,86,178,213,276,7,1,1
44,0.85,151,65,287,309,122,2,0,0
42,1.14,128,107,165,200,202,34,0,0
43,0.59,136,106,284,229,91,32,0,2
51,0.86,115,111,200,300,282,30,0,1
65,0.59,114,105,240,141,222,3,0,1
45,0.66,178,103,282,134,204,22,1,2
49,1.15,147,108,168,263,373,36,0,0
66,1.02,111,72,166,134,397,44,0,0
79,1.06,152,91,255,191,370,44,1,1
62,0.46,181,74,231,302,319,34,0,2
77,1.06,127,98,236,168,188,39,0,0
69,0.84,179,110,226,236,351,37,1,2
76,0.81,112,105,181,199,271,0,0,1
81,0.77,111,97,122,263,222,2,0,0
64,1.17,114,112,122,204,303,9,0,0
83,0.56,116,101,262,145,143,29,1,2
53,1.13,179,72,128,238,330,27,0,0
42,1.24,141,94,122,289,159,15,0,0
43,0.55,130,84,93,154,247,3,0,1
75,1.3,109,65,171,211,392,44,0,0
64,1.29,155,113,115,212,244,3,0,0
47,0.96,151,71,114,241,310,22,1,1
64,0.64,111,75,192,164,111,39,0,1
75,0.79,140,103,250,244,153,22,0,1
69,0.55,111,71,235,303,355,14,1,2
54,0.51,143,100,209,183,135,12,1,2
84,1.03,146,84,246,156,170,0,0,0
76,0.92,158,97,225,142,378,36,0,1
44,0.91,110,111,266,237,129,23,0,0
57,0.62,189,98,155,250,138,43,0,2
71,0.61,169,87,285,288,163,0,0,2
81,1.29,106,88,168,246,187,44,1,1
46,0.97,171,73,289,160,373,44,0,0
81,1.14,118,87,183,319,234,12,0,0
43,0.74,184,110,136,166,371,37,0,1
80,1.16,183,112,210,279,183,16,1,1
84,1.05,128,81,256,226,130,29,1,0
70,0.72,145,103,194,302,106,19,0,1
55,1.05,176,98,281,272,138,41,0,0
84,1.23,158,70,229,231,389,4,0,0
42,0.59,106,67,125,191,343,40,0,2
42,0.89,122,102,103,235,94,4,1,1
42,1.27,122,102,140,177,364,36,0,0
68,1.14,123,72,272,253,310,15,0,0
58,0.96,141,104,167,144,280,20,0,0
43,0.46,125,73,217,158,272,33,1,2
74,0.77,166,79,245,155,86,5,0,1
55,0.99,179,94,132,151,241,41,0,0
65,0.77,125,113,237,261,345,5,0,0
77,1.3,147,68,230,162,184,9,0,0
43,1.08,162,93,263,314,383,30,0,0
73,0.57,139,97,262,198,149,5,1,2
60,0.84,120,70,170,157,283,2,0,0
80,0.75,156,93,119,256,376,43,0,2
64,0.93,135,83,265,164,157,24,0,0
42,0.8,181,101,193,299,347,19,0,2
84,0.61,187,91,234,289,290,34,1,2
57,1.05,114,75,133,222,249,0,1,0
64,0.5,152,106,213,303,299,30,0,2
71,0.88,173,73,172,153,132,13,1,2
59,0.68,168,80,162,223,290,2,0,2
54,1.27,153,82,260,202,124,15,0,0
41,0.67,108,77,153,256,178,13,0,2
69,0.71,144,71,213,305,102,2,0,1
51,1.04,180,81,218,311,159,5,0,0
78,0.52,164,73,138,275,308,8,1,2
82,0.69,145,96,108,140,139,32,0,2
46,1.03,151,90,198,279,100,40,0,0
61,0.43,147,106,101,230,138,11,1,2
47,0.68,168,86,208,250,247,1,0,2
62,0.41,119,109,117,225,336,42,0,2
62,0.54,133,92,198,187,323,2,0,1
51,0.94,134,80,248,237,308,12,0,0
45,0.81,133,100,149,300,95,30,0,1
53,0.54,183,89,196,241,368,8,0,2
67,0.47,184,92,142,263,101,39,0,2
44,0.45,178,93,270,292,274,40,0,2
43,0.48,138,106,100,260,122,7,1,2
64,0.49,167,65,229,214,142,21,0,2
66,0.48,116,95,147,243,104,25,0,2
43,0.45,129,94,207,300,373,15,0,1
68,1.03,112,104,136,163,260,31,1,1
80,1.25,109,89,182,132,223,34,0,0
66,1.17,123,82,152,302,303,35,1,1
46,0.64,179,101,226,174,172,0,1,2
71,0.58,185,107,103,233,149,6,0,2
59,0.44,132,73,284,256,389,39,0,2
82,0.54,128,79,217,294,391,41,0,1
75,0.91,142,93,96,182,392,10,0,0
69,1.3,180,101,223,262,222,10,1,1
68,1.17,135,69,252,179,291,12,1,0
67,0.86,175,108,272,241,95,40,0,1
79,0.78,152,73,245,146,312,3,1,2
42,0.53,107,101,112,261,228,24,1,2
66,0.78,180,74,227,137,147,2,0,1
60,0.94,107,89,170,170,232,9,0,0
76,0.94,151,102,143,240,298,4,0,0
74,0.9,142,74,151,151,174,11,0,0
59,1.14,133,102,104,225,382,33,0,0
48,0.86,149,84,231,156,279,11,0,1
74,0.83,125,106,100,187,191,37,0,1
49,0.68,153,73,144,263,212,14,0,2
60,0.56,153,67,182,288,276,20,0,2
82,0.4,184,107,235,188,127,3,1,2
80,0.69,179,75,115,133,245,10,0,2
82,0.97,130,68,136,304,353,9,0,0
63,0.9,134,113,257,232,104,6,0,0
78,0.88,177,92,260,300,146,8,0,1
40,1.1,132,105,282,246,168,17,1,1
82,0.61,126,102,92,226,174,26,1,2
70,1.01,132,75,108,224,384,42,0,0
62,0.95,180,96,228,189,159,27,1,1
57,0.71,168,82,181,285,387,31,1,2
66,0.6,187,104,217,192,399,9,0,2
80,0.91,123,110,204,274,194,33,0,0
83,1.25,151,83,171,224,204,4,1,1
51,0.47,188,80,270,179,300,19,0,2
74,1.26,151,67,231,229,283,29,1,1
80,0.82,188,77,166,239,197,32,0,1
55,1.04,152,113,172,146,122,18,0,0
60,1.12,106,101,133,267,398,1,0,0
66,0.54,127,112,268,244,233,17,0,2
75,0.44,186,94,121,177,281,13,0,2
52,0.52,189,78,132,279,360,4,0,1
47,0.71,109,100,250,193,168,17,0,1
47,1.26,176,70,95,287,186,44,1,2
55,0.44,147,96,247,149,211,14,0,2
62,1.23,183,105,163,143,139,22,0,0
84,0.91,118,104,247,144,378,3,0,0
73,0.49,132,96,162,172,151,33,0,2
63,0.54,178,76,223,186,342,23,0,2
60,1.02,110,107,217,276,228,11,1,0
52,0.95,124,103,159,310,81,28,1,1
43,0.55,172,89,219,169,111,5,0,2
68,1.21,171,89,91,224,284,23,1,1
43,0.52,135,72,99,280,108,21,0,2
60,0.86,154,106,150,237,212,16,0,1
73,0.88,188,99,90,151,197,31,1,2
48,1.18,147,70,123,160,191,24,0,0
64,0.42,116,107,125,145,96,25,1,2
80,0.52,152,68,257,183,286,26,1,2
60,0.55,188,108,204,232,318,6,1,2
43,0.46,132,99,237,281,280,34,1,2
55,0.97,177,90,145,150,368,33,1,1
64,0.61,177,95,106,201,345,26,1,2
79,0.92,143,85,149,167,254,7,0,0
46,1.1,113,88,256,199,208,34,0,0
84,0.77,137,74,222,271,119,17,0,1
44,1.09,147,71,154,248,152,22,1,1
79,1.1,105,90,107,287,101,29,1,0
60,0.64,182,92,158,136,105,15,1,2
73,0.41,185,66,151,133,370,30,0,1
61,0.49,177,108,178,250,112,37,0,2
66,1.14,114,78,160,212,89,33,1,1
49,0.76,122,71,231,154,268,0,0,1
80,1.16,113,81,224,282,202,8,0,0
54,0.89,117,79,183,276,275,35,1,2
42,0.58,147,86,234,159,214,43,1,2
52,1.04,108,96,230,300,219,3,0,0
65,0.9,147,90,241,223,170,44,0,1
40,0.72,135,87,152,144,362,19,0,0
48,0.48,129,90,229,305,164,44,1,2
78,0.49,180,114,235,158,389,16,0,2
65,0.57,189,88,240,290,194,43,1,2
57,1.01,121,86,239,168,86,9,0,0
47,1.06,170,91,114,169,280,42,1,2
54,0.97,132,85,133,152,116,39,0,0
61,0.7,118,101,114,191,385,12,0,1
77,0.8,177,107,189,300,133,37,0,1
43,1.04,172,72,238,230,127,43,0,0
60,0.99,173,78,201,248,344,15,0,0
55,1.1,117,66,118,171,259,38,0,0
64,0.62,189,71,149,181,314,32,0,2
62,0.4,118,91,225,223,109,26,1,2
56,0.64,122,72,202,209,267,36,0,2
71,0.71,113,68,207,256,338,15,0,1
41,1.26,148,74,94,162,259,14,0,0
40,0.6,131,110,283,220,231,15,1,2
48,1.14,145,111,269,267,235,5,0,0
84,0.96,189,74,240,277,246,28,0,1
65,0.55,160,80,219,192,262,39,1,2
74,0.76,148,67,174,261,288,16,0,1
45,0.86,114,87,197,272,161,39,0,1
80,0.71,136,66,213,144,288,6,0,1
48,0.6,174,65,266,192,232,33,1,2
59,0.63,130,75,257,304,349,44,0,1
65,0.93,145,112,278,274,346,35,0,0
80,1.02,150,108,120,178,254,25,0,1
73,0.82,118,101,178,146,362,25,1,2
49,1.25,149,84,224,141,83,10,0,0
81,1.06,130,85,114,140,184,24,0,0
69,1.2,111,94,185,283,369,35,1,0
43,0.83,141,89,211,250,150,41,0,1
78,0.41,154,111,275,241,353,1,0,2
73,0.93,170,81,150,218,98,40,0,1
48,1.14,133,104,161,302,222,27,0,0
44,0.88,188,87,103,311,154,0,0,1
81,0.91,159,83,201,234,219,5,1,1
48,1.28,113,108,223,194,370,39,0,0
64,0.73,135,85,208,192,115,35,0,0
79,1.12,189,71,112,155,324,0,0,0
42,0.85,122,70,168,188,321,14,1,1
64,0.82,156,66,253,251,223,0,0,1
57,0.53,134,67,284,172,299,18,0,2
50,1.07,181,105,262,249,251,24,0,0
62,1.14,115,75,261,268,310,13,0,0
73,0.79,129,86,226,304,379,21,0,1
73,1.09,130,114,286,285,95,22,1,1
63,0.92,188,112,217,157,192,6,0,0
41,0.63,114,106,101,292,163,33,0,2
52,1.23,181,112,154,264,88,10,0,0
59,1.03,136,73,273,226,204,15,0,0
46,1.19,158,84,110,156,125,37,1,1
48,0.65,129,66,279,222,302,8,0,2
73,1.22,133,114,110,284,353,3,1,0
40,0.73,139,80,180,235,293,44,0,2
47,0.41,156,90,91,224,374,39,0,2
80,0.47,189,87,225,304,201,34,0,2
40,0.48,116,78,229,262,153,22,0,1
64,0.59,152,85,239,166,163,23,0,2
68,0.57,111,87,266,150,174,3,0,1
56,0.45,175,76,98,219,130,29,0,2
46,1.21,189,68,261,247,323,39,1,1
74,1.15,157,81,255,198,198,31,0,0
55,1.09,185,95,182,226,161,37,0,0
60,0.83,172,92,92,171,91,33,0,1
41,0.78,149,103,175,192,286,33,0,1
65,0.78,137,100,157,131,124,30,0,1
44,0.64,176,111,217,216,171,30,0,2
44,0.95,161,78,219,257,271,31,1,1
48,0.45,122,95,220,308,251,35,0,2
57,0.99,120,97,232,222,350,21,0,0
58,0.86,152,73,139,275,306,18,0,2
45,1.13,145,86,243,292,154,44,0,1
66,1.28,185,100,225,267,396,34,1,1
70,1.19,167,94,193,296,323,37,1,1
60,1.05,133,73,270,226,168,41,1,1
53,0.79,121,73,94,161,83,14,0,0
55,0.59,130,76,289,166,121,37,1,2
41,1.0,178,92,263,146,293,7,0,0
57,0.58,183,80,128,239,231,31,0,2
57,0.42,135,101,199,165,98,35,1,2
74,0.92,144,113,121,284,120,36,0,0
53,0.75,153,70,184,177,170,29,1,2
57,1.19,112,73,149,296,290,22,1,1
58,0.98,153,107,215,295,220,42,0,1
64,0.98,168,98,289,191,145,6,0,0
74,1.11,149,95,106,271,143,21,0,1
46,0.7,144,71,217,304,219,35,0,1
42,1.26,106,96,240,172,108,38,0,0
77,0.6,157,113,274,243,293,27,0,2
51,1.18,183,107,261,259,365,11,0,0
55,1.22,159,88,168,251,152,2,0,0
59,0.44,128,94,134,218,276,44,0,2
44,0.97,132,106,181,295,179,37,0,0
70,1.07,110,90,265,316,92,43,0,0
63,1.26,144,97,104,305,209,35,0,0
82,0.63,171,90,255,207,112,20,1,2
84,0.91,184,83,225,270,339,21,0,0
83,1.1,170,65,263,301,153,22,1,1
63,0.53,114,84,168,148,337,6,0,2
55,1.17,107,102,256,269,204,6,1,0
78,0.76,115,112,268,189,270,20,0,1
67,0.98,129,76,251,288,347,43,0,0
44,0.44,170,107,125,163,223,13,1,2
52,0.6,113,86,109,298,139,41,0,2
54,0.83,165,114,197,280,306,6,0,1
80,0.66,187,71,102,145,210,4,1,2
43,1.26,163,86,133,201,299,36,0,1
53,1.12,105,91,134,160,259,18,0,0
66,1.18,127,78,136,312,95,24,1,1
49,0.82,105,77,110,225,290,11,1,1
62,0.83,115,84,200,246,309,8,0,1
76,1.12,184,72,240,299,253,0,0,0
67,0.75,133,110,135,152,366,42,1,2
83,0.83,111,82,92,295,80,28,0,1
52,0.88,142,68,182,229,109,42,0,1
75,0.95,108,87,257,225,95,18,0,0
71,0.98,114,87,281,280,147,14,1,1
84,1.01,158,68,177,216,167,35,0,0
76,0.8,134,105,178,226,247,17,0,1
40,0.67,114,66,267,256,166,21,1,2
43,1.23,158,110,237,283,96,21,0,0
40,1.14,145,108,128,169,178,29,1,1
57,0.4,111,86,239,132,361,6,1,2
52,0.86,160,114,214,130,370,5,1,2
64,0.65,124,108,135,307,324,12,0,2
60,0.98,110,65,172,156,222,13,0,0
54,0.85,120,74,121,173,196,1,0,0
80,0.42,120,98,206,215,339,41,1,2
80,1.05,127,95,115,184,360,15,1,0
49,0.65,107,78,133,272,215,38,0,2
74,0.63,132,112,288,223,107,32,0,2
43,0.43,123,83,97,173,85,0,0,1
44,1.15,162,110,150,225,390,29,0,1
83,0.92,165,93,100,198,146,10,1,1
77,0.84,144,110,276,279,259,13,0,1
77,1.01,189,100,105,319,280,36,0,0
63,0.71,107,94,194,242,119,36,0,2
63,0.91,137,75,285,308,163,34,0,0
79,0.62,112,94,99,296,223,13,0,1
58,0.46,143,86,148,279,153,21,0,2
59,0.91,179,66,142,264,157,30,0,1
67,0.6,146,103,130,179,94,17,0,2
82,1.08,132,89,94,311,248,9,0,0
50,0.81,133,109,92,203,89,23,0,1
62,0.63,124,72,194,243,395,23,1,2
54,0.95,156,96,161,269,372,31,1,1
60,0.5,185,108,117,319,335,36,0,2
75,1.09,182,71,241,230,349,33,1,1
52,0.81,140,86,255,295,301,9,0,0
71,1.13,125,93,155,196,237,13,0,0
49,0.52,141,66,151,223,302,22,0,2
76,0.74,122,102,95,170,181,31,1,2
71,0.56,177,107,108,259,225,11,0,2
59,0.46,122,113,235,186,84,40,0,2
78,1.26,173,79,151,188,168,23,1,1
55,1.05,180,84,127,287,351,33,0,1
78,0.69,160,90,128,318,286,19,0,2
44,0.62,170,75,109,221,120,28,0,2
56,0.58,106,87,145,306,267,15,0,2
75,0.44,125,105,272,306,165,39,0,1
65,0.49,120,113,212,250,362,41,1,2
43,0.49,140,106,219,172,347,8,1,2
77,1.0,188,68,233,224,231,43,0,0
65,0.94,138,68,188,274,233,2,0,0
59,0.91,124,112,224,187,355,9,0,0
52,1.06,180,65,277,149,279,39,0,1
46,0.63,127,87,247,206,257,0,1,2
63,0.71,137,88,124,183,197,6,0,1
42,0.51,111,91,128,253,287,30,0,1
42,0.93,155,71,260,187,241,40,0,0
55,1.24,149,98,233,133,199,12,0,0
70,1.18,172,68,233,220,175,21,0,0
72,0.9,152,66,241,201,319,15,0,0
53,0.98,183,87,231,266,365,21,0,1
64,1.29,179,112,105,164,223,5,1,1
41,0.87,173,100,121,254,255,0,0,1
80,1.18,168,86,269,285,261,1,0,0
52,0.85,118,74,160,284,238,26,0,1
57,0.44,154,106,178,307,241,11,0,2
59,1.24,113,99,176,302,141,5,0,0
41,0.5,148,105,91,143,287,1,1,2
46,1.03,125,91,190,158,167,36,0,0
52,0.61,168,88,249,239,223,9,1,2
47,1.21,160,71,132,189,110,16,1,2
42,0.58,186,85,107,286,259,16,0,2
53,0.53,115,72,259,186,391,5,0,1
62,0.79,161,114,214,250,278,0,0,1
47,0.85,186,100,280,190,379,19,0,1
72,1.14,185,69,199,317,206,17,1,2
66,1.09,142,80,176,242,310,8,0,0
50,0.7,132,82,98,195,195,31,1,2
72,0.75,111,102,226,180,359,16,0,1
50,0.92,138,87,174,139,396,18,0,0
77,0.9,106,108,234,217,333,12,0,0
82,1.18,148,101,94,220,195,0,0,0
57,0.83,170,85,231,180,194,44,1,2
67,1.2,126,109,241,225,221,37,0,0
80,0.58,162,86,204,305,369,43,1,2
65,1.18,105,77,248,186,317,37,0,0
69,0.67,141,100,174,309,355,35,1,2
84,1.11,161,75,280,186,398,9,0,0
49,0.91,115,70,243,214,157,34,1,1
81,1.19,165,73,106,215,114,25,0,1
42,0.61,118,84,93,247,142,32,0,2
71,1.03,176,103,224,141,255,39,0,0
75,1.16,185,88,220,163,252,7,0,0
49,1.1,181,76,258,298,294,19,1,1
60,0.91,111,106,238,311,293,1,0,0
46,1.01,183,99,149,150,110,38,0,1
64,0.58,145,103,167,249,108,39,1,2
73,0.59,119,89,133,224,360,27,0,2
64,0.64,182,91,255,275,303,28,0,2
48,1.15,166,106,112,226,302,24,1,1
47,0.55,162,65,199,175,341,25,0,2
74,0.67,151,76,278,136,116,7,0,1
83,1.23,140,65,238,295,224,29,1,1
67,1.08,182,77,220,149,366,0,0,0
49,1.06,108,103,137,261,137,27,0,0
53,0.81,177,114,100,140,209,29,1,2
68,1.03,162,104,230,135,342,12,1,1
40,0.91,164,70,226,232,229,40,0,0
58,0.46,176,93,268,264,83,20,0,2
53,0.92,183,111,283,174,380,20,1,2
59,0.81,133,114,177,159,164,39,0,1
77,0.5,169,68,112,235,178,10,1,2
75,0.71,131,87,123,157,280,26,1,2
80,1.21,182,108,284,231,171,4,0,0
47,1.12,176,72,243,185,217,12,1,1
77,1.22,111,101,150,258,294,11,1,1
81,1.05,184,66,282,217,231,39,1,1
63,0.97,169,114,182,189,392,32,0,0
46,0.53,180,68,101,305,211,29,0,2
82,0.5,145,87,94,157,255,2,0,2
44,0.62,178,85,149,312,295,22,0,2
53,0.68,146,90,140,227,137,30,1,2
48,0.95,139,104,141,210,273,5,0,0
59,1.19,138,94,144,217,375,10,0,0
65,1.2,113,97,160,160,127,36,0,0
64,1.01,153,86,188,277,260,38,0,0
59,0.92,126,76,160,316,341,44,1,1
45,0.62,141,70,136,158,326,36,0,2
46,1.24,164,84,185,157,141,38,1,1
75,1.0,116,71,216,207,115,5,0,0
75,0.88,140,94,245,299,356,17,0,1
59,0.49,146,107,260,253,232,0,0,2
57,1.14,185,105,146,283,133,17,0,0
47,0.71,106,72,162,257,195,10,0,0
66,1.21,135,81,252,140,106,41,0,0
44,0.55,124,107,287,273,157,5,0,1
70,0.44,142,92,235,293,211,4,0,1
80,0.79,109,96,285,158,189,23,0,2
60,0.47,176,112,172,220,343,1,1,2
42,0.46,120,73,287,158,298,34,1,2
65,1.04,164,108,186,285,205,33,1,2
56,0.63,107,68,285,225,372,41,0,1
69,0.97,177,67,138,284,210,1,0,0
62,0.91,137,108,93,140,256,11,0,0
64,0.53,174,114,117,302,363,1,0,1
43,0.75,122,100,153,313,181,34,0,1
80,0.46,108,112,96,306,197,28,0,2
50,0.78,148,71,161,182,294,32,0,1
80,0.56,139,74,188,236,392,4,0,2
77,0.49,138,97,229,197,220,42,0,2
57,0.69,141,78,172,309,329,42,1,2
72,0.4,120,82,259,250,248,32,0,2
75,1.08,164,97,255,289,193,38,0,0
77,0.54,185,90,107,316,189,12,0,2
57,0.96,127,103,117,185,236,30,0,0
55,1.15,115,114,281,317,385,35,0,0
61,1.23,138,81,127,282,129,18,0,0
60,0.9,162,107,185,213,382,24,0,1
83,1.11,152,92,148,179,135,42,0,0
70,0.81,187,66,183,136,224,34,0,2
70,0.84,176,104,249,225,108,36,1,2
66,0.89,172,101,175,244,135,38,0,1
80,1.0,110,96,139,135,311,32,0,0
76,1.0,188,91,286,181,131,42,1,1
42,1.11,107,95,212,275,81,2,0,0
70,0.96,162,68,288,141,368,41,0,0
73,1.19,127,99,220,240,266,23,0,0
65,1.04,161,96,272,294,316,2,1,1
63,1.24,187,75,108,139,246,6,0,0
49,1.08,105,87,107,216,134,12,0,0
68,1.06,107,111,247,150,114,23,0,0
77,1.17,127,87,141,311,366,37,1,2
52,0.99,105,103,161,247,238,29,0,0
76,0.56,109,99,246,270,105,4,1,1
78,0.47,132,81,234,195,315,22,0,2
45,0.68,173,113,236,275,303,40,0,2
53,1.13,187,84,273,164,384,43,0,0
69,0.42,148,107,103,241,395,26,0,2
78,0.54,117,114,105,227,320,17,0,2
43,0.5,176,96,280,230,385,39,0,2
84,0.43,185,102,168,289,201,19,1,2
67,1.13,129,110,189,154,267,5,1,0
78,0.65,180,69,107,281,227,29,0,2
49,1.06,133,79,190,168,254,5,0,0
65,0.53,105,96,129,189,81,16,1,2
73,0.77,170,98,102,155,310,42,0,1
68,0.5,138,90,162,171,142,35,0,1
47,0.4,163,79,209,168,284,14,1,2
78,0.95,169,73,153,198,386,16,0,0
57,0.83,178,69,266,199,149,24,0,2
48,0.77,186,98,207,225,121,43,0,1
61,0.47,126,97,160,170,343,29,1,2
57,0.93,157,85,186,289,361,42,1,2
76,1.1,135,67,241,137,153,39,1,1
72,0.46,170,94,116,147,263,16,0,2
84,0.77,107,69,132,315,144,4,1,1
41,0.68,150,88,227,247,250,43,0,2
65,1.2,148,80,102,258,114,41,1,1
56,0.64,145,70,205,281,326,41,0,2
43,1.25,117,104,278,304,272,34,0,0
48,1.15,114,99,111,210,275,10,0,0
49,0.49,166,90,143,192,167,27,1,2
44,0.83,110,108,223,275,390,43,1,2
77,0.98,173,65,139,277,335,19,0,0
79,0.93,154,84,238,155,232,1,0,0
61,1.01,143,110,133,243,394,40,0,0
80,0.78,184,75,287,230,118,32,0,1
58,1.21,147,84,96,220,386,35,0,0
76,0.64,189,103,124,296,109,9,1,2
72,0.48,146,68,183,152,278,44,1,2
45,1.28,144,102,164,219,362,18,0,0
62,0.99,109,110,153,134,212,24,1,1
53,0.99,171,106,119,143,233,26,0,0
70,1.14,165,94,275,228,325,34,1,1
72,0.78,119,100,147,246,263,22,1,2
56,0.75,114,109,238,302,286,42,0,1
40,1.25,105,86,130,151,123,33,0,0
51,0.75,167,104,199,242,324,7,0,1
42,0.47,178,82,228,162,168,1,0,2
84,0.68,120,69,159,142,175,24,1,2
75,1.19,132,108,136,201,105,8,0,0
63,0.49,141,94,242,231,148,24,0,2
80,1.05,158,69,121,303,89,44,0,0
53,0.64,115,103,244,315,154,28,0,1
76,1.07,189,78,263,237,136,21,0,0
67,0.86,141,75,101,285,81,13,0,1
66,0.97,142,85,102,258,236,42,1,1
59,0.62,138,75,286,272,187,10,1,2
54,0.55,126,96,101,264,165,12,0,1
81,0.46,178,93,266,274,154,32,0,2
64,1.14,159,67,204,184,212,2,0,0
83,1.04,108,77,252,248,386,35,1,1
45,0.66,148,70,107,185,283,41,1,2
53,1.15,109,112,284,143,204,31,0,0
