Pregnancies,Glucose,BloodPressure,SkinThickness,Insulin,BMI,DiabetesPedigreeFunction,Age,Sex,Outcome
0,107.3,70.6,18.3,1.6,23.0,0.736,34,0,0
3,174.8,80.7,17.9,39.0,31.9,1.285,51,0,1
4,117.6,58.5,27.4,18.6,27.5,0.342,35,0,0
0,111.8,58.2,12.7,4.9,22.7,0.809,29,1,0
4,197.5,76.4,39.8,260.0,42.3,1.151,80,0,1
0,74.3,93.0,14.5,15.4,26.7,0.166,50,1,0
2,70.0,61.1,20.8,6.5,29.1,0.489,37,0,0
2,126.5,59.9,28.6,16.1,24.4,0.559,49,0,0
0,104.6,69.5,22.0,62.0,38.4,0.458,35,1,0
3,92.1,72.2,18.5,215.1,31.0,0.754,33,0,0
4,106.3,81.7,26.1,38.8,39.9,0.503,37,0,0
0,97.3,72.9,16.0,68.1,27.6,0.608,32,1,0
3,129.7,97.9,36.7,521.5,43.0,0.983,58,0,1
2,175.0,59.4,32.7,66.9,29.5,0.247,21,0,0
0,109.2,83.5,10.7,11.5,36.7,0.305,51,1,0
3,110.7,87.5,43.5,76.8,41.2,0.87,51,0,1
0,109.5,80.7,8.6,20.3,21.0,0.434,21,1,0
0,83.4,76.8,13.1,62.2,41.5,0.536,35,1,0
1,126.8,55.9,36.4,88.8,28.9,0.414,21,0,0
0,87.6,57.0,18.1,125.4,23.2,0.249,38,0,0
2,151.3,90.4,54.1,318.6,40.5,0.93,55,0,1
0,127.4,91.7,28.3,45.5,18.5,0.348,32,1,0
0,85.6,62.8,32.0,88.0,29.9,0.73,31,1,0
1,101.8,57.4,23.5,101.0,24.9,0.31,39,0,0
2,89.4,60.1,36.7,98.0,36.0,0.397,26,0,0
3,120.6,82.6,20.5,175.1,28.0,0.296,26,0,0
0,95.4,80.4,20.7,58.2,30.3,0.849,41,1,1
0,170.4,73.4,25.8,10.1,32.7,0.759,30,1,1
0,141.7,70.8,30.9,19.7,32.9,0.193,29,1,0
0,112.3,56.1,25.8,152.9,28.2,0.59,28,1,0
3,139.4,80.3,40.7,156.5,34.7,1.092,48,0,1
1,80.4,73.7,15.8,85.3,26.7,0.673,24,0,0
0,119.1,83.9,22.5,148.5,27.8,1.009,38,1,1
0,161.7,80.2,34.0,130.7,28.5,1.097,50,1,1
0,122.6,50.0,31.7,271.0,37.5,0.505,60,1,1
2,155.7,72.8,4.2,97.1,38.5,0.768,49,0,1
0,70.0,75.1,21.9,10.8,31.9,0.869,41,1,0
0,87.7,73.6,12.2,21.1,27.3,0.51,27,1,0
5,100.1,68.6,17.0,107.3,24.1,0.366,27,0,0
0,184.0,73.0,30.3,212.1,41.2,0.461,37,1,1
0,176.0,81.7,34.7,15.0,34.0,1.225,54,1,1
4,125.3,67.1,22.7,11.7,23.2,0.31,48,0,0
0,140.0,58.9,21.8,19.5,24.5,0.343,38,1,0
3,114.8,54.0,14.7,2.2,26.1,0.796,39,0,0
2,113.5,69.2,17.5,39.5,29.3,0.499,43,0,0
3,129.3,73.4,24.5,166.5,34.5,0.083,48,0,0
9,134.5,106.2,39.1,34.3,39.0,1.284,43,0,1
0,111.3,67.6,16.4,51.5,32.7,0.144,37,1,0
0,101.1,78.4,16.8,52.2,22.4,0.214,21,1,0
6,119.4,64.9,28.0,42.6,43.7,0.754,55,0,1
2,147.7,74.0,18.4,38.2,29.3,0.635,37,0,0
0,85.9,59.0,15.1,7.7,28.2,0.348,29,1,0
0,113.0,90.5,31.4,226.7,34.9,0.593,32,0,0
5,95.0,76.7,13.6,197.8,22.0,0.361,27,0,1
2,109.8,64.5,16.2,109.9,26.9,0.51,34,0,0
3,102.6,70.2,12.1,101.9,26.6,0.376,24,0,0
2,121.1,68.0,26.0,68.2,22.5,0.135,49,0,0
2,141.8,50.0,16.5,80.7,35.1,1.108,48,0,1
0,120.2,82.4,21.0,5.9,24.3,0.265,41,1,0
0,200.0,86.4,33.6,63.3,23.0,0.181,38,1,1
0,106.6,81.5,9.5,74.7,34.5,0.385,33,1,0
2,120.6,68.6,28.0,126.9,36.4,0.287,31,0,0
0,86.8,58.9,17.3,53.6,29.7,0.357,26,1,0
1,123.5,71.8,12.3,48.3,31.7,0.555,36,0,0
4,91.1,64.2,12.8,88.3,19.6,0.401,29,0,0
3,134.3,65.2,8.2,12.6,25.5,0.187,35,0,0
5,185.7,53.9,20.9,59.7,36.7,0.442,49,0,1
0,123.0,75.2,24.3,107.8,33.3,0.378,34,1,0
0,92.9,92.7,27.0,7.7,21.6,0.168,45,0,0
0,114.5,60.1,14.9,43.5,22.3,0.458,31,1,0
2,161.5,102.5,16.5,74.3,35.3,0.431,46,0,1
0,120.1,70.7,22.6,40.5,26.2,0.214,36,0,0
0,122.6,88.1,22.2,193.3,32.3,1.346,53,1,1
4,124.1,69.0,16.8,53.9,30.5,0.572,45,0,0
0,115.6,57.1,17.5,14.8,31.8,0.2,54,1,0
5,152.7,64.5,7.8,177.8,27.4,0.816,59,0,1
0,135.4,70.7,28.3,0.8,25.3,0.828,35,1,0
1,91.2,74.2,28.0,19.1,22.9,0.227,36,0,0
0,108.1,85.9,28.9,11.3,42.5,0.208,35,1,0
1,106.6,75.4,23.4,67.0,23.9,1.001,31,0,0
3,113.6,78.9,9.6,44.5,31.3,0.228,40,0,0
0,133.9,81.7,34.9,154.2,33.7,0.603,30,1,1
0,142.4,111.8,39.0,26.0,26.5,0.865,49,1,1
0,90.8,60.1,15.0,15.0,29.4,0.793,35,1,0
0,94.2,69.0,15.8,56.9,31.3,0.137,33,1,0
0,136.2,70.0,28.9,20.6,28.0,0.386,36,1,0
3,107.0,85.4,47.5,5.8,28.5,0.679,31,0,1
3,93.1,65.9,9.2,30.6,29.9,1.074,38,0,0
0,187.8,73.9,22.6,163.7,32.3,0.969,52,1,1
5,103.0,54.4,34.4,4.0,46.0,0.467,33,0,0
4,132.0,80.0,18.1,13.0,33.4,0.413,32,0,0
0,146.3,70.2,27.5,31.1,25.4,0.372,40,1,0
4,157.5,81.3,28.7,51.3,38.8,1.078,46,0,1
0,115.9,83.8,23.5,303.1,41.9,0.518,53,1,1
3,200.0,90.9,36.0,62.8,25.2,0.623,44,0,1
1,76.1,81.9,14.1,118.6,29.6,0.872,32,0,0
0,94.3,62.2,28.3,66.9,29.6,0.08,31,1,0
2,92.8,67.2,29.7,14.9,25.3,0.389,32,0,0
0,98.8,60.8,37.8,20.7,23.4,1.048,33,1,0
0,102.2,45.1,21.4,39.4,35.9,0.667,45,1,0
7,95.0,89.3,22.5,88.5,35.7,1.333,49,0,1
6,158.0,74.4,38.7,26.4,42.6,0.962,58,0,1
0,153.9,93.1,26.0,30.4,29.0,0.222,29,1,0
0,118.0,73.9,24.0,9.9,31.7,0.478,26,1,0
0,136.4,95.5,30.1,174.6,36.0,0.404,56,1,1
0,88.2,64.5,25.9,31.8,32.7,0.441,49,1,0
6,179.5,72.5,36.3,12.8,29.6,0.488,31,0,1
0,146.3,80.8,15.5,425.3,29.0,0.9,49,1,1
5,94.8,56.1,24.0,64.1,25.4,0.307,30,0,0
0,171.3,80.3,18.3,96.1,40.8,0.558,53,1,1
0,125.9,61.7,9.7,111.3,26.8,0.619,30,1,0
2,186.4,71.4,28.5,507.6,33.6,1.436,81,0,1
2,101.9,81.9,20.1,50.4,31.9,0.484,21,0,0
0,173.7,89.2,27.0,244.0,34.0,1.04,49,1,1
0,82.0,57.9,12.7,265.7,26.8,0.993,39,1,0
2,157.3,64.9,26.4,259.4,36.5,0.328,44,0,1
2,139.5,82.4,29.6,253.5,27.7,0.673,47,0,1
1,70.0,66.1,32.2,97.5,23.0,0.394,42,0,0
1,123.7,86.8,4.7,27.3,25.8,0.228,40,0,0
1,102.8,68.4,18.0,10.5,25.4,0.08,39,0,0
3,156.6,81.6,30.9,237.3,33.3,1.027,47,0,1
0,93.7,62.4,18.7,20.1,23.0,0.67,32,1,0
0,177.9,75.6,44.7,68.9,24.6,0.723,44,1,1
0,91.1,75.5,23.1,103.0,23.4,0.618,21,1,0
4,84.0,61.4,19.0,155.7,26.7,0.276,32,0,0
1,170.5,76.3,39.8,41.8,43.4,1.352,39,0,1
0,132.1,94.3,15.4,600.0,25.0,0.519,46,1,1
1,88.3,74.8,14.2,12.2,27.1,0.439,35,0,0
1,89.0,74.8,20.3,21.2,21.5,0.405,22,0,0
1,95.9,68.4,23.6,56.9,27.1,0.088,39,0,0
0,132.3,73.1,40.5,192.0,32.7,0.179,52,1,1
3,153.1,70.5,44.0,70.4,37.0,1.31,46,0,1
0,118.3,66.3,17.5,19.2,31.0,0.153,23,1,0
4,114.8,99.6,27.5,315.2,32.6,1.004,52,0,1
0,145.2,59.1,30.3,120.9,28.3,0.519,50,1,1
0,106.5,56.3,11.9,279.2,27.1,0.283,26,0,0
0,138.9,70.1,13.8,17.7,29.3,0.379,46,1,0
4,83.1,73.3,15.3,38.5,21.2,0.093,39,0,0
3,102.9,56.3,15.0,146.4,36.1,0.467,47,0,0
0,114.9,104.0,23.2,164.2,33.4,0.134,38,1,1
2,132.8,61.3,18.8,210.2,32.6,0.171,28,0,0
0,120.4,73.4,10.3,38.6,33.3,0.226,39,1,0
0,129.8,69.1,35.2,297.5,33.4,1.221,45,1,1
2,96.2,91.0,19.6,43.1,19.2,0.536,36,0,0
5,171.3,65.5,37.7,108.5,36.7,0.825,59,0,1
2,110.3,67.8,23.1,2.8,29.8,0.098,34,0,0
4,120.8,66.9,26.1,149.8,31.8,0.093,33,0,0
0,104.5,63.7,10.1,46.9,36.2,0.282,30,1,0
0,105.9,73.5,13.6,23.7,23.4,0.08,24,1,0
0,83.5,59.1,23.5,29.8,32.7,0.78,31,1,0
0,111.7,59.9,22.5,145.0,29.9,1.283,46,1,1
3,90.3,71.7,22.4,87.8,22.9,0.258,43,0,0
4,97.3,91.8,25.3,31.3,37.7,0.368,36,0,0
6,168.8,73.8,45.4,406.3,31.8,0.785,47,0,1
0,150.2,78.2,19.0,416.3,38.7,0.833,52,1,1
0,94.2,65.5,11.7,31.5,29.3,0.669,36,1,0
0,151.5,63.3,26.8,37.8,27.5,0.186,43,1,0
7,169.4,86.2,28.6,58.3,24.5,1.179,36,0,1
0,131.6,68.8,0.0,6.0,41.9,0.415,32,1,0
2,86.9,69.6,9.4,214.6,31.0,0.345,42,0,0
8,109.4,81.3,22.1,10.1,32.1,0.604,52,0,1
2,76.2,76.0,10.4,2.2,25.9,0.492,33,0,0
9,154.1,55.9,31.1,22.8,27.6,0.811,49,0,1
3,114.1,84.3,21.9,89.8,22.0,0.372,49,0,1
0,104.2,62.8,10.5,17.0,28.6,0.628,21,1,0
4,108.4,81.4,13.9,25.4,28.1,0.667,41,0,0
0,109.1,56.3,32.5,131.7,25.6,0.38,42,1,0
0,171.0,87.0,38.6,52.1,35.1,0.895,40,1,1
0,97.2,66.4,21.9,5.4,33.8,0.129,34,1,0
3,127.6,81.7,12.2,134.8,24.8,0.384,46,0,0
0,114.2,48.2,11.6,252.0,27.9,0.398,47,1,0
0,152.3,56.1,15.7,54.9,32.2,0.334,29,1,0
0,89.3,77.7,33.3,14.2,26.9,0.72,46,1,0
0,84.1,58.6,27.1,93.8,35.1,0.333,27,1,0
0,106.8,50.2,18.3,70.1,22.5,1.026,35,1,0
0,171.3,78.3,37.4,19.4,36.4,1.419,37,1,1
2,125.9,73.1,30.5,12.7,33.5,0.196,32,0,0
2,70.0,70.9,16.1,49.7,40.2,0.124,38,0,0
0,193.5,70.2,17.8,183.1,39.2,1.088,48,1,1
0,117.9,101.4,31.4,110.0,40.1,1.197,51,1,1
0,74.6,81.8,18.1,28.5,33.6,0.492,44,1,0
2,145.5,77.5,19.5,135.2,26.6,0.422,47,0,0
4,73.6,78.3,13.3,84.0,32.5,0.08,48,0,0
0,109.9,87.0,30.5,15.4,31.7,0.751,50,1,0
2,145.8,65.7,29.1,51.3,27.6,0.145,39,0,0
0,103.9,62.4,10.4,181.0,27.3,0.24,50,1,0
5,142.2,83.3,25.4,17.6,34.0,0.33,41,0,0
5,150.8,76.6,40.5,180.2,33.6,0.715,49,0,1
0,200.0,72.3,20.3,247.5,25.7,0.595,51,1,1
0,118.8,82.2,22.6,7.0,31.0,0.484,26,1,0
0,73.1,68.2,15.4,54.8,19.7,0.18,55,1,0
1,115.2,75.0,24.9,69.8,31.2,0.819,38,0,0
3,94.4,72.6,14.6,23.9,23.2,0.642,42,0,0
4,106.8,81.9,29.2,600.0,33.4,0.636,37,0,1
0,126.7,60.3,16.6,9.8,35.0,0.647,44,1,0
2,105.2,71.8,19.4,81.2,18.5,0.377,21,0,0
8,152.2,77.3,37.3,78.2,38.2,0.645,56,0,1
0,98.4,79.0,29.0,23.0,45.1,0.616,27,1,1
0,141.1,80.9,26.0,446.3,39.4,1.045,57,1,1
0,123.2,71.1,22.0,92.8,30.6,0.289,35,0,0
6,153.8,74.9,39.9,88.1,40.5,0.571,45,0,1
0,130.3,77.1,16.1,152.1,38.8,0.705,61,1,1
2,168.1,75.3,0.4,8.8,40.5,0.699,62,0,1
2,87.6,88.9,12.7,23.5,31.8,1.035,44,0,0
3,130.9,84.9,32.7,53.9,34.6,1.397,59,0,1
3,98.9,76.9,22.8,0.1,28.5,0.506,21,0,0
0,105.7,69.5,17.4,108.6,26.9,0.185,41,1,0
3,138.1,78.6,33.9,17.0,25.0,1.252,48,0,1
2,80.5,75.1,1.4,91.1,41.9,0.929,44,0,0
1,74.5,85.0,17.7,83.6,23.4,0.31,21,0,0
3,127.7,79.6,35.4,33.5,33.4,0.415,45,0,1
2,95.0,73.5,34.1,600.0,24.0,1.064,43,0,1
0,95.4,59.7,9.1,110.1,22.9,0.589,52,0,0
3,98.1,81.9,18.5,68.9,30.2,0.499,42,0,0
0,97.9,69.8,27.8,66.5,30.2,0.726,25,0,0
3,83.0,69.1,28.2,150.8,33.1,0.385,21,0,0
0,120.7,81.6,25.8,23.8,41.1,0.971,71,1,1
0,121.3,62.7,12.3,286.1,21.6,0.353,33,1,0
0,113.1,67.0,16.5,173.1,29.5,0.351,32,1,0
0,164.0,84.2,17.5,107.9,39.7,0.392,54,1,1
0,83.8,76.6,15.3,126.8,30.9,0.479,21,1,0
0,100.3,79.5,13.7,17.9,24.8,0.365,33,0,0
0,118.6,76.0,22.1,144.2,28.0,0.37,34,1,0
0,99.0,71.5,20.3,80.2,21.2,0.293,24,0,0
5,128.2,73.1,29.8,0.6,32.7,0.724,25,0,0
0,97.5,74.3,24.5,39.6,40.0,0.109,24,0,0
0,122.3,49.2,22.2,17.5,29.2,0.706,35,0,0
0,96.7,78.8,13.4,11.5,26.4,0.377,27,1,0
0,155.0,80.0,26.1,44.4,25.5,0.708,70,1,1
0,70.0,74.7,39.1,37.7,20.8,0.177,41,1,0
4,112.0,90.2,31.7,9.5,28.6,0.946,27,0,0
3,115.8,59.8,26.3,0.5,27.6,0.273,44,0,0
0,122.7,58.3,22.8,68.9,27.1,0.432,39,1,0
2,117.3,69.4,23.8,16.2,40.0,0.406,21,0,0
0,87.1,64.7,18.6,86.5,19.1,0.811,54,1,0
1,127.5,52.2,8.7,148.1,25.4,0.43,31,0,0
3,125.9,58.8,21.5,46.8,29.5,0.373,43,0,0
0,105.2,57.1,23.4,49.0,29.0,0.268,30,1,0
2,121.8,73.8,14.7,14.2,22.5,0.587,28,0,0
0,98.0,69.1,26.7,43.3,37.3,0.274,35,1,0
1,145.9,78.1,23.9,14.4,43.6,0.895,34,0,1
1,89.8,78.2,10.0,71.7,22.6,0.152,30,0,0
0,125.4,83.0,22.3,71.6,26.5,0.481,60,1,0
5,104.1,81.2,19.1,122.3,32.7,0.857,24,0,0
0,92.3,73.5,23.2,98.9,31.4,0.099,21,1,0
5,155.9,71.8,31.3,237.9,41.6,0.12,68,0,1
0,138.8,50.0,32.8,117.4,45.0,0.856,43,1,1
2,70.0,68.0,30.9,9.3,35.1,0.21,35,0,0
0,126.9,61.7,22.1,37.5,32.3,0.637,30,1,0
1,133.0,78.3,39.3,26.0,41.4,1.083,61,0,1
5,132.6,87.4,38.4,46.0,30.9,1.38,53,0,1
0,90.7,71.0,6.2,35.5,34.4,0.08,38,1,0
0,128.9,77.7,45.5,100.2,38.0,0.956,57,1,1
0,116.6,87.0,15.4,4.6,30.2,0.593,36,1,0
1,104.4,75.5,13.2,22.1,35.5,0.643,33,0,0
0,88.9,67.8,7.8,137.8,34.0,0.712,38,1,0
0,122.7,66.4,16.9,0.6,32.0,0.394,23,1,0
2,107.1,65.5,25.8,199.4,33.1,0.582,30,0,0
3,101.1,67.2,17.3,57.5,29.0,0.113,50,0,0
0,150.3,56.0,25.1,50.8,29.6,1.446,66,1,1
0,113.0,61.1,19.5,9.2,29.0,0.664,47,1,1
0,101.0,80.6,12.3,41.8,20.4,0.161,41,1,0
2,85.8,79.8,32.6,45.6,24.0,0.39,40,0,0
4,115.1,80.4,39.0,4.5,34.5,1.419,67,0,1
0,138.0,78.1,20.5,456.3,37.0,0.359,49,1,1
0,126.8,73.1,35.5,422.5,31.8,0.635,42,1,1
0,101.2,56.8,10.5,40.2,33.2,0.322,31,1,0
3,109.0,55.8,18.4,173.2,30.9,0.189,38,0,0
3,161.5,70.8,39.3,49.6,39.8,1.583,54,0,1
0,129.5,68.6,28.7,98.3,30.5,0.207,29,1,0
1,101.0,77.1,5.6,29.4,32.8,0.795,40,0,0
0,164.6,69.4,48.4,9.4,36.3,0.692,70,1,1
0,118.6,80.6,8.2,99.2,37.1,0.639,37,1,0
0,115.5,75.9,11.0,97.5,27.0,0.363,46,1,0
0,185.5,61.7,18.3,325.5,36.8,0.635,53,1,1
0,99.4,74.2,22.2,55.3,28.3,0.087,47,1,0
3,130.4,89.2,24.1,20.6,28.9,0.612,34,0,0
0,170.7,69.6,26.7,488.9,25.3,0.886,53,1,1
0,74.9,71.3,17.9,44.9,28.1,0.153,38,0,0
0,99.1,65.1,22.9,12.9,37.3,1.266,56,1,1
0,108.1,75.8,17.4,8.8,29.3,0.271,26,1,0
3,111.2,62.6,28.5,7.2,35.9,0.401,22,0,0
6,175.3,82.6,20.2,77.6,39.7,0.902,53,0,1
0,80.7,75.3,27.1,2.3,20.8,0.674,35,0,0
0,75.7,73.6,19.7,9.1,34.0,0.08,27,1,0
0,78.2,59.5,22.8,113.0,25.6,0.445,37,1,0
0,86.4,57.4,22.7,85.4,30.0,0.696,37,1,0
0,95.9,76.4,14.7,123.6,36.2,0.709,40,1,0
0,79.5,63.9,9.4,202.8,32.8,0.742,45,1,0
10,177.3,77.4,46.8,89.7,47.1,1.143,33,0,1
0,85.1,61.7,33.0,103.7,30.8,0.08,65,1,0
4,107.3,70.5,19.6,96.2,21.5,0.29,29,0,0
0,125.3,80.4,30.0,251.1,24.1,0.595,50,1,1
12,95.0,83.5,21.5,276.0,23.9,0.677,54,0,1
0,132.7,91.2,33.0,12.3,31.3,0.501,49,1,1
0,116.5,71.4,15.1,93.6,26.0,0.19,37,0,0
5,95.0,55.7,21.1,11.6,31.4,0.151,48,0,1
0,133.0,80.3,56.9,2.2,30.1,1.579,53,1,1
1,151.8,74.1,11.6,23.9,28.4,0.273,34,0,0
7,161.7,73.2,17.9,61.1,37.4,0.543,58,0,1
0,107.9,66.7,26.9,0.8,24.9,0.86,27,1,0
1,121.8,69.4,11.9,4.8,25.9,0.197,41,0,0
0,132.1,52.5,18.2,2.0,20.4,0.716,33,1,0
2,144.8,73.2,24.8,36.2,31.8,0.401,50,0,0
2,127.5,48.9,24.5,87.3,35.8,0.589,47,0,0
0,95.0,66.1,30.5,208.3,36.7,1.223,55,1,1
0,94.4,53.3,14.0,33.8,31.7,0.296,21,1,0
1,104.9,74.4,17.3,121.4,31.7,0.23,30,0,0
5,139.3,50.0,26.5,74.1,33.7,0.875,50,0,1
0,157.7,96.7,44.0,40.3,32.7,1.418,44,1,1
1,118.4,79.3,12.3,96.0,32.6,0.226,35,0,0
3,102.5,90.5,25.1,26.4,25.8,0.36,44,0,0
0,118.4,71.6,26.9,84.0,39.6,0.711,60,1,1
2,126.0,66.2,25.6,57.9,18.9,0.196,52,0,0
0,176.1,73.4,46.5,36.8,34.5,0.773,64,1,1
1,137.5,71.9,14.0,22.7,37.3,0.296,28,0,0
0,102.0,83.1,20.6,131.7,32.2,0.497,50,1,0
0,116.1,49.2,24.0,29.8,31.4,0.786,59,1,0
0,120.6,63.9,25.9,47.3,23.3,0.398,34,1,0
4,115.5,66.8,18.0,145.6,21.4,0.224,28,0,0
1,73.9,82.3,24.2,12.8,24.5,0.603,24,0,0
1,120.4,64.4,24.5,29.5,31.0,0.284,41,0,0
0,187.9,57.9,28.5,205.8,28.4,0.696,28,1,1
0,72.7,80.8,23.7,7.8,30.6,1.167,40,1,0
0,123.3,78.2,13.6,38.4,24.6,0.26,21,1,0
3,132.5,88.6,22.3,35.8,32.4,0.869,38,0,0
0,84.4,89.4,16.7,17.0,32.3,0.247,33,1,0
4,154.0,76.9,39.7,245.7,38.3,0.744,52,0,1
5,103.8,67.9,18.5,131.9,23.0,0.544,37,0,0
2,70.0,68.9,24.4,38.2,25.9,0.777,40,0,0
2,152.5,67.2,21.5,134.3,23.8,0.582,47,0,0
0,132.5,59.2,15.6,64.5,29.9,0.152,38,1,0
3,121.5,75.9,14.3,2.1,35.5,0.655,39,0,0
4,118.2,64.4,7.9,43.4,29.0,1.012,33,0,0
0,152.5,58.5,17.0,45.3,28.8,0.3,51,1,0
0,147.1,58.6,21.2,21.2,33.5,0.82,58,1,1
0,70.0,78.2,14.3,37.0,33.2,0.357,22,1,0
3,70.0,68.9,19.2,16.6,32.8,0.647,27,0,0
4,103.1,90.9,32.0,126.7,41.3,0.146,29,0,0
2,88.0,66.0,27.4,49.0,34.7,0.835,51,0,0
2,100.3,75.7,21.9,250.7,25.9,0.569,26,0,0
2,85.3,70.3,10.4,52.1,26.5,0.534,45,0,0
0,123.0,50.2,16.8,12.5,38.2,0.283,21,1,0
0,89.1,67.6,16.3,7.9,30.0,0.294,37,1,0
2,97.2,83.0,28.1,128.3,27.8,0.398,42,0,0
0,127.7,51.7,29.0,63.8,24.6,0.446,40,1,0
6,123.3,69.2,28.2,369.5,27.4,1.278,49,0,1
3,111.9,82.8,22.9,125.5,31.4,0.353,39,0,0
0,126.7,56.4,12.6,305.2,36.9,0.68,44,1,1
0,119.6,53.2,33.0,60.0,38.2,1.017,42,1,1
4,127.6,76.4,20.4,56.3,27.3,0.575,22,0,0
4,77.9,55.8,24.5,118.7,33.2,1.033,46,0,0
2,132.1,97.2,12.9,170.8,33.8,0.381,60,0,1
3,87.6,78.6,24.7,197.8,28.3,0.532,30,0,0
4,130.3,66.1,22.5,4.6,20.2,0.597,48,0,0
3,161.4,66.4,27.1,38.2,28.4,0.514,63,0,1
1,115.7,66.0,3.7,53.9,31.8,0.464,30,0,0
4,122.8,73.4,18.2,62.8,18.5,0.322,33,0,0
3,127.7,76.7,27.6,20.5,22.7,0.187,21,0,0
0,142.8,85.9,24.8,116.0,38.8,0.296,51,1,0
0,132.2,65.8,15.0,15.9,33.6,1.265,58,1,1
2,99.9,70.0,19.4,95.5,31.2,0.167,24,0,0
0,107.0,76.0,20.7,20.7,29.4,0.292,21,1,0
0,182.1,67.4,23.4,32.1,39.3,0.923,30,1,1
0,123.0,75.0,22.0,41.3,38.8,0.568,24,1,0
1,103.5,75.5,24.0,14.7,26.6,0.576,45,0,0
0,85.6,67.7,29.8,7.0,29.6,0.492,24,1,0
0,126.7,61.9,19.4,57.7,44.9,0.826,54,1,0
1,120.0,69.2,14.9,15.1,29.5,0.585,45,0,0
4,126.0,77.6,20.1,8.7,30.1,0.246,54,0,0
0,80.4,74.3,17.1,47.6,37.0,0.707,44,1,0
0,74.2,68.5,6.3,51.7,29.9,0.481,52,1,0
0,199.7,70.4,38.1,4.3,30.5,1.167,71,1,1
2,104.0,64.8,9.2,1.2,33.0,0.102,51,0,0
0,96.1,72.9,31.0,5.8,28.8,1.545,57,1,1
0,130.7,72.7,12.8,2.2,29.7,0.118,43,1,0
0,146.6,79.5,6.3,52.8,33.6,0.507,23,1,0
7,154.1,84.2,7.9,19.9,45.1,1.052,50,0,1
1,116.8,50.3,5.2,131.4,36.7,0.525,27,0,0
0,70.0,61.5,20.5,17.5,22.6,0.28,31,1,0
0,151.2,62.0,26.6,30.5,29.6,0.746,43,1,0
0,100.1,63.7,15.0,69.1,26.5,0.213,58,1,0
0,122.1,87.1,35.0,458.1,31.7,1.09,23,1,1
4,115.3,69.9,30.1,86.2,22.9,0.349,52,0,0
2,141.8,59.3,25.9,11.9,28.5,0.182,23,0,0
3,170.8,67.3,40.0,87.0,25.0,0.304,53,0,1
4,134.4,60.2,33.4,61.8,26.2,0.395,37,0,0
0,109.9,95.4,20.1,600.0,31.7,0.885,63,1,1
0,108.0,60.4,27.1,5.9,28.4,0.542,29,1,0
7,160.8,80.7,41.1,103.9,40.4,0.969,56,0,1
1,116.5,69.1,24.2,25.9,18.5,0.421,36,0,0
0,87.8,84.5,17.7,19.0,33.0,0.629,32,1,0
0,186.4,74.5,19.2,211.7,30.8,0.354,47,1,1
0,89.3,72.6,29.4,86.2,31.4,0.312,21,1,0
0,128.9,49.2,21.8,20.6,30.9,0.715,47,1,0
0,114.6,51.1,15.8,160.7,29.4,0.576,25,1,0
3,88.2,76.5,17.4,50.2,25.5,0.488,21,0,0
0,154.7,71.5,18.1,7.0,32.4,0.502,66,1,1
0,87.0,45.0,28.6,174.8,29.7,0.371,37,1,0
0,117.7,60.8,23.4,36.6,23.9,0.323,27,1,0
2,113.7,84.7,20.4,49.3,31.5,0.233,27,0,0
0,116.6,63.0,25.3,86.4,21.6,0.717,37,1,0
3,79.4,57.3,33.0,170.0,30.2,0.08,39,0,0
2,86.1,77.9,23.1,8.2,28.0,0.284,46,0,0
4,200.0,97.7,37.2,195.9,32.6,1.564,33,0,1
3,70.0,76.6,28.0,30.9,30.0,0.624,42,0,0
3,100.7,80.3,38.9,31.2,22.7,0.335,35,0,0
0,200.0,59.2,17.6,54.9,22.0,0.628,57,0,1
9,136.2,94.3,36.2,289.3,31.5,0.604,69,0,1
0,77.1,52.1,15.6,2.9,27.6,0.526,29,1,0
0,134.2,86.2,20.9,178.0,47.3,1.077,54,1,1
3,149.9,56.3,11.0,106.1,31.3,0.234,42,0,0
7,135.5,72.6,43.0,13.9,39.8,1.265,61,0,1
3,142.1,80.6,19.6,14.5,32.6,0.538,21,0,0
4,129.9,77.2,39.4,7.4,44.3,1.425,52,0,1
0,174.3,94.2,12.9,364.5,29.1,1.233,74,1,1
3,121.2,59.6,25.7,13.7,28.0,0.199,28,0,0
0,95.0,92.5,27.4,5.4,52.5,0.503,62,1,1
6,95.0,72.4,22.4,138.5,41.4,0.387,53,0,1
0,93.5,69.6,22.5,106.9,31.8,0.549,21,0,0
2,84.0,75.1,22.0,12.4,24.0,0.292,43,0,0
4,186.2,80.9,27.2,346.8,32.7,0.607,60,0,1
4,140.9,64.9,25.2,170.9,31.1,0.776,65,0,1
2,108.7,73.5,14.3,13.5,23.7,0.532,27,0,0
0,198.0,79.9,26.8,5.7,35.0,0.663,41,1,1
0,90.2,89.0,29.6,36.5,28.3,0.336,22,1,0
0,109.7,54.6,9.1,77.2,38.6,0.209,33,1,0
0,104.0,57.2,24.0,8.6,31.2,0.241,41,1,0
3,154.5,66.2,30.1,597.2,36.8,0.862,64,0,1
5,106.4,66.5,11.7,4.0,30.3,0.084,35,0,0
0,78.8,73.1,33.2,16.6,31.6,0.323,51,1,0
6,136.8,76.7,39.7,5.7,22.0,0.744,56,0,1
0,193.6,76.4,20.1,1.2,32.2,1.439,34,1,1
0,95.9,84.5,31.0,14.5,38.1,1.25,48,1,0
0,177.4,66.7,38.9,65.2,41.7,1.077,42,1,1
0,125.1,54.0,16.4,31.7,25.3,0.416,21,1,0
0,117.4,58.8,24.3,225.2,32.0,1.934,63,1,1
2,115.0,58.9,17.4,25.9,28.9,0.459,40,0,0
1,113.4,74.5,21.1,192.7,30.5,1.209,21,0,0
0,90.2,84.0,32.0,28.5,27.5,0.459,28,1,0
5,157.4,88.8,44.6,273.9,37.0,0.55,59,0,1
0,144.1,77.2,34.9,86.6,23.4,0.898,41,1,0
1,159.5,83.4,49.0,10.1,45.1,0.737,48,0,1
0,117.0,72.6,20.9,198.0,25.9,0.517,41,1,0
1,106.4,66.4,19.7,9.6,22.8,0.465,21,0,0
0,122.9,77.0,7.6,25.6,25.2,0.559,27,1,0
3,96.9,78.5,25.3,33.1,18.5,0.633,25,0,0
0,141.1,74.2,21.6,75.0,32.0,1.475,48,1,1
4,128.1,75.1,19.9,214.9,35.9,0.236,34,0,0
4,126.2,62.1,16.5,9.8,19.5,0.171,46,0,0
3,71.8,60.2,26.4,70.3,35.6,0.825,38,0,0
3,99.7,81.0,26.8,6.9,25.2,0.164,31,0,0
3,79.0,63.1,19.4,22.2,31.2,0.126,49,0,0
4,80.3,54.5,26.7,18.3,29.3,0.235,49,0,0
0,163.5,59.0,31.7,497.1,28.7,1.317,42,1,1
4,82.1,81.8,11.9,57.5,28.8,0.493,28,0,0
4,114.5,65.1,19.1,19.9,25.1,0.288,30,0,0
1,102.4,65.9,15.2,63.6,31.4,0.553,37,0,0
5,78.3,70.7,3.9,26.3,36.9,0.43,35,0,0
0,121.6,64.5,23.5,4.1,18.7,0.652,28,1,0
0,94.7,52.3,25.6,39.9,36.2,0.474,38,1,0
0,101.5,61.6,21.5,9.7,22.1,0.325,45,0,0
1,103.0,80.7,21.3,176.1,33.4,0.08,46,0,0
0,88.6,68.7,16.2,54.4,35.1,0.613,31,1,0
1,134.5,77.7,30.3,18.1,30.3,0.237,55,0,0
5,115.6,64.7,28.4,26.9,26.3,0.324,31,0,0
2,102.9,61.9,23.7,4.9,18.5,0.286,44,0,0
0,170.2,75.5,32.9,7.5,27.8,0.887,81,1,1
0,105.0,62.1,8.5,160.2,21.4,0.38,44,0,0
0,72.6,60.4,22.7,92.1,25.2,0.169,44,1,0
5,118.3,68.5,19.7,84.4,26.0,0.153,43,0,0
6,145.2,99.8,28.8,83.6,36.4,1.176,44,0,1
0,155.5,89.7,25.9,50.8,28.5,0.421,50,1,1
6,88.9,53.6,15.9,2.1,22.7,0.294,47,0,0
0,134.0,80.8,21.3,17.8,44.3,0.312,53,1,1
0,102.9,51.6,5.4,88.9,25.2,0.407,25,1,0
3,126.8,71.8,26.1,53.7,26.9,0.213,21,0,0
0,158.6,76.7,23.5,229.7,35.5,1.196,62,1,1
0,100.2,72.2,32.8,12.2,32.8,0.08,27,1,0
2,77.9,45.1,32.6,2.5,32.4,0.107,43,0,0
4,137.7,79.3,19.6,36.0,36.5,1.152,38,0,1
0,108.2,73.2,15.6,23.7,28.1,0.84,41,1,0
5,99.9,66.8,11.3,21.7,27.8,0.234,32,0,0
0,100.9,81.5,21.5,21.0,27.3,0.175,32,1,0
4,119.5,80.2,16.9,114.0,23.8,0.191,26,0,0
3,106.5,64.4,30.0,11.0,35.2,0.934,47,0,0
0,129.8,98.4,15.1,352.6,24.8,0.286,64,1,1
0,113.8,74.0,25.7,5.3,23.4,1.064,37,1,0
0,118.5,74.3,12.2,53.3,24.2,0.113,21,1,0
0,72.8,74.6,22.2,64.3,37.9,0.202,33,1,0
0,143.8,75.9,5.8,55.4,36.3,0.572,39,1,0
0,84.0,63.3,23.6,26.6,32.0,0.112,21,1,0
4,118.1,66.7,22.0,48.6,22.8,0.267,50,0,0
0,95.0,103.2,28.7,600.0,38.7,1.228,45,1,1
3,111.2,58.3,5.8,7.7,24.7,0.08,24,0,0
5,106.9,54.3,14.3,30.1,29.7,0.819,46,0,0
0,121.2,51.4,12.0,77.4,23.4,0.277,49,1,0
2,173.7,68.5,23.7,114.7,27.8,0.238,41,0,0
0,139.0,65.9,28.9,7.9,35.1,0.875,21,1,0
1,132.6,78.8,25.5,44.0,34.0,0.473,26,0,0
0,96.9,75.7,37.8,3.2,29.7,0.486,43,1,0
6,135.3,90.6,29.9,292.6,27.2,0.793,47,0,1
3,79.6,70.3,8.8,48.8,27.7,0.41,46,0,0
0,113.1,61.0,22.3,89.3,33.4,0.343,22,1,0
0,124.3,63.7,13.6,12.3,29.2,0.274,42,1,0
3,92.7,60.3,13.2,16.4,31.1,0.647,25,0,0
0,106.6,70.3,0.0,79.7,26.9,0.224,45,1,0
0,186.9,79.0,33.0,235.0,27.6,1.024,58,1,1
3,105.4,75.7,14.9,12.4,27.7,0.16,33,0,0
2,97.3,77.1,19.8,40.0,29.2,0.273,26,0,0
3,147.5,83.9,25.6,1.3,21.7,0.815,35,0,0
0,121.8,58.2,21.6,51.3,23.6,0.182,38,1,0
1,120.2,80.7,16.9,30.2,26.8,0.08,45,0,0
4,200.0,77.9,34.7,49.3,23.9,0.469,42,0,1
2,98.4,81.1,35.3,116.3,31.5,0.365,48,0,0
3,106.9,75.2,31.6,36.6,32.0,0.397,26,0,0
1,173.3,79.9,32.4,67.1,29.4,0.973,44,0,1
3,128.3,72.1,4.1,116.9,30.1,0.385,30,0,0
5,161.1,78.4,29.2,277.5,32.8,1.288,40,0,1
1,117.1,75.9,21.5,18.5,19.3,0.207,36,0,0
5,97.5,72.1,24.9,109.3,21.8,0.571,21,0,0
5,109.6,67.4,11.6,377.3,32.7,0.737,24,0,1
0,98.1,62.7,21.8,62.0,31.8,0.377,36,1,0
0,131.8,86.4,23.9,61.7,43.6,1.062,50,1,1
8,130.5,87.2,31.4,47.7,27.4,0.894,48,0,1
0,100.7,80.1,23.6,41.5,32.2,0.613,34,1,0
6,111.9,79.0,24.1,49.1,35.7,0.306,59,0,0
5,119.5,89.5,28.3,0.2,47.8,1.494,47,0,1
4,114.9,88.3,30.6,53.0,34.7,0.788,52,0,1
0,101.5,68.2,36.5,1.1,30.9,0.9,21,1,0
8,150.9,88.3,39.7,94.1,37.5,0.733,22,0,1
0,153.7,82.2,15.7,139.4,43.3,0.854,49,1,1
3,184.5,55.8,28.6,149.8,30.5,1.455,45,0,1
0,162.5,87.6,26.1,51.7,23.2,0.7,36,1,1
5,112.6,70.2,18.3,22.2,27.3,0.48,31,0,0
4,161.0,83.9,32.7,487.4,32.1,1.297,63,0,1
0,130.5,71.6,21.4,24.2,28.4,0.521,21,1,0
0,112.0,67.6,32.5,38.5,30.5,0.831,21,1,0
0,114.9,53.6,14.4,30.4,34.0,0.405,60,1,1
1,120.1,58.8,23.6,74.1,29.8,0.609,43,0,0
0,81.8,65.0,20.2,25.5,25.2,0.7,36,1,0
0,170.0,77.3,38.2,49.5,34.9,1.296,48,1,1
0,131.1,65.5,2.9,46.3,25.2,0.469,50,1,0
3,199.1,77.1,25.6,6.4,33.0,0.898,55,0,1
0,97.8,68.7,29.7,5.7,28.2,0.39,58,1,0
0,144.6,93.2,23.8,95.6,18.5,0.115,33,0,0
3,100.1,78.6,28.7,74.7,30.7,0.242,38,0,0
4,200.0,81.8,33.5,60.8,41.7,0.515,59,0,1
3,121.7,73.2,24.5,87.0,26.5,0.687,35,0,0
6,118.4,88.1,28.4,120.1,21.5,0.182,21,0,0
3,116.7,75.5,14.5,32.7,29.7,0.301,39,0,0
0,94.7,77.8,16.8,12.8,29.6,0.521,47,1,0
0,95.0,66.4,29.7,22.6,34.4,0.953,46,1,1
0,146.7,71.8,34.2,6.1,26.1,0.472,39,1,0
5,102.5,59.5,27.8,11.3,35.0,0.963,39,0,1
0,140.2,60.0,35.7,9.0,35.9,0.259,30,1,0
0,187.9,70.9,23.5,3.0,30.5,1.413,59,1,1
1,78.8,60.8,15.6,11.1,24.6,0.388,42,0,0
4,119.0,61.7,19.5,188.1,36.1,0.517,37,0,0
3,110.0,70.1,15.8,46.6,26.4,0.193,35,0,0
2,107.5,61.8,30.7,49.2,18.5,0.291,35,0,0
0,125.4,90.3,16.1,438.9,37.2,1.436,42,1,1
0,95.6,68.4,22.5,17.0,20.2,0.291,52,1,0
0,162.7,84.1,27.9,365.9,36.2,0.548,44,1,1
0,101.9,81.3,20.7,123.2,29.7,1.501,70,1,1
1,143.6,89.9,31.8,17.9,21.4,0.341,21,0,0
0,116.1,75.3,14.0,200.9,32.6,0.696,28,1,0
1,108.4,89.5,26.3,54.4,27.9,0.43,23,0,0
0,140.5,104.4,26.3,60.7,28.9,1.464,75,1,1
0,94.0,80.0,11.6,43.5,20.3,0.148,32,1,0
4,119.0,79.1,19.7,24.5,33.1,0.238,23,0,0
0,110.4,88.2,16.1,198.2,37.2,0.339,61,1,1
0,107.7,69.2,18.7,19.9,20.9,0.297,38,0,0
5,109.2,53.7,29.0,384.1,29.4,0.244,62,0,1
0,134.1,77.2,33.8,197.4,38.5,1.099,61,1,1
4,144.8,67.9,27.6,16.7,32.3,0.439,44,0,0
0,109.1,70.0,18.5,36.9,26.5,0.261,27,1,0
1,79.5,58.0,12.3,69.5,30.5,0.106,49,0,0
4,111.5,73.3,12.3,76.2,21.4,0.235,34,0,0
0,149.2,66.3,30.3,229.7,33.2,1.642,48,1,1
0,112.6,72.3,30.1,5.7,23.9,0.534,28,1,0
0,166.3,67.7,23.3,209.4,38.8,0.97,47,1,1
0,76.1,56.5,10.7,8.4,31.8,0.565,41,1,0
3,134.3,78.9,15.8,144.1,29.8,1.68,33,0,1
4,113.6,59.6,22.6,93.9,27.4,0.319,50,0,1
2,122.3,68.8,21.4,43.1,22.4,0.486,27,0,0
2,126.0,61.8,12.1,93.5,24.9,0.459,28,0,0
0,144.3,89.9,26.9,79.1,34.3,0.453,48,1,1
0,108.3,74.4,14.1,41.0,37.0,0.223,29,0,0
0,116.3,72.3,26.2,36.7,18.5,0.703,21,1,0
2,90.4,71.0,22.5,21.9,26.9,0.225,39,0,0
0,134.2,69.0,21.3,21.8,29.4,0.278,21,1,0
0,200.0,55.1,18.1,138.2,34.4,1.138,56,1,1
0,120.9,90.5,15.9,47.9,18.5,0.13,21,1,0
0,142.6,69.4,25.6,25.7,26.5,0.425,34,1,0
4,110.3,61.7,19.5,18.9,23.7,0.199,29,0,0
0,135.2,72.8,30.5,77.2,29.9,0.179,30,1,0
3,150.6,97.6,14.5,169.3,28.0,1.093,46,0,1
0,164.6,59.5,35.7,85.4,40.5,1.172,52,1,1
0,113.6,61.7,11.9,106.9,33.2,0.09,35,1,0
0,140.8,59.9,6.6,84.3,32.6,0.422,21,1,0
3,126.1,61.7,23.6,50.9,38.2,0.545,53,0,1
3,120.2,74.9,23.9,235.7,26.3,0.686,59,0,0
3,121.3,62.8,0.0,10.0,28.4,0.175,39,0,0
0,125.2,45.0,23.8,4.0,25.6,0.391,36,1,0
6,95.0,88.7,24.1,199.0,39.5,0.985,43,0,1
2,87.0,84.5,35.3,33.6,23.5,0.401,21,0,0
4,104.1,73.8,28.4,4.9,26.3,0.498,29,0,0
0,184.7,90.8,35.4,99.8,26.7,1.376,47,1,1
0,98.7,80.6,26.4,31.1,22.0,0.108,32,1,0
1,86.0,70.3,17.3,12.3,21.5,0.234,23,0,0
3,103.8,76.8,25.2,32.8,29.8,0.732,54,0,0
0,156.8,86.4,42.9,73.7,37.0,1.58,63,1,1
0,147.8,76.5,16.0,38.5,24.4,0.438,32,1,0
0,130.5,67.8,21.3,210.6,33.2,1.022,64,1,1
0,135.7,82.7,38.2,235.2,32.9,0.741,62,1,1
0,135.5,91.0,43.2,4.7,34.6,0.973,55,1,1
0,119.8,52.1,25.2,37.9,35.7,0.361,49,1,0
3,92.4,74.2,11.6,53.4,28.1,0.558,21,0,0
6,122.8,76.7,25.6,114.9,27.2,0.443,49,0,0
3,100.9,86.4,21.2,19.8,27.7,0.157,38,0,0
2,84.7,76.9,31.4,148.4,27.7,0.568,31,0,0
1,121.1,81.2,17.0,84.5,22.8,0.331,43,0,0
6,102.4,72.3,40.0,204.6,31.5,0.869,61,0,1
0,98.4,62.2,27.9,92.3,24.8,0.412,44,1,0
0,161.8,69.7,36.9,141.6,22.4,1.246,63,1,1
0,112.1,82.9,25.4,486.4,31.8,0.73,57,1,1
0,140.7,70.5,28.9,14.3,18.5,0.269,39,1,0
3,117.2,78.7,7.0,135.0,28.9,0.328,21,0,0
0,119.0,65.0,19.9,48.9,22.2,0.545,39,1,0
0,183.4,68.6,32.8,79.6,45.0,0.89,57,1,1
6,135.6,59.5,46.7,29.0,25.1,0.754,44,0,1
0,109.9,76.0,21.4,17.3,29.8,0.596,21,1,0
0,108.8,72.7,21.0,5.1,30.3,0.444,37,1,0
0,127.2,67.2,35.3,15.2,27.3,0.24,42,0,0
0,103.8,78.4,15.5,8.3,29.0,0.105,30,1,0
3,115.2,81.9,19.5,23.0,31.3,0.209,35,0,0
0,82.7,69.1,22.2,19.4,25.1,0.421,25,1,0
0,169.4,70.8,12.9,307.9,36.2,0.681,53,1,1
4,80.9,66.0,20.4,19.6,34.7,0.379,39,0,0
1,121.0,60.6,15.4,128.6,27.5,0.269,48,0,0
0,70.0,87.1,18.8,1.1,29.3,0.261,21,1,0
8,178.2,76.5,38.8,380.9,41.0,1.536,66,0,1
0,131.3,82.8,29.5,36.3,38.4,0.498,43,1,0
3,140.2,93.3,31.8,27.0,26.9,0.375,42,0,1
3,146.5,56.5,14.0,12.6,30.6,0.249,23,0,0
9,168.6,98.1,8.7,49.2,43.0,0.935,61,0,1
0,154.6,60.9,13.7,16.9,45.5,0.851,64,1,1
3,94.0,59.5,35.4,36.4,30.3,0.305,38,0,0
0,140.0,61.1,21.3,160.4,31.3,0.267,51,1,0
0,197.0,88.7,22.1,77.1,23.9,0.23,55,1,1
8,154.4,65.6,28.7,306.9,42.2,1.193,65,0,1
3,153.2,64.3,24.7,202.7,40.5,0.745,33,0,0
0,127.5,77.4,18.1,123.0,34.0,0.238,31,1,0
3,98.8,74.5,12.7,45.4,40.7,1.349,51,0,1
5,150.8,75.4,27.9,246.7,43.6,0.391,40,0,1
2,102.8,77.3,11.2,82.7,30.7,0.289,30,0,0
0,95.9,74.4,8.1,12.2,20.7,0.219,23,1,0
0,72.8,66.4,14.1,162.6,24.0,0.768,21,1,0
0,127.2,64.2,19.3,81.7,28.4,0.771,62,1,1
2,152.2,89.5,19.4,96.0,28.2,0.213,59,0,1
0,101.4,62.9,17.9,72.0,37.6,0.159,43,1,0
0,179.3,77.3,23.1,291.0,23.5,0.578,63,1,1
0,124.6,56.0,12.7,162.6,30.5,0.442,46,0,0
0,76.7,64.1,19.2,222.7,24.2,0.116,30,1,0
0,70.0,49.1,15.7,228.3,32.1,0.555,39,0,0
1,96.1,62.9,25.3,33.5,18.5,0.089,29,0,0
2,115.7,86.1,33.9,320.0,31.0,0.639,34,0,0
2,113.4,78.3,20.2,193.0,39.9,0.227,27,0,0
0,200.0,74.1,20.1,5.7,32.2,0.846,54,1,1
0,108.8,66.3,21.0,33.3,21.0,0.431,45,1,0
0,124.8,89.9,23.9,11.8,35.0,1.925,50,1,1
0,131.9,73.3,24.7,115.5,37.4,0.556,51,1,1
8,102.6,70.7,18.4,65.2,44.6,0.946,48,0,1
0,70.0,73.0,12.5,320.0,29.7,0.31,36,1,0
0,123.0,66.6,26.1,64.2,26.5,0.102,27,1,0
0,98.9,62.7,0.8,199.7,22.7,0.274,52,1,0
1,123.4,66.7,18.6,100.8,36.1,0.15,40,0,0
1,124.3,48.5,10.7,59.2,28.6,0.312,21,0,0
2,123.1,71.3,18.1,78.7,23.7,0.842,38,0,0
2,108.6,70.1,8.0,3.4,24.4,0.855,34,0,0
3,108.3,66.2,18.9,17.0,24.7,0.319,41,0,0
0,93.5,69.4,18.6,8.6,36.5,0.819,36,1,0
0,160.8,100.3,35.6,138.6,34.2,0.886,61,1,1
6,125.4,77.3,19.6,87.7,21.6,0.496,49,0,0
0,91.8,74.6,31.0,86.7,18.5,0.259,46,1,0
0,113.4,87.1,25.1,149.1,29.9,0.227,50,1,1
3,113.3,55.0,24.1,102.7,31.4,0.71,26,0,0
0,165.4,54.1,9.1,103.7,39.0,1.647,56,1,1
6,98.3,70.7,16.5,285.7,38.7,1.121,47,0,1
0,164.7,72.2,30.2,223.9,33.6,0.958,38,1,1
0,158.8,74.3,31.8,79.5,23.1,1.053,63,1,1
0,126.7,69.5,36.8,40.6,18.5,0.597,56,1,0
1,126.3,72.9,28.4,113.6,31.9,0.369,50,0,0
1,104.7,71.5,34.5,28.8,21.6,0.355,35,0,0
3,177.6,70.9,19.6,233.9,35.0,1.129,59,0,1
0,87.7,79.6,21.5,10.8,33.8,0.31,43,1,0
2,102.2,65.4,6.4,92.8,30.2,0.132,32,0,0
0,144.1,81.5,25.1,200.1,34.5,1.273,37,1,1
3,135.4,49.3,24.3,72.1,33.5,0.31,23,0,0
2,89.7,71.6,21.3,183.8,32.8,0.544,37,0,0
3,141.2,64.7,21.1,118.6,35.0,0.679,54,0,0
4,106.3,88.0,33.1,131.5,29.2,0.08,27,0,0
3,109.3,69.9,18.8,17.8,26.5,0.742,21,0,0
1,130.9,61.0,21.9,100.4,26.3,0.784,28,0,0
1,132.7,60.3,16.8,81.2,26.4,0.595,39,0,0
9,156.7,91.5,30.1,418.8,40.6,1.156,41,0,1
0,200.0,80.4,37.5,55.7,39.6,0.768,50,1,1
0,124.1,74.9,22.5,30.8,28.8,0.173,32,1,0
5,95.0,50.0,20.1,90.4,39.1,0.989,59,0,1
1,83.3,91.2,10.2,51.1,28.8,0.08,27,0,0
0,94.5,78.7,12.4,50.5,22.4,0.454,30,1,0
0,125.9,69.8,12.2,34.6,36.9,1.221,60,1,1
0,139.3,66.2,26.9,48.7,33.4,0.741,45,1,0
0,84.1,85.9,13.7,6.4,19.6,0.354,23,1,0
5,176.7,68.7,16.8,280.0,32.5,0.557,41,0,1
0,85.7,75.7,10.5,34.3,30.5,0.575,40,1,0
2,102.0,69.7,18.3,17.2,20.5,0.451,33,0,0
1,111.6,87.6,6.4,149.6,25.7,0.451,42,0,0
6,142.2,64.8,7.2,23.4,23.6,0.779,56,0,1
0,99.9,64.2,25.4,12.0,31.5,0.648,39,1,0
1,96.6,82.5,22.2,59.1,27.9,0.509,32,0,0
4,101.0,74.8,20.9,164.1,18.6,0.145,34,0,0
2,172.9,69.4,21.8,320.0,31.1,0.258,30,0,0
3,142.4,61.4,13.7,49.6,32.0,0.281,46,0,0
3,137.1,69.2,13.9,74.1,23.9,0.156,45,0,0
0,89.8,74.2,16.1,14.9,34.4,0.08,41,1,0
0,126.0,70.9,29.2,28.9,41.5,0.831,33,1,1
4,119.2,66.0,13.4,2.4,22.2,0.171,36,0,0
0,102.9,94.9,11.8,59.5,22.8,0.211,22,1,0
3,101.7,46.1,18.0,1.2,20.5,0.8,50,0,0
1,117.6,74.4,18.0,37.0,36.7,0.574,41,0,0
0,96.4,61.2,21.0,33.2,25.5,0.37,31,1,0
4,119.8,79.8,9.1,13.7,24.4,0.308,31,0,0
2,128.3,80.7,36.9,296.9,29.5,0.296,27,0,0
3,153.6,69.9,43.2,69.3,31.1,1.41,56,0,1
0,118.2,59.8,13.7,28.4,31.5,0.405,25,1,0
4,120.9,48.7,22.7,83.9,21.6,0.562,28,0,0
5,95.0,90.9,18.6,572.6,30.8,1.16,31,0,1
4,197.7,80.2,27.9,139.5,45.5,0.828,64,0,1
0,132.1,82.5,24.9,44.6,31.9,0.493,34,1,0
3,131.0,55.2,14.3,13.4,21.5,0.502,28,0,0
3,106.9,53.1,26.1,49.6,27.0,0.511,37,0,0
0,200.0,81.7,16.9,52.3,25.5,0.58,22,1,1
4,95.0,82.7,30.0,250.1,35.8,0.924,60,0,1
0,93.9,64.7,21.0,17.3,27.4,0.363,31,1,0
0,98.6,70.8,16.7,26.9,18.5,0.533,39,1,0
0,117.5,48.7,18.6,7.8,30.8,0.08,44,1,0
2,146.3,83.6,15.1,82.6,23.4,0.08,23,0,0
0,179.2,71.0,37.0,39.4,31.7,0.943,41,1,1
0,123.8,60.5,36.7,38.1,37.4,0.467,47,0,0
4,70.0,56.3,16.2,137.4,28.3,0.676,43,0,0
8,141.6,83.8,26.1,8.8,35.2,0.308,55,0,1
3,91.7,83.9,6.9,63.3,30.0,0.54,33,0,0
0,174.1,76.4,37.4,234.9,37.4,0.654,51,1,1
0,142.4,75.1,35.8,81.6,34.1,0.508,35,1,1
0,112.1,86.3,33.2,54.4,27.1,0.603,28,0,0
4,108.5,81.9,14.2,111.0,31.6,0.536,21,0,0
2,138.4,65.8,11.2,14.3,34.8,0.415,30,0,0
1,123.4,75.0,6.9,40.3,25.1,0.466,35,0,0
2,137.5,80.0,18.5,5.6,19.1,0.502,31,0,0
5,70.0,66.7,21.4,15.8,26.4,1.023,31,0,0
0,133.7,66.0,22.4,5.4,28.5,0.578,37,1,0
2,115.0,78.9,24.6,124.2,28.3,0.422,37,0,0
4,89.6,59.7,3.5,106.8,21.1,0.514,42,0,0
3,121.5,68.3,4.0,138.9,22.9,0.477,40,0,0
0,102.6,68.0,22.0,77.0,25.1,0.385,24,1,0
0,106.1,71.9,35.9,275.1,23.9,0.644,39,1,1
3,184.0,83.9,51.3,13.9,42.6,1.582,58,0,1
1,120.7,70.5,9.2,33.0,35.8,0.287,39,0,0
7,161.3,86.4,29.6,80.6,22.5,0.804,49,0,1
3,115.2,82.3,22.1,70.9,27.4,0.959,43,0,0
0,119.4,74.8,28.8,320.0,38.5,1.481,39,1,1
5,173.4,75.6,24.6,132.9,28.4,0.362,58,0,1
1,94.1,85.3,34.8,31.6,39.1,0.869,23,0,0
0,100.1,83.8,12.3,35.8,25.4,0.564,21,1,0
4,87.8,83.3,17.9,247.5,38.5,0.318,21,0,0
4,163.2,66.6,24.5,26.2,32.0,0.973,45,0,1
0,91.3,95.1,28.4,4.4,35.2,0.398,36,1,0
1,93.8,71.4,36.4,28.3,32.5,0.25,36,0,0
3,117.4,62.9,30.4,10.1,28.8,0.363,40,0,0
0,165.2,76.8,20.3,123.5,27.0,0.403,52,1,1
0,99.8,57.4,1.8,11.4,34.5,0.172,25,1,0
0,103.7,56.7,17.7,4.6,29.6,0.261,47,1,0
2,100.6,86.1,18.1,106.7,28.7,0.239,21,0,0
0,107.6,84.2,22.8,47.7,29.1,0.184,33,1,0
5,100.1,73.1,17.3,25.6,26.6,0.214,38,0,0
6,119.3,55.2,18.1,8.3,39.7,0.163,38,0,0
0,129.5,68.1,21.0,331.0,37.1,1.251,53,1,1
3,97.7,72.1,22.2,16.3,26.5,0.504,40,0,0
3,103.2,55.6,16.1,18.0,26.7,0.226,48,0,0
0,108.1,50.9,32.3,83.3,29.2,0.572,25,1,0
0,160.0,74.6,22.8,23.0,30.7,0.403,26,1,0
0,155.6,80.7,37.0,116.5,34.1,0.668,61,1,1
3,135.7,79.5,15.3,217.9,44.4,0.12,54,0,1
2,75.1,72.3,40.7,35.2,19.4,0.218,32,0,0
2,114.6,84.4,32.6,58.2,30.8,0.295,26,0,0
0,112.3,67.4,18.7,32.6,28.1,0.167,25,1,0
0,122.0,83.6,17.1,10.5,23.5,0.421,28,1,0
1,129.9,68.2,9.6,52.5,24.0,0.461,31,0,0
8,159.7,91.9,27.8,63.8,37.3,1.329,55,0,1
5,123.2,72.1,23.4,16.0,31.5,0.377,42,0,0
3,136.0,57.7,31.8,6.6,36.4,0.639,45,0,0
0,70.5,86.4,23.1,91.7,29.8,0.627,21,1,0
0,139.0,103.1,17.1,235.9,32.9,1.062,57,1,1
0,126.4,91.7,41.0,14.6,34.3,0.7,43,1,1
0,96.0,70.8,20.2,35.4,27.6,0.474,40,1,0
2,78.7,68.5,26.5,16.7,29.7,0.856,42,0,0
0,94.4,64.8,11.1,32.9,30.2,0.405,25,1,0
5,187.5,59.7,22.8,78.7,33.2,1.33,53,0,1
7,119.2,69.0,30.9,12.0,39.5,1.719,43,0,1
5,126.5,69.9,16.8,4.1,44.6,0.297,54,0,1
0,156.5,81.9,30.1,59.5,39.0,0.782,45,1,1
0,109.9,46.8,24.3,58.8,27.9,0.145,35,1,0
0,139.2,89.7,11.0,15.4,25.6,0.438,39,1,0
3,90.0,54.7,27.9,193.0,28.1,0.356,50,0,0
0,151.7,86.7,4.7,41.7,29.9,0.306,34,1,0
3,117.0,90.7,21.6,64.9,23.5,0.284,21,0,0
4,79.1,62.7,14.9,47.3,22.0,0.433,22,0,0
4,145.1,58.1,40.0,22.0,37.5,0.88,43,0,1
0,91.3,66.6,7.0,101.2,27.1,0.499,34,1,0
3,185.9,59.8,29.0,14.3,44.6,0.636,33,0,1
3,103.2,78.1,34.9,82.4,31.9,0.268,34,0,0
0,136.9,74.0,19.9,205.4,39.3,1.069,60,1,1
1,106.2,73.6,25.0,12.4,31.0,0.639,54,0,0
0,160.3,64.2,3.0,162.5,42.3,0.699,39,1,1
0,140.0,62.9,27.0,27.9,33.5,0.168,23,0,0
0,118.7,71.8,33.8,24.4,34.4,0.905,21,1,0
0,106.2,48.1,18.7,135.8,26.8,0.095,34,1,0
0,99.5,89.4,39.7,13.3,36.8,0.518,30,1,0
0,151.2,81.7,33.5,600.0,37.7,0.796,56,1,1
0,169.6,60.8,49.0,10.4,37.9,1.341,41,1,1
1,135.2,74.7,25.1,28.2,24.1,0.382,41,0,0
0,102.1,68.3,30.1,12.1,25.9,0.288,38,1,0
4,193.7,80.1,13.7,252.4,33.8,0.475,63,0,1
4,142.7,93.7,36.8,76.3,33.6,1.107,53,0,1
4,110.1,80.9,12.4,212.0,29.3,0.468,22,0,0
2,76.1,63.9,24.9,106.7,29.1,0.114,37,0,0
0,119.0,84.5,7.7,61.8,26.9,0.269,34,0,0
0,126.9,65.4,23.5,19.6,36.8,0.66,23,1,0
8,183.9,72.2,25.6,122.2,32.3,0.914,68,0,1
0,157.6,84.1,34.3,85.7,43.9,1.082,68,1,1
0,107.9,66.4,15.1,117.8,41.5,0.753,52,1,1
1,118.6,72.4,24.1,188.2,30.2,0.57,45,0,0
2,136.1,83.0,29.0,38.5,23.2,0.732,51,0,1
0,106.6,90.4,11.5,129.7,29.5,0.614,44,1,0
2,96.9,68.2,25.1,22.6,28.6,0.568,57,0,0
0,86.1,85.0,23.6,24.1,32.0,1.005,36,1,0
4,130.5,102.4,13.9,218.4,22.7,0.097,40,0,0
0,130.2,84.9,19.3,3.5,29.8,0.144,21,1,0
0,95.0,76.9,2.9,11.0,40.8,0.675,39,1,1
1,73.6,66.0,15.9,157.7,27.4,0.482,29,0,0
2,98.0,61.2,28.7,26.4,19.9,0.27,44,0,0
0,134.9,73.3,24.1,125.2,31.4,0.613,43,0,0
1,161.1,63.7,22.8,3.4,18.7,0.501,21,0,0
0,84.4,83.5,31.6,96.6,33.2,0.484,33,1,0
1,118.1,73.2,19.0,20.7,33.1,1.028,37,0,0
1,103.5,50.3,17.8,21.2,24.3,0.498,39,0,0
0,118.5,64.9,26.3,28.7,34.4,0.949,32,1,1
0,132.1,75.1,33.7,391.8,42.6,0.539,53,1,1
0,146.6,63.7,30.7,376.9,37.9,1.126,50,1,1
9,162.6,75.9,27.9,313.2,30.9,0.9,50,0,1
0,149.2,80.0,26.0,40.5,33.0,0.131,41,1,0
1,113.7,86.3,30.9,320.0,23.4,0.611,31,0,0
2,122.3,92.1,53.5,23.1,37.3,0.888,55,0,1
0,184.9,75.3,22.7,88.7,41.7,0.377,56,1,1
0,143.8,60.2,18.3,207.8,29.5,1.393,27,1,1
1,138.8,56.6,20.2,1.8,25.7,0.565,37,0,0
1,73.8,61.2,16.2,1.1,28.5,1.255,28,0,0
2,134.7,60.3,23.9,134.0,30.7,0.485,24,0,0
2,135.7,85.1,17.7,592.1,35.4,0.494,65,0,1
0,78.9,68.5,18.9,19.8,24.5,0.351,34,1,0
7,172.9,85.8,9.0,115.5,34.9,0.465,31,0,1
0,105.1,77.8,23.8,32.0,30.8,0.438,26,1,0
0,86.0,67.8,30.6,91.0,32.4,1.047,38,1,0
3,121.3,71.3,31.3,33.9,28.4,0.087,42,0,0
2,118.2,62.6,18.8,14.0,26.9,0.514,21,0,0
0,126.6,62.3,16.6,76.2,25.7,0.479,30,1,0
0,116.5,79.8,23.7,176.1,28.4,1.109,43,1,1
4,114.5,76.9,19.6,37.5,18.5,0.327,35,0,0
0,80.3,70.4,31.2,17.6,34.7,0.367,21,1,0
0,170.7,85.0,29.3,69.4,35.9,0.549,47,1,1
2,121.7,74.6,9.0,16.8,31.3,0.455,21,0,0
4,81.8,78.8,25.5,60.4,33.3,0.288,23,0,0
0,128.3,84.9,22.5,148.4,41.6,1.46,31,1,1
0,184.6,90.4,23.7,218.6,32.2,0.951,45,1,1
4,70.0,92.7,12.6,38.0,32.0,0.172,43,0,0
8,135.5,84.0,37.3,249.0,40.2,1.49,49,0,1
0,110.9,68.8,22.5,600.0,34.9,0.833,43,1,1
0,83.5,71.7,20.3,9.5,30.6,0.686,49,1,0
0,143.3,75.0,32.3,62.1,47.7,1.178,53,1,1
0,189.1,84.2,8.9,203.4,22.0,0.799,36,1,1
1,145.3,66.2,23.6,105.6,38.7,0.789,56,0,1
0,95.0,80.5,34.2,151.0,33.8,1.382,55,1,1
1,141.4,58.2,22.3,12.3,22.4,0.51,30,0,0
4,70.0,74.9,8.3,48.1,33.1,0.229,30,0,0
0,97.8,88.6,15.1,64.3,37.5,0.128,38,1,0
1,108.5,89.3,22.8,314.3,41.2,0.655,30,0,1
0,81.4,72.0,27.1,24.3,31.5,0.478,21,1,0
2,154.5,81.4,27.6,286.1,39.2,0.386,62,0,1
0,102.7,79.1,11.9,29.1,32.1,0.372,31,1,0
0,175.0,50.0,32.7,1.9,28.8,1.525,43,1,1
0,99.1,55.3,27.9,102.2,45.1,1.006,50,1,1
3,130.9,73.3,26.6,307.0,31.6,0.684,51,0,1
0,153.5,76.6,9.6,15.3,25.2,0.773,61,1,1
4,93.7,69.3,13.1,27.8,28.2,0.698,33,0,0
4,162.1,82.6,29.8,30.8,37.3,0.595,61,0,1
0,136.3,50.0,14.7,170.8,38.5,0.893,48,1,1
0,116.6,55.3,18.6,122.2,26.8,0.41,55,1,0
1,138.2,66.6,22.7,7.1,32.5,0.265,35,0,0
0,122.3,65.9,25.1,162.7,24.5,0.214,37,1,0
5,180.5,77.9,26.3,163.7,34.8,0.72,49,0,1
0,146.1,95.0,32.1,202.4,30.4,1.283,66,1,1
2,154.0,82.3,20.8,12.5,38.4,0.578,40,0,0
0,139.8,62.7,12.9,53.9,29.6,0.221,21,1,0
0,92.8,92.1,23.2,40.4,34.7,0.08,38,1,0
0,131.8,66.3,4.5,13.7,31.2,0.658,29,1,0
2,111.8,58.2,25.7,4.4,18.5,0.324,28,0,0
6,158.8,65.0,38.3,5.1,24.1,1.399,56,0,1
6,166.1,79.0,13.9,32.9,34.9,0.69,43,0,1
5,70.0,80.1,13.9,201.8,27.1,0.546,21,0,0
2,118.2,60.2,20.1,52.2,37.0,0.148,55,0,0
0,120.0,73.4,20.7,0.4,29.7,0.205,38,1,0
3,104.0,62.0,37.9,6.0,33.5,0.276,27,0,0
0,123.9,69.6,33.2,14.4,37.6,0.384,33,1,0
3,171.4,67.2,39.1,7.1,43.9,1.373,60,0,1
0,118.2,62.0,17.8,14.6,33.7,0.214,36,1,0
0,174.8,86.6,37.4,207.9,27.8,1.25,37,1,1
0,135.1,74.3,27.1,93.8,26.3,0.636,21,1,0
6,140.0,86.8,21.2,35.6,43.0,0.671,22,0,1
0,151.9,70.5,27.4,207.8,29.3,0.574,45,1,0
0,108.0,72.3,20.5,1.2,24.4,0.813,36,1,0
0,125.4,66.0,30.4,159.5,26.2,0.167,21,1,0
4,100.8,81.7,17.4,79.3,29.6,0.612,21,0,0
0,128.3,82.2,19.1,143.6,26.6,0.442,28,0,0
4,140.6,75.8,21.0,41.3,25.1,0.235,37,0,0
0,122.7,64.6,15.1,168.0,28.6,0.449,56,0,0
0,139.9,59.2,32.4,68.7,24.1,0.181,27,1,0
2,95.0,77.3,26.3,266.8,32.6,0.211,71,0,1
0,133.5,96.1,38.4,98.2,32.0,1.032,41,1,1
3,162.0,70.7,33.1,102.1,43.6,0.355,51,0,1
0,93.7,74.2,35.1,80.0,21.3,0.39,40,1,0
3,139.5,67.8,30.9,44.1,30.2,0.629,49,0,0
0,130.4,74.9,21.3,18.9,41.9,1.327,65,1,1
0,131.3,61.5,32.8,20.8,34.2,0.614,45,1,1
6,182.8,78.5,36.7,22.5,28.2,0.952,32,0,1
3,127.6,70.5,20.0,15.6,31.6,0.393,47,0,0
2,100.8,64.8,24.7,5.0,30.1,0.359,33,0,0
3,135.2,61.9,22.7,48.9,26.2,0.349,29,0,0
0,99.5,71.5,22.0,0.8,32.1,0.311,27,1,0
0,124.4,54.2,28.1,157.6,39.9,1.059,28,1,0
4,95.0,82.3,11.1,1.8,37.5,1.018,55,0,1
4,161.4,72.8,17.1,63.5,29.6,0.127,27,0,0
6,95.0,93.4,29.6,97.4,36.8,1.263,66,0,1
0,131.6,71.8,28.1,156.8,34.2,0.673,41,1,1
2,119.0,73.0,10.0,0.6,30.8,1.046,27,0,0
0,146.8,66.4,28.1,104.0,43.8,0.724,49,1,1
2,166.2,74.2,28.7,71.6,23.5,0.548,47,0,1
2,109.8,75.9,6.7,54.5,25.1,0.239,39,0,0
0,141.7,68.0,27.3,28.6,27.0,0.293,29,0,0
5,101.6,83.9,31.7,141.7,39.9,0.36,48,0,1
0,95.0,89.8,46.9,30.0,36.4,1.089,61,1,1
0,85.7,58.0,25.3,30.2,31.3,0.386,54,1,0
3,95.0,75.2,25.1,89.6,40.4,1.525,57,0,1
0,81.5,75.2,22.7,40.6,27.7,0.455,32,1,0
0,121.1,91.5,25.5,14.7,35.5,0.459,35,1,1
3,102.6,70.8,17.3,35.4,25.6,0.148,37,0,0
0,154.2,61.8,18.9,18.5,20.7,0.642,27,1,0
0,111.9,100.4,24.2,17.0,28.8,1.407,57,1,1
5,149.8,66.2,29.8,32.0,26.8,0.767,62,0,1
0,115.5,57.1,12.0,2.4,26.9,0.103,21,1,0
0,114.5,80.5,28.8,55.8,42.5,1.322,45,1,1
0,200.0,76.1,18.1,94.0,31.4,0.51,54,1,1
6,153.7,50.0,29.2,23.6,43.7,0.707,54,0,1
5,136.3,83.7,19.6,54.5,35.6,0.697,49,0,1
0,145.1,73.8,28.1,148.8,19.9,0.685,42,1,0
1,140.5,70.2,15.6,26.0,32.8,0.736,50,0,0
5,131.0,82.4,17.9,59.9,31.2,0.439,21,0,0
0,101.5,61.6,28.9,7.9,24.9,0.08,24,1,0
0,85.9,70.5,25.4,1.6,26.2,0.701,56,1,0
0,70.0,72.5,15.9,30.0,30.6,0.355,33,1,0
2,93.4,56.4,10.8,35.1,27.2,0.318,35,0,0
7,126.6,90.1,17.3,108.2,32.8,1.364,55,0,1
2,122.9,68.5,16.9,198.1,28.9,0.195,26,0,0
2,113.8,80.3,9.7,34.5,30.1,0.828,21,0,0
0,77.1,65.3,7.6,220.4,34.0,1.076,31,1,0
0,170.1,70.0,29.5,33.0,36.9,1.305,51,1,1
0,164.3,82.7,29.2,91.5,46.6,1.118,45,1,1
0,124.5,88.1,19.2,65.0,34.4,0.586,54,1,1
0,106.2,57.2,17.5,132.0,34.6,0.608,21,1,0
0,101.4,55.7,16.5,73.7,32.1,0.485,21,1,0
5,200.0,80.5,14.3,14.4,47.5,1.602,42,0,1
0,134.5,73.6,27.9,291.3,36.2,0.503,49,1,1
0,121.6,47.8,25.9,31.4,21.6,0.36,21,1,0
3,141.7,57.6,30.7,69.9,34.8,0.302,39,0,0
0,146.9,68.5,38.1,4.1,29.9,1.098,58,1,1
2,90.7,65.0,9.1,296.1,31.7,0.643,39,0,0
2,112.2,52.1,13.1,16.1,27.7,0.12,34,0,0
0,116.0,74.2,36.6,5.2,30.4,0.292,36,1,0
3,84.1,71.4,23.7,117.7,39.2,0.628,40,0,0
0,118.6,81.9,16.0,18.3,34.4,0.164,38,1,0
7,114.1,79.4,12.7,53.0,34.8,0.508,69,0,1
6,95.7,85.3,28.7,151.8,19.4,0.7,24,0,0
1,107.0,73.6,33.9,39.4,36.7,0.908,32,0,0
0,180.1,71.7,27.9,156.5,26.4,0.324,34,1,1
0,120.3,72.2,21.5,1.2,26.8,0.46,33,1,0
8,163.7,71.3,25.3,65.0,34.2,1.459,40,0,1
0,192.8,61.6,27.3,132.8,39.1,1.742,51,1,1
0,108.5,82.8,27.5,2.8,34.3,0.231,37,1,0
4,103.8,71.3,31.1,1.6,32.2,1.089,40,0,0
1,142.4,72.4,27.0,20.1,32.2,0.08,51,0,0
3,114.7,60.1,18.1,78.6,21.1,0.78,34,0,0
0,95.2,89.0,26.7,25.0,24.9,0.411,22,1,0
4,117.2,71.8,12.7,9.4,19.2,0.244,33,0,0
0,89.7,71.9,19.6,96.8,27.7,0.32,23,1,0
0,154.8,95.2,14.1,21.6,45.5,1.309,58,1,1
2,144.5,92.8,21.2,88.4,25.3,1.64,68,0,1
5,124.6,75.0,33.5,188.8,33.0,1.232,48,0,1
0,129.5,58.3,18.0,33.6,24.0,0.311,22,1,0
2,77.2,71.8,16.8,20.0,24.6,0.755,38,0,0
0,112.3,98.7,23.1,13.2,26.2,0.31,34,1,0
0,70.0,74.3,8.6,279.8,27.5,0.325,27,1,0
0,103.5,66.5,17.0,12.6,23.4,0.506,27,0,0
0,108.5,72.0,15.5,25.5,23.3,0.515,33,1,0
0,182.6,81.2,25.0,0.6,31.8,1.11,43,1,1
2,129.6,85.3,31.8,104.7,26.4,0.569,43,0,1
0,102.4,66.1,29.5,5.3,18.5,0.706,21,1,0
1,96.3,60.6,16.5,239.8,24.1,0.425,39,0,0
7,162.2,70.4,44.0,132.0,44.4,0.455,57,0,1
2,130.8,71.2,22.8,69.8,29.6,0.161,37,0,0
0,151.0,71.4,32.9,118.8,19.8,0.166,25,1,0
0,93.7,57.2,10.0,112.7,30.0,0.535,33,1,0
0,169.4,87.6,34.0,294.5,42.8,0.571,44,1,1
0,137.2,86.5,25.7,135.6,25.3,0.425,21,1,0
3,113.5,59.0,30.1,0.6,25.7,0.301,39,0,0
0,112.7,68.7,27.8,72.7,37.6,0.939,52,1,1
0,121.4,89.5,29.0,171.0,39.9,1.048,52,1,1
0,127.5,75.4,24.2,54.0,32.0,0.3,46,1,0
0,142.4,80.5,24.4,292.7,42.5,0.742,42,1,1
2,98.3,68.4,26.0,57.8,33.6,0.566,32,0,0
1,104.7,72.2,11.7,0.9,30.7,0.475,40,0,0
0,127.9,68.8,30.9,9.3,33.5,0.316,30,1,0
0,94.7,72.3,17.0,91.5,30.6,0.34,31,1,0
0,103.6,68.5,14.8,66.5,39.2,0.425,37,1,0
0,101.9,89.2,40.5,71.2,23.6,0.416,35,1,0
0,95.0,77.8,37.0,171.8,36.1,1.069,61,1,1
0,70.0,63.8,13.6,30.5,39.1,0.486,34,1,0
4,80.3,56.6,5.6,82.6,33.9,0.127,39,0,0
0,145.2,90.0,38.7,600.0,25.2,0.998,73,1,1
3,131.6,71.6,21.5,15.7,29.5,0.089,37,0,0
0,148.3,101.5,18.3,1.2,27.5,0.6,32,1,0
1,192.2,88.6,29.3,3.4,38.5,0.684,49,0,1
0,116.3,78.0,26.2,44.4,35.8,0.52,42,1,1
4,113.1,77.2,27.8,247.7,34.7,0.483,53,0,1
5,122.7,68.9,11.8,100.1,27.7,0.608,32,0,0
2,127.1,67.6,21.7,10.7,26.2,0.687,43,0,0
4,122.8,68.3,43.0,60.2,30.4,0.768,56,0,1
6,167.2,91.8,23.0,11.7,47.9,0.855,42,0,1
0,103.4,73.7,6.3,63.6,24.5,0.13,43,0,0
0,156.8,45.0,28.6,12.4,26.5,0.305,31,1,0
4,145.0,78.5,26.9,185.5,30.6,1.134,50,0,1
3,126.8,64.5,27.2,361.2,35.2,0.505,45,0,1
2,116.1,51.6,27.1,7.6,26.7,0.346,24,0,0
0,115.4,83.0,11.0,62.4,27.1,0.448,49,1,0
9,161.6,80.9,46.8,22.1,40.8,0.47,65,0,1
0,70.0,73.6,22.9,11.9,29.2,0.966,42,1,0
0,98.1,53.9,24.0,6.3,27.8,0.242,30,1,0
1,129.7,75.0,23.8,15.5,24.7,0.642,34,0,0
5,119.9,89.2,27.0,142.8,36.8,1.06,49,0,1
4,78.6,72.6,27.2,17.2,26.1,0.861,33,0,0
1,165.7,73.2,23.1,45.4,29.6,0.255,21,0,0
4,129.9,57.1,22.0,135.8,22.9,0.533,46,0,1
0,150.2,65.3,38.9,9.1,22.5,0.791,50,1,1
3,122.2,69.5,18.0,31.9,36.6,0.885,54,0,1
0,173.0,76.9,19.3,182.9,40.1,1.022,54,1,1
0,93.1,71.5,16.6,52.4,35.5,0.111,45,1,0
0,140.7,53.2,19.5,71.2,29.3,0.499,36,1,0
0,137.3,72.8,27.7,4.5,31.8,0.747,66,1,1
2,108.9,61.4,25.0,56.1,24.8,0.301,52,0,0
0,152.3,95.1,33.6,271.9,33.6,0.6,59,1,1
0,99.6,69.1,22.0,22.7,27.0,0.257,31,1,0
0,87.8,81.9,16.6,176.5,20.1,0.457,41,1,0
2,85.4,51.7,20.1,65.0,27.9,0.613,27,0,0
0,107.7,71.6,27.1,93.8,27.0,0.151,33,1,0
3,80.8,63.7,23.1,105.6,27.5,0.08,33,0,0
2,118.2,80.4,33.2,33.7,25.8,0.655,54,0,0
0,110.7,68.4,34.9,26.9,24.6,1.015,31,1,0
0,107.1,73.2,17.6,96.2,27.8,0.425,23,1,0
3,110.2,81.0,21.4,7.8,24.6,0.856,33,0,0
2,96.8,73.7,14.1,17.9,27.4,0.643,29,0,0
6,176.5,62.3,12.6,113.2,46.2,0.777,48,0,1
1,88.3,49.8,21.4,37.4,40.7,0.344,21,0,0
3,89.7,78.9,21.6,184.9,31.8,0.146,43,0,0
0,112.4,83.8,17.8,21.6,27.9,0.453,33,1,0
0,101.4,74.7,16.7,7.0,30.0,0.282,28,1,0
0,94.9,80.9,4.0,55.1,30.0,0.465,45,0,0
0,168.4,61.0,26.8,8.7,35.5,0.516,72,1,1
2,144.7,64.5,24.4,156.0,42.1,1.263,40,0,1
2,184.2,72.5,22.2,103.3,33.9,1.078,34,0,1
0,82.7,63.6,11.9,43.1,21.4,0.345,31,1,0
0,95.7,71.9,11.4,127.4,27.9,0.603,27,1,0
3,70.4,85.9,17.4,38.7,34.0,0.502,47,0,0
5,95.0,68.0,45.9,150.9,36.6,1.075,29,0,1
3,121.4,66.8,15.7,0.7,29.2,0.41,35,0,0
0,189.7,80.5,17.0,13.6,39.1,0.52,46,1,1
0,117.3,64.7,23.5,82.4,25.4,0.08,33,0,0
3,148.6,63.8,33.2,28.3,31.9,1.43,47,0,1
2,108.8,63.9,0.0,48.3,18.5,0.163,23,0,0
0,127.6,75.7,15.7,95.5,30.3,0.313,22,1,0
1,167.2,82.9,22.1,60.0,23.4,0.429,44,0,0
0,77.6,68.2,18.8,68.1,34.4,0.1,25,1,0
3,97.2,64.0,27.8,145.3,32.3,0.355,35,0,0
0,128.7,75.1,27.4,9.0,32.6,0.398,38,1,0
6,160.6,74.6,24.2,205.5,36.0,1.407,40,0,1
7,165.5,83.9,42.8,171.6,34.9,0.743,72,0,1
0,104.0,70.2,17.9,304.9,36.2,0.885,58,1,1
4,82.7,58.6,26.5,46.4,28.3,0.811,53,0,0
0,88.2,60.8,10.9,5.3,36.9,0.492,36,1,0
3,122.9,71.1,26.3,65.0,33.4,0.56,46,0,1
0,116.2,84.3,20.9,20.2,22.4,0.515,38,1,0
0,168.9,87.8,27.2,82.5,37.9,0.979,41,1,1
0,133.1,54.5,22.6,90.5,33.8,0.313,31,1,0
0,156.1,82.1,32.9,79.5,41.3,1.144,50,1,1
2,112.2,61.1,23.0,113.3,28.8,0.155,22,0,0
5,129.8,72.2,10.5,145.4,32.8,0.806,55,0,1
0,119.0,45.0,5.5,11.2,24.1,0.37,34,1,0
1,81.1,80.6,23.4,21.2,18.5,0.177,35,0,0
0,87.7,69.7,8.3,17.2,34.4,0.313,55,1,0
2,113.7,63.9,27.3,4.9,30.6,0.378,32,0,0
3,118.4,77.6,16.1,93.4,20.0,0.081,58,0,0
1,99.0,76.8,10.2,82.6,26.5,0.872,33,0,0
2,126.1,85.6,34.5,86.0,32.9,1.751,40,0,1
0,121.7,67.6,18.8,10.8,33.3,0.375,45,1,0
0,95.0,48.0,14.8,12.6,38.2,0.373,32,1,0
6,157.9,69.5,28.4,123.6,37.3,1.205,33,0,1
1,145.4,57.8,21.0,116.3,33.8,0.686,50,0,0
5,183.5,81.5,18.2,10.7,43.7,1.06,45,0,1
0,83.1,79.6,24.3,131.5,26.9,0.306,23,1,0
8,149.0,59.2,38.5,28.0,34.1,0.568,59,0,1
3,116.9,81.0,14.1,17.4,26.7,0.156,34,0,0
8,137.9,84.7,41.8,3.1,31.9,1.034,42,0,1
5,91.6,62.3,11.6,24.7,29.3,0.299,26,0,0
0,106.8,64.1,10.9,4.5,34.3,0.476,27,1,0
6,116.8,92.6,17.9,110.7,37.5,0.969,58,0,1
2,77.7,80.1,22.6,11.6,30.7,0.428,27,0,0
4,195.3,85.1,22.5,203.8,34.1,0.59,69,0,1
7,70.0,64.5,11.5,208.2,22.2,0.147,37,0,0
0,107.9,75.0,10.7,3.2,33.7,0.18,27,1,0
1,82.9,70.5,20.2,112.2,26.0,0.46,21,0,0
3,87.6,67.8,14.0,8.2,37.2,0.676,24,0,0
0,123.3,62.0,23.0,111.9,26.8,0.377,35,1,0
4,161.5,72.0,32.8,146.9,42.4,0.194,53,0,1
0,113.3,60.5,16.5,23.0,27.4,0.649,21,1,0
0,128.0,73.0,33.3,288.8,42.1,0.775,40,1,1
1,114.0,57.8,20.0,94.9,34.6,0.434,26,0,0
0,74.6,76.3,26.5,23.4,35.4,0.421,24,1,0
2,123.8,69.2,21.9,5.8,33.9,0.157,29,0,0
3,142.3,68.7,33.0,23.8,44.7,0.965,36,0,1
0,95.0,92.3,25.2,33.9,41.7,1.088,64,1,1
0,120.3,64.1,18.9,44.1,40.0,0.501,21,1,0
4,96.0,67.0,25.2,28.0,35.1,0.605,25,0,0
3,80.6,64.8,12.5,22.5,34.3,0.26,32,0,0
0,78.0,53.1,23.6,111.3,37.1,0.399,38,1,0
0,142.2,68.7,40.5,1.2,43.3,0.868,63,1,1
6,152.7,70.3,39.4,77.3,28.0,0.405,42,0,1
0,154.7,57.1,35.6,344.8,38.1,0.663,62,1,1
0,121.3,60.0,18.9,85.8,37.7,0.57,48,1,1
4,136.8,71.7,40.3,12.7,43.8,0.453,59,0,1
